abciximab;acyclovir;alteplase;amiodarone;amlodipine;amoxicillin;ampicillin;angiotensin II;argatroban;aspirin;atorvastatin;atracurium;azithromycin;bisacodyl;bivalirudin;bumetanide;captopril;carvedilol;cefazolin;cefepime;ceftazidime;ceftriaxone;ciprofloxacin;cisatracurium;clindamycin;clonazepam;clonidine;desmopressin;dexamethasone;dexmedetomidine;diltiazem;diphenhydramine;dobutamine;dopamine;enoximone;epinephrine;epoprostenol;eptifibatide;erythromycin;esmolol;felodipine;fentanyl;fluconazole;flumazenil;furosemide;gentamicin;glycopyrronium;haloperidol;heparin;hydrocodone;hydromorphone;hypromellose;ketamine;ketorolac;lansoprazole;lepirudin;levetiracetam;levofloxacin;lidocaine;linezolid;lorazepam;meropenem;methadone;methylprednisolone;metoclopramide;metronidazole;micafungin;midazolam;milrinone;mirtazapine;morphine;neostigmine;nesiritide;nicardipine;nimodipine;nitroglycerin;nitroprusside;norepinephrine;octreotide;pancuronium;pentobarbital;phenylephrine;phenytoin;piperacillin;procainamide;propofol;ranitidine;rocuronium;simvastatin;spironolactone;succinylcholine;sufentanil;sulfamethoxazole;thiopental;tirofiban;tramadol;tranexamic acid;treprostinil;triamterene;vancomycin;vasopressin (USP);vecuronium;warfarin;xylometazoline
ReoPro;Xorox;Cathflo Activase;Amdarone;Norliqva;Amoxi Clavulan Pur;Agpen;Giapreza;Dabei;CLPIDO-A;Atorvastatine Eurogenerics;TRARIUM;Azithromycin AB;Bet-R-Prep;Bivalirudin Accord Healthcare;Bumetadine;Acepril;CADILMAX;Tokio;Painaixin;Ceptaz;CEFTRI M;CIBID;Cisatracurium Actavis;NEOTACIN;Rivotril;Dixarit;Noctiva;DEXADERM;Precedex;Adizem-XL;Paedamin;DOBUMINE;Dominin;Perfan;Adrenaject;Flolan;Integrilin;ERYTHIN;JEIL BREVIBLOC;AFDIPIN;Fenhuma;Femzol-1;Laiyi;Dryptal;Vetaderm;Enerzair;Kentace;Aknereduct;Qual-Tussin DC;Palladone-SR;NOVARTIS METHOCEL;KEIRAN;KETOLACIN;ELPRAN;Refludan;Levefintaic;CRAFLOCIN;Lidocan;Nezolid;Lora-Pita;BAROPENEM;Methex;Metigalen;Aspramide;LOMEX;Mycamine;Midavel;Lunanlikang;REMERON SOLTAB;Arymo;Miopin;Natrecor;Nicadirus-L;Buruixi;Nitrocine;Nitropress;Noradrenaline Aguettant;Bynfezia;Pavulon;Nembutal;Easeacold;Epanutin Ready-Mixed Parenteral;NEWZOCIN;Pronestyl;NEWFOL;RA-BS;ROCURIN;BYSIMVA;SPIROZIDE;Pantolax;Sufentanil Hameln;SULPRIME;Ravonal;Aggrastat;Iptramol;Rikavarin;Orenitram;Maxzide;GREENCO;Pitressin;Xianlin;WARFAR;ZYCOMB
CLOTINAB;ACYCLO;Actilyse Cathflo;Pacerone;Olmekar;Axycillin;Penbritin;;Exembol;K-CLO;ALTOVA;Saijining;AZITHROWON;Veracolate;Taijianing;Weixinhong;Captoruna;CARDIOL;Rasenazolin;Ruoneng;Modacin;Rozeclart;CIPRENIT;Nimbex;Benzaclin;Valpax;Catapres-TTS-2;MONARIN;OPTIDEX;Sedexodine;Britiazim;Benadryl Allergy Plus Congestion;Aowanyuan;Catabon;;Ultacan;Veletri;EPTIFIBATIDE ACCORD;GRENDACINE;Brevibloc;DIRODIL;Fentanyl-Piramal;ARCNAZOLE;Flumazenil Atv;Frusemek;BETAGEN;Cuvposa;Dozic;Dolorgiet;Maxidone;Narusus;Moisture-eyes;Vetalar;VITOLAC;HUPZOLE;;Leveriuol;ELFOXACIN;LidoPro Pain Relieving Patch;LINEZOLIDE ARROW;Luola;HYPENEM;Methadose;Methylpred;PANTASE-M;TRONAL;Funguard;Midazolan;Milrinon Rotexmedica;Paidisheng;PHARMA MS;Robinul-Neostigmine;;Perdipine;Yundien;Deponit;Nipruton;Anaesthol;Mycapssa;Pancuronium Hikma;Kassiodon;Demazin;Hydantol;PIRAZOCIN;Amisalin;Propofol-Lipuro;ALBITHUS;Rocuroniumbromid Hameln;CHOLETATIN;Noidouble;Succicuran;SUFENTANIL EUROCEPT;TS;Thiopental Rotexmedica;Aikate;ACETRADOL;Tajiushu;Treprost;Co-triamterzide;Vancocin Matri;VASOPRESSIN HANLIM;rcuron;Coumadin;Triaminic Decongestant
;CLOBIG;Activacin;Amidox;Amvas;Amiloxyn;Vidopen;;Novastan;ASPIDIDE;ATODIA;ATRACURIUM HOSPIRA;MACROMAX;Alophen Reformulated Jan 2008;Angiomax;Fordiuran;Dowpril;CAVETIL;Kefzol;Lisiping;ZAVICEFTA;Cefxone;CIPXACIN;CISATRACURIUM HOSPIRA;C/T/S;Clonazepam Neuraxpharm;Catapres-TTS-3;DDAVP;SINPOLE;Dexased;Tildiem;After Sting;Dobutrex;CJ DOPAMINE HCL PREMIX;;FD CAINE;EPOPROSTENOL INTSEL CHIMOS;Hanan;Benzamycin;Ailuo;FELOBAL;Sublimaze;DICAZOLE;Flumazenil Hameln;Frusol;SEPIDERM;Sialanar;Neoperidol;Hemeran;SymTan A;Hydromorphon Dura;GenTeal;Ketamin Hexal;CERASIN;LANSPAZOLE;;Q-PAM XR;LEFLOXA;Bruselix;Gramposimide;Serenase;YUHAN MEROPEN;Martindale Methadone DTF;CELCOR;Maxolon;MetroCream;Mikaimin;Midafresa;Milrinon Stragen;Mierning;M-Eslon;Eseral;;Beilining;SAMJIN NIMODIPINE;Sustac;Nipride;Meaverin;Yipubishan;Pancuronium Duplex-Actavis;Migrexa;Paedamin;Glyboral;TARPECIN;Novocamid;Leweijing;ALTIMO;ROCUMERON;EBSIMVA;Spilactone;Myo Relaxin;SUFENTANIL RENAUDIN;Septrin;Intraval Sodium;TIROFIBAN MEDAC;ACETRADOL SEMI;Properly;Ruimodulin;Frusene;Vanco;Neo Lidocaton;Vecure;Marfarin;Otrivine Congestion Relief
;CYCVI;Lysatec Rt;Darmil;Olmesartan / Amlodipin / HCT Mylan;SULTAM-A;Omnipen;;Nuobaositai;NEW CLOPINE DUO;ATORSAN PLUS;Atracurium Hexal;ZIMAX;Modane Reformulated Sep 2008;Angiox;Langqing;Captopril 1a Pharma;DICAVE M;Cefazolin Saar;Luoxinwei;Ansaitamei;Ceftriaxon Azu;MILPROXS;CISATRACURIUM PFIZER;Clinda-Derm;Antelepsin;Clonidin Awd;Stimate;TOBIANDEX;Dexdor;Tiamate;Duratuss AC 12;HANA DOBUTAMINE HCL;DOPAMINE DAEWOO;;Sus-Phrine Injection;Solution only for dissolving Flolan;Eptifibatid Mylan;Erygel;Aoyixin;Neofel XL;Recivit;FLRUNA;FLUMAZENIL PANPHARMA;Furocot;TRIMASONE;Robinul-Neostigmine;Elaubat;Hepaplus;Cytuss-HC NR;Hydromorphon Hameln;Goniosoft;KETOMIN;KEROLA;SOPRA;;EPILPRA;LEVOFL;Logicin;Linezolid Ratiopharm;Lorazepam EG;Meropen;Methaddict;JEMANS;Metramid;Metrosa;;Seizalam;Milrila;Mirtazapine Apotex;Oramorph;NEOSTIGMINE METHYLSULFATE DAIHAN;;Yuluotong;NIMODIPINE REYON;Nitro-Dur;Nipride;Xylocitin;Octreotid Hameln;Pancuronium-Actavis;Neodorm;Logicin;Zentromid;TASOZIN;Procanbid;Dishining;ALTRI;ROCURON;EZEVATIN;Merlactone;Succinyl Asta;Sufenta Mite;Cotrim;Thiopental Inresa;Tirofiban Ibisqus;ALPHACET;Lysteda;Remodulin;Betathiazid;Vanco Saar;Pressyn Ar;VECRON;Marevan;Sudafed Mucus Relief
;Zovirax;Activase;Amiodarex;Katerzia;ACLA;Principen;;ARGANOVA;Anacin Advanced Headache Formula;ATOSTAR PLUS;Atracurium Deltaselect;ZITH M;Bisa-Plex;;Shutong;Captopril Axcount;Carvedilol JD;Gramaxin;Xiankang;Ceftazidim Mip;CEFTREE;TELBICINE;CISATRACURIUM TEVA;Duac Once Daily;Dom-Clonazepam-R;Clonid Ophtal;Minrin;TOB TWO;Dexdomitor;Cardizem;Triaminic Night Time Cold & Cough;DOBUTAMINE PANPHARMA;DOPAMINE PIERRE FABRE;;E-Pilo-2;EPOPROSTENOL SANDOZ;;Erymax;ESBLOC;Felodipine EG;Matrifen;FULUCONAL;Flumazenil Hikma;Frusetic;Ocu-Mycin;Glycopyrroniumbromid Accord;Haloperidol Ratiopharm;Heparin Arnika Mao;Lortab;Hydromorphon Hcl 1a Pharma;Lumen C;KETAMINE RENAUDIN;Acular Augentropfen;Prevacid;;KINEPTIA;Quixin;Seda;LINOXAZOL;Am Lorazepam;KIRAVEM;Dolophine;MEPRE;Metoclomex;Neutratop;;Duomeikang;Primacor;Zispin;Sevredol;Novistig;;HUONS NICARDIPINE;Nimotop;Nitrong;Nitopro;Levophed;OCTREOTIDE KABI;Pancuroniumbromid Rotexmedica;Repocal;Sinutab;DI-HYDAN;UNIPERATAM;Procainamid Abl;Propofol B. Braun;BISCRAEL;ROCURONIUM HOSPIRA;SIMVAETI;Aldactazine;SUXAMETHONIUM AGUETTANT;Sufentanil Hikma;Bacter-Aid;Pentothal;Xinweining;ATMASET;HUONS TRANEXAMIC ACID;Trepulmix;Cardiotensin;Vancomycin Riemser;Vasostrict;Norcuron;JEIL WARFARIN;Otrivine Adult
;Galpharm Cold Sore;Actilyse;Amiodaron Carino;EX-ONE R;ACLAON;Totacillin-N;;NOTROBIN;Fasprin;AUCOVASTA;ACRIUM;ZITHROMIN;Correct (New Formula);;Burinex;Captopril Gry;Keweide;CEFOZOL;Kaluoxin;Ceftazidim Ratioph;CJ CEFTRIAXONE;Ciproxin;Cisatracurium Accord;Treclin;Mylan-Clonazepam;Combipresan;DESRIN;VICLEAN;Igalmi;Cartia;Theraflu Multi Symptom;DOBUTAMINE SILCAR;CJ DOPAMIX;;E-Pilo-4;Epoprostenol Rotexmedica;;MY-E;ESMOCARD;Felo Puren;E-Fen;SELFNAZOLE;Flumazenil Deltaselect;Frusene;Gentafix;Assicco;Sigaperidol;Heparin Dihydergot;Relasin-HCX;Hydromorphon Hcl Heumann;Ultra Tears;Vetaket;Ketovision;Taiproton;;LEVIEPIL;Levaquin;Workvie;LINEZOLIDE PANPHARMA;Punktyl;Meronem;Metharose;METHISONE;Peraprin;Asuzol;;MIDAZOLAM ACCORD;COROTROPE;Mirtazapin Isis;Zomorph;NEOS;;LOXEN;Yuangan;Nitrostat;NITRIATE;Sinora;Octreotid Bendalis;Pancuronium Inresa;Socumb;Wal-Profen Congestion Relief and Pain;Phenytoin Awd;Yitan;Apo-Procainamide;Propoven;ENPIS;Rocuronium Tamarang;SIMVAPLUS;Spiro D;Lysthenon;Sufentanil Narcomed;Gantanol;PENTOTAL SODIUM;Tirofiban Ac;ATRAPEN;TRANSAMIN;Tyvaso;Esiteren;DONG-A VANCOMYCIN HCL;;ECHICURON;KUFARIN;Otrivine Allergy Relief
;Duvimex;Cathflo;Amiohexal;ADIES;ACLAON DUO;Penbritin Forte;;Slonnon;Alka-Seltzer Plus Cold and Cough;DIVASTIN;Atracurium Hikma;ZITHROTEC;Fleet Bisacodyl;;Bumex;Captopril Hct Stada;Kailuo;Cefazolin-Mip;Renapime;CEFAZIME;MYUNGMOON CEFTRIAXONE SODIUM;Ciprodex;Cisatracurium Noridem;Dalacin;Riva Clonazepam;Clonistada;ENURINE;Maxitrol;Dexmedvet;Optil XL;Paxidorm;Dobutamin Carino;Kakodin;;E-Pilo-6;EPOPROSTENOL ARROW;;A/T/S;;Felodipin Awd;Durotep;FLUZONE;FLUMAZENIL AGUETTANT;Fru-Co;Gentisone;Dartisla;Xyduril;Heparin Funcke;Hydro-Tuss XP;Hydromorphon Hcl Puren;Tearisol;Ketaved;Apo-Ketorolac;Tapizol;;Keppra;Evoxil;Gold Bond Pain and Itch;LINEZOLIDE SANDOZ;Somagerol;Meropenem Puren;Mephenon;METHYSOL;Folicron;Miertuo;;MIDAZOLAM AGUETTANT;Milrinon Hikma;Mirtazapin Kwizda;Oramorph SR;Atvagoreverse;;NICARDIPINE AGUETTANT;Jili;Nitro-Par;Nipruss;Xylestesin;Octreotid Hexal;Pancuroniumbromid Ratiopharm;Euthasol;Poly Hist Forte;Apo-Phenytoin;Yijun;Procan;Propoflo;JANDARK;Rocuroniumbromid Hexal;SIMVAZOCOR;Spiro Pa;Quelicin;Dsuvia;Daiphen;Trapanal;Tirostat;CONTRA;TRENZAMINE;;Hypertorr;VANCOZIN;;Musculax;Nu-Warfarin;Rhinivex
;Lloydspharmacy Cold Sore;Grtpa;Cordemcura;ALPHAFORGE;AMONEX;Viccillin;;AGARON;Extra Strength Bayer;GADUE;Tracrium;Azitromax;Numark Constipation Relief;;Lunetoron;Captopril Heumann;Jinluo;Xintailin;ALVOGEN CEFEPIME HCL;YUNGJIN CEFTAZIDIME;CEFKIZON;Cipro HC;Cisatracurium Normon;Kaifufei;Landsen;Apo-Clonidine;DEMORESIN;Ocu-Trol;Leweijia;Zemret;Dytan-CD;Posiject;Yaelista;;Octocaine with Epinephrine;EPOPROSTENOL PANPHARMA;;Pediazole;;Felodipin Azu;Cynril;Diflucan;FLUMAZENIL TEVA;Frusamil;Gentamicin Redibag;Utibron;MYUNGIN HALOPERIDOL;Heparin Heumann;M-End Liquid;Hydromorphon Stada;Evolve Hypromellose;Keta-Thesia;Novo-Ketorolac;Takepron;;Matever;Tavanic;Salonpas Lidocaine Plus;Lineurlub;LORAZEPAM MYLAN;NEOPEM;Depridol;NTF;Dibertil;Rosaced;;Midazolam Pfizer;Unacor;Mirtazapin Pharma;Roxanol;Vagostigmin;;Cardene;Nidaer;Nitroquick;Nitroprussiat Fides;Noralin;Sandostatin;;Bella Sanol;Sudafed PE Head Congestion Plus Pain;Novo-Phenytoin;Piperacilline / Tazobactam EG;Coritrat;PROPOFOL FRESENIUS;KBIS;Rocuroniumbromid Hikma;VAROZET;Spiro Tk;Anectine;ZALVISO;Feinaan;Pentothal Ready To Mix;Tirofiban Hexal;DANOPHEN SEMI;Tranexamsaeure Carino;;Resex;HANOMYCIN;;VERONI;Novo-Warfarin;Nuso-San
;Clsore;;AMIODARONE AGUETTANT;AMBESK S;ARI ACICLAN;Yunasupin;;TROMBAN;Acuprin 81;HIGHDUET;Atracurium Atv;Zithromac;Bekunis;;Youbuding;Captopril Pfleger;Carvedilol Wolff;Baktozil;MYUNGMOON CEFEPIME;CEFTAZIDIME GERDA;CEFREX;Ciproflaxacin;Aj-Cisatracurium;Aolixian;WHANIN CLONAZEPAM;Ntp-Clonidine;OVEA ODIFS;Ciprodex;Dexmedesed;Zemtard;Dytan;Anchang;Cardiosteril;;P3E1;Epoprostenol Normon;;Sulfimycin;;Felodipin Heumann;Onsolis;Lloydspharmacy Thrush Oral;Flumazenil Hexal;Disal;Endurance Gentamicin cement;Ulunar Breezhaler;Haloper-Ct;Hepathrombin;Hydrotuss HC;Hydromorph Contin;Ts Naturale;Keta Hameln;Nu-Ketorolac;Lansap;;LEVETIRACETAM KRKA;Levofloxacin BT;CidalEaze;Linezolid Accord;TEMESTA;NEWROPENEM;Methadon Neuraxpharm;PREZIMIN;Gastrotem;Tryplera;;Apo-Midazolam;Apo-Milrinone;Mirtazop 1a Pharma;Infumorph;Mypilin;;Apodipine;Yifulin;Ethex brand of nitroglycerin;Cora-Bosan;NORADRENALINE;Sandostatin LAR;;Omca;Benadryl Allergy Plus Congestion;Tremytoine;Ab Piperacillin;Rhythmochin I;PROPOFOL PANPHARMA;RABISCAN;Rocuroniumbromid Hospira;Zocor Ht-Pro;Spirodigal;Relaxin;SUFENTAL;Feian;;Tirofiban Hikma;GREENCET SEMI;Cyklokapron;;Triampur;ALLVANCO;;Wankesong;Taro-Warfarin;Gelonasal
;Natazil;;AMIODARONE BIOGARAN;AMLOBA S;ARI ACICLAN NEO;Ampicillin Ratioph;;NOVASTAN HI;Aspirtab;LITOR;Atracurium Hameln;Mingqixin;Axea Lax;;Huiyuan;Esparil;Carvedilol Actavis;Cefazolin Eberth;AXEPIM;CEFTAZIDIME SANDOZ;CEFTRIXONE;Xipuxin;Cisatracurium Hameln;Kexinlin;Apo-Clonazepam;Nu-Clonidine;DENIRIN;Aeroseb-Dex;Sileo;Herbesser;PediaCare Children's Allergy & Cold;Dobutamine EG;DOPAMIX CJ;;P4E1;Caripul;;Ilosene Forte;;DILOPIN;Fentanyl 1a Pharma;Fulkazil;Romazicon;Durafurid;Gentacin;Novistig;Apo Haloperidol;Praecivenin;Procet;HYDROP;Hypromol;Ketathesia;KENTORAC;LANSOPRAZOLE BGR;;Lingertong;Keding;Preparation H Rapid Relief;Linezolid Demo;Tavor;MEPINEM;CHLORHYDRATE DE METHADONE ASSISTANCE PUBLIQUE;Meizhuole;Hyrin;rzol;;Miprosed;MILRINONE MEDAC;MYUNGMOON MIRTA;RMS;JEIL NEOSTIGMINE METHYLSULFATE;;Kashutai;Pingdaer;Gonitro;;Norepine;Shengaoding;;Belcomp;PHENEPHRINE;PHENIBITAL;Piperacillin Exal;Rhythmochin Ii;Anesia;RABIT D;Rocuroniumbromid Mylan;Cholib;Spirogamma;CELOCURINE;SUFENTANIL MYLAN;Yibifu;;;KONTRAM;Hexatron;;Triazid;DONGKWANG VANCOMYCIN;;VECARON;Jantoven;Imidin
;Actidas;;AMIODARONE CRISTERS;AMLODA;AUGME;Ampicillin Und Sulbactam Ibisqus;;Argatra;Azdone;RADUET;ATRA;Zeqi;Boxogetten;;Baichang;Jucapt;Carvedilol Aurus;Cefazolin Mip;CEFEPIME GERDA;CEFTAZIDIME TEVA;CERIXON;Jiake;Cisatracurium Ratiopharm;Longkeduo;Phl-Clonazepam;Catapres;Desmopressin Teva;De-Sone LA;;Hemarekeat;Benadryl;Dobutamin Hameln;INOPAN MYUNG MOON;;Zorcaine;;;E.S.P.;;FELODIPINE BINEX;Fentanyl Am;Prodif;LUZENIL;Furosemid Hameln;Dermosol;Prevduo;Ratio-Haloperidol;Prothromplex S;Hy-KXP;Palladone SR;Artelac;HUONS KETAMINE HCL;Toradol;Dakar;;Mingsheng;Duoqing;ANESTAR;Linezolid Farmaprojects;Apo-Lorazepam;OMNIPENEM;Methaliq;Youjin;Metoclopramid Al;Kreucosan;;Nayzilam;Corotrop;REMIXIL;Shinikang;Neostigmin-Rotexmedica;;Peier;Haimenghui;Rectiv;;NORADRENALINE JAYTECH;Yipuning;;ENTOBAR;Extendryl G;Euthasol;Piperacillin Ratiopharm;Stenocardin;Propofol Hexal;REBAVIS;Rocuroniumbromid Pfizer;Lipozart;Spironolacton Accedo;SUCCICHOLINE;Sufenta Epidural;Shulanxin;;;LITE ULTRA SEMI;Kaweian;;Duradiuret;VANCOMYCINE MIP;;;Narfarin;Medicon
;Aiweida;;AMIODARONE MYLAN;AMLOST;AUGMEN DUO;Amblosin;;;Bufferin;Caduet;ACULEX;Yarui;Bisacodyl Aiwa;;Xindi;CAPRIL;CARVELIX;CEFAMEZIN;CEFEPIME MYLAN;FORTUMSET;DAEHWA CEFTRIAXONE;Xifuhuan;CISATRACURIUM KABI;Jieli;Phl-Clonazepam-R;Combipres;Desmogalen;Decadron with Xylocaine;;Optil;Antihist;DOBURAN;UDOPA;;Twinject;;;Ab Erythromycin;;KEYDIPIN;Fentanyl Ct;Yilikang;FLUNIL;Fumarenid;Rinderon;Glyrx;Nu-Haloperidol;Thrombo Enelbin;Relacon-HC;Naruvein;Xinleiran;Ketamin Inresa;KETRO;Lansoprazol Actavis;;Boling;Suluo;ANGELCAIN;Linezolid Glenmark;Pro-Lorazepam;MEROPENEM KABI;Misyo;Depo-Medrol + Lidocaine;Mcp Axcount;Metrobac;;Hypnovel;Milrinon Carino;YUNGJIN MIRTAZAPINE;Meifeikang;Neostigmine Omega;;BINICAPIN;Nimodipin Hexal;Adenovasin;;Q-PHRINE;OCTSTATIN;;Nova Rectal;Preparation H Cooling Gel;Citrullamon;Piperacillin Tazobactam Stragen;;Propofusor;RUBISDI;Rocuronium Bromide Sanodoz;Saifuding;Verospiron;SUXAMETHONIUM BIOCODEX;Sufentanil Medipha Sante;Feilude;;;MULTICET SEMI;EXACYL;;Riva-Zide;VANCOMYCINE MYLAN;;;WARFARIN DAEHWA;Nasenen Al
;Jiminweixin;;AMIODARONE ZENTIVA;AMNOPEN;AUGMENTO NEO;Lumota;;;Buffex;ATORVASTATINE PFIZER;Atracurium Crm;Shumeite;Bisacodyl Fair Med;;Changze;CAPTOPRIL CRISTERS;CARVEOL;YUHAN CEFAZOLINE;CEFEPIME PANPHARMA;Ceftazidim Hexal;ILSUNG CEFTRIAXONE;Qiulu;CISATRACURIUM MYLAN;Zhifubao;Nu-Clonazepam;Catapres-TTS-1;Desmospray;Dexacort-LA;;Matzim;Beldin;DOBUTAMIN HCI MYUNGMOON;TROPIN;;Scandonest 2% Special;;;Aknemago;;HALOPIN;Fentanyl Fz;Wenqing;NEWZENIL;Furo Basf;Aoqing;MYUNGMOON MOBINUL;Haldol;Venofuc;Efasin-HD;Ruining;Beiran;Ketamin Rotexmedica;TARASYN;LANPRA;;Kepmini;Dafentaixing;EMTUKAIN;Linezolid Hetero;Lelaan;Meropenem Dr. Eberth;Physeptone;Metycortin;Mcp Ct;Metronid Puren;;Buccolam;;MIRTAZAPINE RATIOPHARM;Morcap SR;Pms-Neostigmine Methylsulfate;;Radistmin;Yifuzheng;Alphavirgin;;NOREPIRIN;SIROCTID;;Novo-Pentobarb;Qual-Tussin DC;Cusitan;Piperacillin Tazobactam Teva;;AQUAFOL;SBRD;Zemuron;Kadike;SPIRACTON;Pantolax-Actavis;SUFENTANIL PANPHARMA;Bactoreduct;;;MYTICET SEMI;Zamic;;Pro-Triazide;VANCOMYCINE SANDOZ;;;Mylan-Warfarin;Nasenen K Hex
;Hegu;;Cardinorm;ANYTENTION;AUGMEX DUO FORTE;SYNERTAM;;;Fiorinal with Codeine;Trinomia;;Weilude;Dialax;;;CAPTOPRIL EG;KARTER;Cefazolin Hospira;Cefepim Mip;FORTUM MONO;LG CEFTRIAXONE SODIUM;Baycip;CISATRACURIUM SANDOZ;Clindamycine EG;Teva-Clonazepam;Nexiclon;DESONYX;Neo-Dex;;Adizem-SR;Belix;DOBUTAMINE HCI PREMIX;DOPAMINE AGUETTANT;;Septanest;;;Aknefug;;HUNIZ FELODIPINE;FENTANYL CITRATE GUJU;Hongxuguang;LUMAXATE;Oedemase;GentaVed;Ultibro Breezhaler;Buteridol;Varico Sanol;Med-Hist-HC;Hydrostat;Augverz;Ketamin-Actavis;SAMSUNG KETOROLAC TROMETHAMIN;LANSATON;;Levetiracetam 1a Pharma;Laimeixing;FD CAINE;Linezolid Rotexmedica;Lorazetop;Meropenem Eberth;Eptadone;J-SOLONE;Mcp Lyssia;Metronidazol Rapid;;Liyuexi;;MIRTAZAPINE ZENTIVA;Dropizol;Prevduo;;Isedipeal;Entong;Baldronit;;Scandicain;OCTREOTIDE ARROW;;Somnasol;Re All 12;PHENYTOIN BUKWANG;TAZO V;;Diprivan;WIBICS;Esmeron;Xinke;SPIRONOLACTONE ACTAVIS;;Sufenta;Bactr;;;PARACET SEMI;Menstralite;;Penta-Triamterene Hctz;Vycin;;;Apo-Warfarin;Nasenspray Hemopharm
;Youkang;;Amiodaron Hcl Stragen;ARI DUO;AUGMOX;AMBACTAM;;;Fiormor;Totalip;;Puleqi;Lax Makol Mono;;;CAPTOPRIL QUALIMED;CARDIREN;Cefodinin;Bindozef;Tazicef;PORIXONE;Ciprofloxacin Accedo;Cisatracurium Pharmathen;ClindaRobe;Klonopin;Clonidin Ratiopharm;NEWLITAN;Poly-Dex;;Diltiazem Basics;Dermarest Anti-Itch;DOBUTAMINE HCL HUONS;MYUNGMOON INOPAN;;Lignospan Special;;;Clinesfar;;HYPER;DUROGESIC D-TRANS;Libangtaining;FLUMAZENIL KABI;Spiro D;Dexagent Ophtal;Ultibro;Duraperidol;Vetren;Amtussin;Hydromorphon Awd;Teardew;Zetamine;KETORAC;LANSOZOLE;;Levetiracetam Acis;Anfanzheng;LIDO A PLUS;Apo-Linezolid;Duralozam;Meropenem Regiomedica;Methasan;MEDNIRONE;Mcp Ratiopharm;Metronidazol Ratiopharm;;Midaselect;;NORSET;M Dolor;Prostigmin Bromide;;Nisutadil;Younixin;Hypercoran;;Hostacain;Octreotid Gp-Pharm;;Euthaphen;Tusso-XR;SAMJIN PHENYTOIN SODIUM;ACOPEX;;Depulima;WITO D;Rocuroniumbromid Bme;Bozhantong;SPIRONOLACTONE ALTIZIDE E;;Sufentan;Cotrim 1a Pharma;;;PEINTRA;Transabon;;Dyta-urese;Vancomycin Dr. Eberth;;;Warfilone;Nasenspray Ipa
;Aciclovir 1a Pharma;;Amiodaron Winthrop;ATODIA;AUGSULTAM;BACTACIN;;;Major-Cin;Atorbem;;Paiqi;Laxagetten Ct;;;CAPTOPRIL SANDOZ;CAVEDIL;Elzogram;Yuekangkaixin;Kangmaixin;CEFARIN;Ciprofloxacin Ibisqus;Cisatracurium Omega;Clinsol;Klonopin Wafer;Dimapres;DESPRIN;Tobradex;;Diltiazem Eu Rho;Diphenadryl;TOBUREX;Tsurudopami;;Rexocaine;;;Clinofug;;ZIRODIPINE;FENTANYL HANLIM;Shuangweiduqing;FLUMAZENIL MYLAN;Spiro Pa;Duragentam;Qbrexza;Haloneural;BM HEPARIN SODIUM;Anolor DH5;Hydromorphon Hcl Acino;Teargen II;Ketaset;Omidria;DAPURA;;Levetiracetam Biomo;Weifuduo;PRICAIN;Zyvox;Lorazepam Heumann;Meropenem Stada;Biodone Forte;METHYLSOLON;MAXOZYME;Metronidazol Sandoz;;Midazolam Dts;;Milivin Od;Morph 1a Pharma;Neostigmin Hameln;;Zainingping;Nimotong;Ho Len Oto Cyl;;Neo Lidocaton;Octreotid Sun;;Pentobarsol;Tylenol Cold Multi-Symptom Nighttime;Zentropil;Pipertaz;;Klimofol;ZAVIS;KABI ROCURONIUM;Zhengzhi;SPIRONOLACTONE BIOGARAN;;Sufentanil Ratiopharm;Cotrim Holsten;;;PHENACET;Ranobis;;Dyrenium;Vancomycin Hospira;;;;Nasenspray Purratiopharm
;Aciclovir Ct;;Amiodaronhydrochlorid Hexal;ATORSAN PLUS;BICRA NEO;UBACILLIN;;;Med Aspirin;Atorvastatin Actav;;Shengnuoling;Laxinetten;;;CAPTOPRIL/HYDROCHLOROTHIAZIDE CRISTERS;AHNGOOK CARVEDILOL;CKD CEFAZOLINE;Kangliwopu;Daining;CEFTAXONE;Ciprofloxacin Noridem;Nimbex Forte;ClindaCure;Ceberclon;Dom-Clonidine;MINIMOPRESSIN;Minims dexamethasone;;Diltiazem Temmler;Diphendryl;DOBUTAMINE MYLAN;Asikeding;;Emerade;;;E M Gel;;Felodur;FENTANYL EG;Fluconazol Apotex;Flumazenil Claris;Spiro Tk;Gentamicin Pos;Breztri;Haloperidol 1a Pharma;Heparinised Saline Pfizer;Azdone;Palladone M;Tears Naturale;Ketamin Hameln;KETLUR;LANSIZOL;;Levetiracetam Bristol Lab;Zhuangyuan;YOUPATCH;LINEZOLIDE MYLAN PHARMA;Lorazep Ct;COSPENEM;Diskets;PRENA;CHLORHYDRATE DE METOCLOPRAMIDE RICHARD;Metront;;MIZOLAM;;Mirtazon;Morph Sandoz;Syncarpin;;Rydene;Erping;Homviocorin Spezial;;NORPIN;Xinganyi;;Ravona;Zotex-12;Taro-Phenytoin;Tazopip;;BBRAUN PROPOFOL LIPURO;ZENBIS;CURONI;Denan;SPIRONOLACTONE PFIZER;;Sufentanil Hexal;Cotrim Riker;;;PHENACET SEMI;Hemosai;;Dyazide;Sterile Vancomycin Hcl;;;;Nasenspray Sandoz
;Antiherpes;;Cordarex;ATOSTAR PLUS;CLABULO DUO;AMOXICILLINE RATIOPHARM;;;Minitabs;Lipercosyl;;Saijinsha;Milkitten;;;CAPTOPRIL/HYDROCHLOROTHIAZIDE E;CADILAN;CEFAZOLINE MYLAN;Lingdi;Xintianxin;CETRISON;Ciprofloxacin Uropharm;Cisatracurium Hexal;Ab Clindamycin;Paxam;Clorpres;MINIRINMELT;DM Solone;;Diltiazem Up;Dytuss;Dobutrexmylan;Dopamin Premix;;Xylotox;;;Ery Hameln;;Fendex;FENTANYL LAVIPHARM HELLAS;Fluconazol Dts;Flumazenil Sdz;Terbolan;Gentamycin M2p;Trimbow;Haloperidol Neurax;Contractubex;Ceta Plus;Palladone Up;Lacri Vision;Ketamin Ratiopharm;KETOTAMINE;LANSOQ;;Levetiracetam Neuraxpharm;Dening;Instillagel;LINEZOLIDE OHRE PHARMA;Tolid;MECAPENEM;Synastone;SELOND;PROKINYL L;BI MISSILOR;;MIDAZOLAM MYLAN;;Mirtalich;Morphin Awd;Bloxiverz;;Antagonil;Maiteling;Maycor;;Arterenol;Litexin;;Pentasol;Duratuss AC 12;Somnasol;Piperacillin Hikma;;ANEPOL;Raciran;PFIZER ROCURONIUER;Simvastatin Volkspharma;SPIRONOLACTONE RATIOPHARM;;;Jenamoxazol;;;SERIKIN SEMI;Beiruining;;Triam-Co;Firvanq;;;;Nasenspray Teva
;Virax Puren;;Amiodarone Omega;CESMUTAN;CLACILLIN DUO;Alphacin;;;Levacet;ATODIPIN;;Younike;Nedalax;;;Zedace;CADIRON;CEFAZOLINE PANPHARMA;Cefepime Sandoz;Fortum;WOORIDUL CEFTRIAXONE SODIUM;Ciprogamma;;Clinda Hameln;Pro-Clonazepam;Duraclon;Adin;Teikason;;Diltabeta;Excedrin PM;Dobupum;DOPAMINE HCI HUONS;;Bilan CN;;;Ery Toxinal;;Felodipin Al;Fentavera;Fluconazol Lindopharm;Jamp-Flumazenil;LASILIX;Gentamytrex;Tovanor Breezhaler;Haloperidol Rph;Hepa-Gel;Chemdal HD;Jurnista;Opti Tears;Ketaject;KETROMIN;MONOLITUM FLAS;;KEPIRAM;Lizhuqiangpai;Octocaine;Siwo;LORAVAN;BORYUNG MEROPENEM;Methapain;MSOLON;Anagraine;BIRODOGYL;;Midazolam Hexal;;Mirtazapin Aaa-Pharma;Morphin Neuraxpharm;Neostig;;DONGKOO NICARDIPINE HCL;Baoyitian;Nitriderm Tts Eup;;;Lierning;;Dolomo;4-Way;Euthaphen;Piperacillin Ibisqus;;POFOL;Ranzac;Eslax;Simva Atid;SPIRONOLACTONE ZENTIVA;;;Nymix Amid;;;STARICET SEMI;Lidafei;;Triteren;Wenkexin;;;;Nasenspray Wepa
;DAEHWA ACYCLOVIR;;Riva Amiodarone;COSCA EX;CLAMENTIN DUO;Ampicyn;;;Norgesic;ATORIX;;Yisong;PREPACOL;;;Ace-Hemmer-Ratiopharm;VASOTROL;Cefazolin Normon;Cefepim Rotexmedica;Ceftazidim Stragen;TRIAXONE;Ciprofat;;Clinda Lichtenstein;Pms-Clonazepam;Catapres Perlonget;Nictur;Promethasone;;Diltapham;Legatrin PM;Fenghaifen;DOPURAMIN;;Adrenaclick;;;Erydermec;;FELLE;Fenta Regiomedica Matrix;FLOCAN;Anexate;LOGIRENE;Infectoflam;Xoterna Breezhaler Kohlpharma;Ulcolind;Nervpin;Chemtussin HC;Hydromorphon Hexal;Rhinoton;MOTORIN;TAGASIN;LANSOPRAZOLE CRISTERS;;LEVIROTIN;Qingkang;Mercuroclear;Linezolid Amnea;LORAZEPAM BIOGARAN;MEROPEN YUHAN;Metadol;MAEPRON;Cerucal;METRONIDAZOLE BAXTER;;Midazolam Orpha;;Mirtazapin Aurobindo;ACTISKENAN;Prostigmin;;Nicodel;Nilisu;Nitro Corangin;;;Olatuton;;Medinox;Norel DM;Pentran;Piperacillin-Dura;;PROPOFOL MYLAN;Vivatak Indigestion Relief;Aikesong;Simva Dexcel;Spironolacton Hexal;;;Uro Sigaprim;;;TRACETA SEMI;Ugurol;;Diuteren;Fangkelin;;;;Otricorten
;BACRAX;;Phl-Amiodarone;DIVASTIN;CLAMENTINE;Austrapen;;;PC-CAP;ADOR;;Jinbo;Agaroletten;;;Captopril Atid;CARVEDILOL EG;Cefazoline Sandoz;NEWSEPIM;CEFTAZIME;TRICEFAXONE;Utiminx;;Clinda Saar;Accel-Clonazepam;Aruclonin;Nocturin;Solcort;;Diltaretard;Nervine;Dobutamin Hexal;DOPAMINE RENAUDIN;;Xylocaine with Adrenaline;;;Erythro Ct;;FELODIC;Fentanyl - 1 A Pharma;DAEWOONG PLUNAZOLE;MYUNGMOON FLUMAZENIL;FUROSEMIDE KABI;Nichogencin;XOTERNA;Vesalium;Trauma Puren Gel;Co-Tuss V Expectorant;Hydromorphonhydrochlorid Beta;Sic Ophtal;Ketalar;Taradyl;LANSOPRAZOLE EVOLUGEN;;KEPREPTOL;Yilumei;LidoPen;Linezolid Denk;Lorazepam Dura;CELLPENEM;;MEDISOLONE;Gastronerton;ROZAGEL;;Midazolam Bp;;Mirtazapin Puren;MOSCONTIN;Lubrirhin;;Xianli;Beiqing;Nitro Gesanit;;;Bendatreotid;;Praecicalm;Broncopectol Syrup;Epanutin;TAZOPICIN;;Provive;Dongyi;ROCUNIUM;Simvastatin 1a Pharma;Spironolacton 50 Heumann;;;Cotrim Fair-Med Healthcare;;;TRAMACONTI;SHINPOONG TRANEXAMIC ACID;;Daan;Vamysin;;;;Rhinex
;CLOVIR;;Pms-Amiodarone;DUALAMY;CRABACTAM;Ampicillin Mylan;;;Q-Acin;AITATIN;;Xindakang;Bisacodyl Zentiva;;;Dom-Captopril;CARVEDILOL TEVA;Basocef;BORYUNG MAXIPIME;UNICEFA;UNITIAXONE;CF;;Clindalind;Dom-Clonazepam;Dispaclonidin;Demovo;Chondron Dexa;;Dilti Essex;Sleepinal;Dobutamin Liquid Fresenius;Dopamin Carino;;Adrenalin Ims;;;Erythromycin Al;;HIFEL;Fentanyl Heumann;DIPAZOLE;ANSEDATIVE;FUROSEMIDE LAVOISIER;Ophtagram;Lonhala;PERIDOL;Venoruton Emulgel;Cytuss HC;Hydromorphonhydrochlorid-Ct;Sicca Stulln;Ketaflo;Sprix;LANSOPRAZOLE MYLAN;;LETIRAM;Yipin;Akten;LINEZOLIN;Pms-Lorazepam;GENPENEM;;MEPNA;Gastrosil;SPIRAMYCINE METRONIDAZOLE MYLAN;;Midalim;;Dom-Mirtazapine;SKENAN L;Neoeserin;;Xinshulida;Nimodipin Isis;Nitro Rorer;;;Peixin;;Priatan;Alka-Seltzer Plus Cold and Cough Reformulated Mar 2007;Phenytek;Pentcillin;;Disoprivan;Jinweihe;Rocuronium Inresa;Simvastatin Accedo;Ntp-Spironolactone;;;Cotrimhexal Forte;;;WONTRASET SEMI;TREMIN;;Am Triamteren;Vanco Cell;;;;Stas Nase
;DAEWON ACYCLOVIR;;Ntp-Amiodarone;DUALFORGE;DUCRA;Pro Ampi;;;Rhinocaps;AMLODUET;;Zaiqi;Bodyguard Abfuehr-Tabletten;;;Penta-Captopril;Vedilol;Saarzolin;Cefepim Dotopharma;DAEWOONG CEFTAZIDIME;KYONGBO CEFTRIAXONE SODIUM;CIPOXACIN;;Clindamycin Billix;Clonapam;Haemiton;DESMOPRECINAMEDE;Fuyisong;;Dilti Wolff;Tylenol PM;Kanglituo;Dopamin Fresenius;;Anaesthol;;;Karex Wolff;;LOWPERIN;Co Fentanyl;FLUCAZOL;FLUMAZENIL WINTHROP;FUROSEMIDE RANBAXY;Septocoll E;Robinul;Haldol-Janssen;Heparin Leo;Deconamine CX;Pms Hydromorphone;Systane Overnight Therapy;Ketanest S;Toratex;LANSOPRAZOLE RANBAXY;;LEVIRA;Deerfuxing;Anestacon;MYCOVOX;Teva-Lorazepam;MEBAPENEM;;SOMERON;Mcp Stada;SPIRAMYCINE METRONIDAZOLE ZENTIVA;;Versed;;Jamp-Mirtazapine;Anamorph;NEOSTIGMINE RENAUDIN;;Danyi;SEREBONAL;Nitrodurat;;;Qiwen;;Seda Nitrolingual;Triaminic Chest & Nasal Congestion;Aleviatin;Pipeyuncin;;Propofol Claris;Shuwei;Rocuroniumbromid Kabi;Simvastatin Awd;Spironolacton Iun>;;;Cotrimoxazol Al;;;Ultracet;TRANSAMIN-S;;Calmoserpin;Vanco Ipr;;;;Therapin
;ERPECYVIR;;Cordarone;DUOWELL A;HUCLA;Rimacillin;;;Supac;AVASC;;Xinpurui;Dorolax Abfuehrtabletten;;;CAPOTEC;Carlich;Zolicef;CEFIMAX;CEFDYME;CEFTRIAXONE AGUETTANT;CIPROXACIN;;Clindamycin Holsten;Ratio-Clonazepam;Mirfat;ENURINE OD PUS;Zhongyimeisong;;BI TILDIEM;Uni-Hist;DOBUTAMINE AGUETTANT;Critpan;;Artinestol;;;Lubomycin;;Plendil;Innovar;NEOCONAL;Flumazenil B. Braun;Frusax;Smartset Ghv;Seebri;Pms-Haloperidol;Lok-Pak;Dicomal-DH;Teva-Hydromorphone;In A Wink;Ketamin;KETOLMINE;LANZOR;;LEVPIL;Qisiding;Bactine;ZYVOXID;Ativan;MEROEM;;TOPISOL;Migraene Neuridal;SPIRAMYCINE/METRONIDAZOLE E;;Dormicum;;Ratio-Mirtazapine;Junomorph;;;Afaduoxin;Nymalize;Nitrozell;;;Jindilin;;Norkotral Tema;Triaminic Night Time Cold & Cough;Diphantoine;Oridem;;Recofol;Keaosi;Rocuroniumbromid Ratiopharm;Simvastatin Biomo;Cardalis;;;Apo Sulfamethoxazole;;;Ryzolt;Cyklo-f Heavy Period Relief;;Diutensat;Vanco Ratiopharm;;;;Xylo Pos
;ZOYLEX;;Ancaron;EXPINE;LAMOCRA;Polycillin;;;Uni-Ann;BIPITO;;Lilixin;Laxbene;;;TOPID;Carvedilol 1a Pharma;Cephazolin Fresenius;Maxipime;DIMCEF;CEFTRIAXONE EG;CIROXACIN;;Clindatop;Pms-Clonazepam-R;Paracefan;MINI RESSIN;Younuoping;;DILTIAZEM CRISTERS;Benadryl Itch Stopping;Dobutamin-Ratiopharm;Evetant;;Brox;;;Praecimycin;;Lexxel;Duragesic;SCHNELL FLUCONAZOLE;Flumazenil Inresa;Frusehexal;Terracortril;Trixeo;Fortunan;Hep-Lock;Codimal DH;Dilaudid Cough;Genteal Gel;Ab Ketamin;KETORACIN;Zopral;;LEVICURE;Junxin;D-Caine;Linezolid Amneal;Wypax;MEROSIN;;NISOLON-M;Migralave + Mcp;SPIRAMYCINE/METRONIDAZOLE SANDOZ;;Epistatus;;Nu-Mirtazapine;Morphine Mr;;;NICARPIN;;Pheracor;;;Sandostatine Lar;;Beuthanasia;Triaminic Cold and Allergy Reformulated Mar 2007;Hydaticon;Piperacillin Tazobactam Hexal;;Pms-Propofol;Ruibei;ROCARON;Simvastatin Pharma;Carospir;;;Apo Sulfatrim Pediatric;;;Zeridame SR;Pletasmin;;Dehydro Sanol;Vanco Sandoz;;;;Aqua Maris Decongestant
;DONG-A ZOVIRAX;;Amiobeta;GADUE;LAMOTAM;Amficot;;;Uni-Buff;LIPILOR;;Naqi;Bisacodyl-Odan;;;Capozide;Carvedilol Al;Cefazolin Hexal;Shiruiping;ALFACEF;CEFTRIAXONE GNR;DAIHAN CIPROFLOXACIN;;Acnatac;Zym-Clonazepam;Tenso Timelets;MINIS;Jiaming;;DILTIAZEM TEVA;Valu-Dryl;Dobutamine Sdz;Inovan;;Bupivacain Ad;;;Togiren;;Keloc SR;PecFent;CANDINA;Flumazenil Pharmaselect;Jufurix;Easotic;Bevespi;Halosten;Hep-Pak;Ditussin-HC;Dilaudid;Tears Naturale Free;Velonarcon;TABEL;Lansoprazol Al;;LEVETIRACETAM AGUETTANT;Jingbituoxin;Decadron with Xylocaine;Linezolid Beta;Jiapule;POSPENEM;;PREDI;Nu-Metoclopramide;SPIRAMYCINE/METRONIDAZOLE TEVA;;Ozalin;;Mirtanza;Ordine;;;DONG-A PERDIPINE;;Retroplex;;;SANDOSTATINE L;;Pentosol;Dimetapp Cold Drops;MYUNGIN PHENYTOIN;TABAXIN;;Propovan;Acidine;ROMERON;ENPITORIN;Spiroctan;;;Protrin;;;Tilodol SR;Anvitoff;;Hydrotrix;Vancomycin Abt;;;;Brufasol
;AUSTIN ACYCLOVIR;;Amiodaron Hameln;HANBIKA;MOXICRA;Totacillin;;;Aggrenox;LIPITROL;;Qigumei;Fruitatives Ect;;;Capropril;Carvedilol Atid;Cefazolin Hikma;Xinliwei;ALVOGEN CEFTAZIDIME;CEFTRIAXONE QUALIMED;PHARMA CIPROFLOXACIN;;Calindamin;Sandoz Clonazepam;Catapresan;Presinex;Eythalm;;DILTIAZEM WINTHROP;Buckley's Bedtime Formula;;Dopamin Ratiopharm;;Bormelin;;;ERYTHROGEL;;Pinefeld XL;Victanyl;DIFLEX;;Furosemid Dura;ALVOGEN GENTAMICIN SULFATE;Glycate;Haliduo;Multiparin;Duradal HD Plus;Palladone;AddTear;KETAMINE PANPHARMA;KETOCIN;Apo-Lansoprazole;;LEVETIRACETAM BIOGARAN;Laifusi;L-Caine;Linezolid Eberth;Bonatranquan;ILSUNG MEROPENEM;;PRESOLONE;GASROBI;Metronide;;Midazolam Atv;;Reflex;Capros;;;NICARDIPINE ARROW;;Regulacor;;;OCTREOTIDE HOSPIRA;;Nembutal Sodium;Dimetapp DM Cold & Cough;PENITON;TAZOLACTAM;;PropoThesia;Azuranit;ROCNIUM;SIMVASTATIN DAEWOONG;Aldactone;;;CANPRIM;;;Invodol;SPOTOF;;Jenateren;Vancomycin Dts;;;;Axea Nasenspray
;CELLTRION ACYCLOVIR;;Tachydaron;HIGHDUET;MOXISULTAM;Picillibacta;;;Fiorinal;RETOSTIN;;Fuxin;Codulax;;;Captomex;Carvedilol Stada;;Laibixin;CEZIME;CEFTRIAXONE ZENTIVA;CIPROCELL;;Clindamycin Aristo;;Isoglaucon;Desmotabs;Afdosa;;Diltiazem Hydrochloride Cd;Pediacare Nighttime Cough;;Dopamin Solvay;;Glaucadrin;;;Erykanen;;Triapin;Mylafent;FUCONAZOLE;;Spironolacton 50 Heumann;ANTASONE;;Eukystol;Novo-Heparin;Enditussin-HD;Narurapid;Visine Pure Tears;Ketacine;Ketorolac-Trometamol-Brown;Q-Lansoprazole;;LEVETIRACETAM MYLAN;Quanying;Octocaine with Epinephrine;Linezolid Pfizer;Milinda;OROPENEM;;Methylprednisolut;MEXOLON;Metronidazol Fresenius;;Midazolam B. Braun;;Ruimeilong;Morphin Vier Ps Pharma;;;;;Regeneratio;;;Ocphyl;;Jurmun;Sudafed PE Cold & Cough;WHANIN HYDANTOIN;PIPERACILLINE/TAZOBACTAM HOSPIRA;;Ruikefu;Phamoranit;ROCURONIUM B BRAUN;SIVAS;Aldactazide;;;Azo Gantanol;;;Larapam;Tranexamsaeure Hexal;;Propra;Vancomycin Fresenius;;;;Docpelin Nasenspray
;ERPE;;AMIODARONE ACTAVIS;LOWSTA;NEWMOKCRA NEO;Yucion;;;Paynocil;RP VASTATIN;;Luoqi;Dulcolax;;;Co-zidocapt;Querto;;Hengsu;TAZIME;CEFTRIAXONE ZYDUS;CIPRON;;Clindamycin Eberth;;Teva-Clonidine;Desmo;Aknefug;;Dilti-Ct;Mandalyn Expectorant;;DOPASIN;;Piloadren L;;;Erymycin;;Catrazil;Fentalis Reservoir;FUNAZOLEM;;Furosemide Special Sdz;BEDESTAR;;Haloperidol Gry;Caprocin;Endotuss-HD;Hydromorphon Ratiopharm;Oculotect;;Riva Ketorolac;Ran-Lansoprazole;;LEVETIRACETAM SANDOZ;Linyuanfangxin;Nervocaine;Linezolid Stada;Pro Dorm;MEROPENEM SANDOZ;;HU-METHYL;PANCREAZEN;Metronidazol Hexal;;Midazolam-Ratiopharm;;Zispin SolTab;Morphanton;;;;;Rytmopasc;;;;;Migracet;Cytuss-HC NR;Phenhydan;PIPERACILLINE/TAZOBACTAM KABI;;Propofol EG;Rani;Rocuroniumbromid B. Braun;ELVASTA;Diatensec;;;Uroplus;;;Maxitram;Gd-Tranexamic Acid;;Renifluss;Vancomycin Hik;;;;Dr. Henk Balkis Nasentropfen
;KYUNGDONG ACLOVA;;AMIODARONE ARROW;NEWADIN;OMETIN;Anbixian;;;1/2 Halfprin;SOFIA;;Aimiqi;Feen-A-Mint Reformulated Jan 2008;;;Acezide;Auro-Carvedilol;;Yinglan;TOFDIN;Ceftriaxon Ipp;FLORI;;Clindamycin Hikma;;Runrui;DesmoMelt;Auxison;;Cardelene;Mandalyn Paediatric;;DOPAMINE MYLAN;;Suprarenin;;;Diomycin;;Kangbaodewei;Osmach;FURUNAL;;Pms-Furosemide;GENTAMICIN SULFATE SHINPOONG;;Haloperidol Neuraxpharm;Haipulin;Entuss-D Liquid;Palladone Ba;Hydromoor;;Ratio-Ketorolac;Pms-Lansoprazole;;LEVETIRACETAM TEVA;Weishaxin;Unguentine Plus;Linezolid Tad;Lorazepam-Neuraxpharm;Meropenem Basics;;PD-ONE;Gastroflux;Metronidazol Lindopharm;;Desiject;;Mirtazapin Actavis;Morphine Hp;;;;;Romucard;;;;;Fatal-Plus;Carbatuss Syrup;Phenytoin Hikma;PIPERACILLINE/TAZOBACTAM PANPHARMA;;FRESOFOL MCT;Ranibloc;Rocuroniumbromid Tamarang;EZESIMS;Aldactide;;;Septrin Adult;;;Zydol XL;;;Tripranol;Vancomycin Hikma;;;;Nasenspray E Luenopharm
;SCD ACYCLOVIR;;AMIODARONE EG;NEXAD;SULTAMOK;Polyflex;;;Stanback Headache Powder;UNIPITO;;Azithro Meda;Bisolax;;;Ktplon;Dom-Carvedilol;;ACEPIME;CEFTAZIDIME PANMEDICA;Ceftriaxon Puren;PROPOCIN;;Clindamycin Sandoz;;Kapvay;Octim;Behrederm;;Ratio-Diltiazem Cd;Propain;;;;Sopira;;;Novo-Rythro Encap;;Tazko;Fentanyl Draco;DIFLU;;Ntp-Furosemide;SERENA;;Haloperidol La;Meidexi;Exo-Tuss;Hydromorphon Aristo;Xailin;;KEDILAC;LANSO-Q;;LEVETIRACETAM ZYDUS;CABASTA;Senatec HC;Natlinez;Loreev;Meropenem Noridem;;ACERON;Gastromax;Metronidazol Stada;;Midazolam hydrochoride;;Mirtazapin Basics;Statex;;;;;Steno Valocordin;;;;;;RhinaHist;Beuthanasia;Piptaz;;FREEFOL-MCT;Ranic;Rocon;HUKO;Risicordin;;;Bactramin;;;Tramulief SR;;;Triamteren A Pharma;Vancomycin Ratiopharm;;;;Nasenspray K Hexal
;BYCLOVIR;;AMIODARONE ISOMED;NORVAFORCE;UNICRA;Hetacin-K;;;Nu-Seals;VASTATIN;;Azithromycin Almus;Dulcogen;;;Kapuseal;Nu-Carvedilol;;CEPEM;Ceftazidim Hospira;CEFDRISON;QUPRON;;Apo-Clindamycin;;;Minirin;Clinit;;Taro-Diltiazem;Numark Night Time Sleep Aid;;;;HUONS LIDOCAINE EPINEPHRINE;;;Novo-Rythro Stearate;;Felogamma;Fentanyl Dura;EUNAZOL;;Frusid;GENTAPRO;;Haloperidol-La Omega;Subilin;Histinex HC;Hydromorphon Beta;SoftDrops;;Acular;LANPRAN;;LEVIDCEN;HWAIL LEVOFLOXACIN;Lidoderm;Novo-Linezolid;Loraze;Ran-Meropenem;;ASOLONE;Reglan;Metronidazol-Serag;;Midazolam Hameln;;Mirtazapin Neuraxpharm;Actimorph;;;;;NITRIDERM TTS;;;;;;Sitrex Reformulated Aug 2007;Diphantoine-z;Piperacillin Plus Tazobactam Eberth;;Fresofol;Ranitidin Acis;;LIVASTATIN;Spironolacton Komb;;;Yitibi;;;Tramcet;;;Triamteren Hct Ali;BC VANCOMYCIN HCL;;;;Nasenspray Medicamo
;YOUNGPOONG ACYCLOVIR;;AMIODARONE QUALIMED;OLDIP HCT;A-CLAN;Magnapen;;;Original Phensic Aspirin;ASTATIN;;Azithromycin Winthrop;Teleminsoft;;;Noyada;DILAVEDIL;;Exblifep;Avycaz;CERISONE;K-SACIN;;Clindoxyl Gel;;;Noqdirna;Decadron Lt;;Tiadylt;Calpol;;;;BUNOLPIN;;;Stievamycin Mild;;FELOTIN;Thalamonal;FLYNCAN;;Rusyde;GENTAMICINE PANPHARMA;;Novo-Peridol;Ariven;Hycomal DH;Palladon;GenTeal Tears Mild;;Acuvail;LANPRAZOLE;;Levitaccord;LEPROSIN;StaphAseptic;Linevox;Almazine;Vabomere;;DASOLONE;Metox brand of Metoclopramide;Vagi;;MIDACUM;;MIRTAPIN;MPS;;;;;DISCOTRINE;;;;;;Xyralid;Dilantin;Piperacillin Und Tazobactam Ibisqus;;Propofol Corden;Ranitidin Hcl Awd;;SIMBIDAN;Spironolacton Lindopharm;;;Yuanliqing;;;Junqing;;;Turfa;Vancosan;;;;Nasentropfen Al
;VACLOVER;;AMIODARONE ZYDUS;OLMEDIQUAL HCT;Wymox;Ampicillin Hexal;;;Veganin;ATOVADIPNE;;ASMAXIN;Purgo-Pil;;;Adocomp;YUCAVE;;Masiping;Tazidime;COAXONE;CQ ROBEY;;Riva Clindamycin;;;DETURINE;Corto Tavegil;;Angiozem;Fedril Paediatric;;;;HUONS ARTICAINE EPINEPHRINE;;;T-Stat Lot;;VASPINE;FENTAMAX MAT;HUNAZOLE;;Salix - substance;INDOBIOTIC;;Teva-Haloperidol;Calciparin;Hycophen;Rexaphon;PF Drops Hypromellose;;KITOLAC;LANSEC;;Levetik;LEVLOXIN;Xyloproct;HANALL LINEZOLID;Laubeel;MEROPEM;;METHISOL;Primperan;Vagimid;;VASCAM;;TEVA MIRTAZAPINE;Morcap SR;;;;;Lycinate;;;;;;L-All 12 NF;Di-Phen;Jamp-Pip/Taz;;Propofol-Ratiopharm Mct;Ranitidin Isis;;SIMSINTID;SPIRONOLACTONE GUJU;;;Weifuxin;;;Huaqu;;;PRESTOLE;Vancomycin Enterocaps;;;;Nasentropfen Und Nasenspray Axcount
;JINYANG ACYCLOVIR;;Aratac;OLODIPINE HCT;Respillin;Ampicillin Va;;;Anadin;AVASTA;;AZIMAX;Bisacodyl EG;;;Adocor;CARVEDILOL ARROW;;Dalineng;Fortaz;TRISONE;ROFCIN;;Ratio-Clindamycin;;;DESMON;Dispadex;;Dilzem XL;Galpharm One a Night Nightcalm;;;;UNION LIDOCAINE EPINEPHRINE;;;Erythroped Forte;;FELDIPIN;NARCO;KANNAZOLE;;Aluzine;Gentamicin B. Braun;;Serenace;Dolo Arthr;Hydrocet;Apo-Hydromorphone;Entrocel;;KEROMIN;LANSON;;Levetiracetam Aaa;LEVO-F;Rinstead;CINEZOLID;SLIVAN;MEROWON;;METHYLONE;Metozolv;Nidagel;;MIDAZOLAM BUKWANG;;MIRTAZAPINE ARROW;MST Continus;;;;;Perlinganit;;;;;;Triplex DM;Aleviatin with Phenobarbital;PEZOCIN;;Act Propofol;Ranitidin Saar;;SIMVAC;ALTIZIDE SPIRONOLACTONE RPG;;;Berlocid;;;Yinuoxing;;;Diu Venostasin;Vancomycin Hexal;;;;Nasentropfen-Ratiopharm
;ACICLOVIR ALMUS;;Ava-Amiodarone;OLOTENSION HCT;Moxatag;Cymbi;;;Micropirin;BIDUET;;AZIROCIN;Abfuehretten Wepa;;;Captopril Basics;Shuheng;;Boshuai;Modakemin;TRISONKIT;WIFCIN;;Pms-Clindamycin;;;DESONIC;Dexamed;;Calazem;Care Night Time Sleep Aid;;;;LIDOCA;;;Rommix;;FELON;FENTARIX;LICONAZOLE;;Frumax;Gentrasul;;Halomonth;Dolo Rubriment;Mintuss HC;Phl-Hydromorphone;Tears Naturale Forte;;KETO;LAPZOL;;Levetiracetam Aurobindo;LIVOFOCIN;Lignospan Special;LINEZOLIDE KABI;Lorazepam-Ratiopharm;HANLIM MEROPENEM;;PREMEDROL;Gastro Inen;Rosasol;;MIDAZOLAM PANPHARMA;;MIRTAZAPINE BIOGARAN;Duromorph;;;;;Nitrolingual Infus;;;;;;Dytan-CD;Antisacer;PIPELACTAM;;Diprivan Eml;Ranitidin Temmler;;SIMVAMAX;SPIROCTAZINE;;;Cotrim Ratiopharm;;;Xiangyang;;;Neotri;Vancomycin Noridem;;;;Nasentropfen-Ratiopharm Kinder
;ACICLOVIR ARROW;;Ratio-Amiodarone;OLSEBITAN HCT;Biomox;Penbrock;;;Disprin;CADI-M;;AZITHROMYCINE BIOGARAN;Bisco Zitron;;;Captopril Hct Atid;Kangdaxin;;Cefepim Fresenius Kabi;Zhenliang;TWOWINTRIAXONE;CIPROFLOXACINE AGUETTANT;;Neuac;;;MINIRIN MELT;Dexamethason Ratio;;Taztia;Uniflu;;;;XYLONOR;;;Erythroped;;HIDIPINE;FENTANYL MYLAN;REYON FLUCO;;Lasikal;Septopal;;Halkid;Dolobene;Tusso DF;Abl;Nature's Tears;;TROLAC;NEONAZOLE;;Levetiracetam Basics;EYELEVO;Dermidex Dermatological;Linezolid Al;Dom-Lorazepam;M.P.M;;SALON;Mcp Dura;Nuvessa;;MIDAZOLAM SANDOZ;;Avanza;Opazimes;;;;;Nitrolingual Pumpspray;;;;;;Dimetapp Nighttime Flu Reformulated Sep 2007;Comital;TABACCILLIN;;DIPRIVAN PFS;Sostril;;SIMVASPO;SPIRONOLACTONE ALTIZIDE PFIZER;;;Co Trim;;;Qimaite;;;Nu-Triazide;Jamp-Vancomycin;;;;Xylo Aiwa
;ACICLOVIR BGR;;Pro-Amiodarone;RADUET;Amoxidin;Sultamicillin Ratiopharm;;;Bassamin;ENPIDUET;;AZITHROMYCINE KRKA;Darmol Bisacodyl;;;Captoreal;Ruixinle;;Cefepim Normon;Ansumei;Luosaiqin;CIPROFLOXACINE ARROW;;Onexton;;;DESMOP ODIFS;Dexamethason Ratiopharm;;Dilt;Boots Night Cough Relief;;;;ZIACAINE;;;Ery-Tab;;LODIL;FENTANYL ZENTIVA;DACONAZOLE;;Lasoride;Malotic;;Euteberol;Heparin Novo;Touro HC;Exalgo;Visine Maximum Redness Relief;;KETOLAN;Zoton FasTab;;Levetiracetam Zentiva;EYELEVOCIN;Denela;Linezolid Hexal;Riva Lorazepam;MEPEM;;SOMERONE;Migraene Neuri;SPIZOLE;;Midazolam Bundeswehr;;Mirtazapin Al;P Guard;;;;;Nitrolingual Spray;;;;;;Triall;Phenytoin Natrium Aurobindo;TAZOCILLIN;;Limengxin;ALITIDE;;SIMVATORIN;SPIRONOLACTONE ALTIZIDE SANDOZ;;;Co Trimoxazol;;;Shumin;;;Triamaxco;VANCOCIN-CP;;;;Wick Duospray
;ACICLOVIR MYLAN;;AMIRON;ROSAR DUO;Amoxymed;LACTACILLIN;;;Salitison;HUNIZ ATORVASTATIN CALCIUM;;AZITHROMYCINE QUALIMED;Drix;;;Capto Corax;Carvedilol 1a;;;Lixinmei;Ceftriaxon Gry;CIPROFLOXACINE MACOPHARMA;;Xaciato;;;RENISSIN;Delta Pimafucort;;Teczem;Histergan;;;;NORADRENALINE MYLAN;;;Eryc;;FELODIPINE ZENTIVA;Fentanyl Abz;FLAK;;Komil;Relifor;;Haloperidol Hexal;Heparin Pos;Tusso HC;Hydromorphon Abz;Clear Eyes Tears Plus Redness Relief;;Ketoral;HeliCl;;Ava-Levetiracetam;HULOXACIN;Rexocaine;Linezolid Inresa;Phl-Lorazepam;Ponaxem;;A-MethaPred;MACPERAN;TROGEL;;Midazolam Puren;;Mirtazapin Dura;Morphes;;;;;Minitrans 5;;;;;;Quartuss DM;Zentronal;Zosyn;;Propolipid;ALBICON;;ILYANG SIMVASTATIN;SPIRONOLACTONE MYLAN;;;Eltrianyl;;;Quteng;;;Atensolan;Vancocin;;;;Siozwo Nasengel
;ACICLOVIR RANBAXY;;Nexterone;SEBACO HCT;Flemoxin Solutab;UPOCIN;;;ComPlavin;HUONS ATORVASTATIN;;AZITHROMYCINE SANDOZ;Docmorris Bisacodyl;;;Capto Dura M;Carvedilol Awd;;;Kefadim;ALVOGEN CEFTRIAXONE SODIUM;CIPROFLOXACINE MYLAN;;ClindaReach;;;MINIRIN SPRAY;Dexa Attritin;;Tiazac;Tixyplus Active Relief for Colds + Flu;;;;Duranest with epinephrine;;;Erycette;;Felodil Xr;Fentanyl B.Braun;FLUNAL;;Eutensin;Mometavet;;Haloperidol Stada;Heparin Stada;Protex;Hydromorphon Al;Clear Eyes Complete;;Waymade-Ketorolac Tromethamine;Lasuotuo;;Mint-Levetiracetam;LEFEXIN;Rapydan;Gpc-Linezolid;Ntp-Lorazepam;Meropenem Elc Group;;Medrone;METOCLOPRAMIDE SINIL;Vaginyl;;Midazolam Rotexmedica;;Mirtazapin Stada;Pacif;;;;;Apo-Nitroglycerin;;;;;;Polytan;PRODILANTIN;Pipracil;;Propofol Hospira;ALCURE;;SIMBATEC;SPIRONOLACTONE RPG;;;Eusaprim;;;Huajiewei;;;Beta Nephral;Wanjunya;;;;Tianchengnuoer
;ACICLOVIR TEVA;;Kedalong;SERABIS;Ranclav;AMPICILLINE PANPHARMA;;;Axile;ARTECH;;AZITHROMYCINE TEVA;Laxanin N;;;Capto Funcke;Carvedilol Ct;;;Fortum;HAWON CEFTRIAXONE;CIPROFLOXACINE PFIZER;;Clindesse;;;Octostim;Dexa Biciron;;Diltzac;Vena;;;;Epihal;;;EryPed;;Triasyn;Fentanyl Esparma;FUROCAN;;Fuluobi;Vetaderm Plus;;Sigaperido;Hepathromb;Tussionex;Hydromorphon Hcl Actavis;Tears Again MC Eye Drops;;;Lansoprazol Apotex;;Elepsia;LEFOXACIN;Anodesyn;Zyvoxam;Nu-Loraz;Meropenem Hexal;;Advantan;Pramin;Zadstat;;Pms-Midazolam;;Mirtazapin-Biomo;Mitigo;;;;;Aribosan;;;;;;Entex LA Capsule;;Tezhixing;;Rapinovet;ILYANGBIO RANITIDINE;;SIMVATAN;Jenaspiron;;;Omsat;;;Dolzam;;;Beta Turfa;Vancomycin Deltaselect;;;;Xylomaris
;ACTIVIR;;Amiodaron 1a Pharma;SEVIACT HCT;Widecillin;UNACIM;;;Xindong;ATOROTIN;;ZITHROMAX MONODOSE;Laxysat;;;Capto Harma;Carvedilol Pharma;;;Infectozidim;NEWRAXON;CIPROFLOXACINE QUIVER;;Manqi;;;Minirin Parenteral;Dexa Ct;;Bi-Carzem;Pastell;;;;Carbostesin;;;Tiloryth brand of erythromycin;;Felodipin Tad;Fentanyl Hennig;WOONGCONAZOLE;;Furosemid 1a Pharma;SCAN-G;;HALDOL DECANOAS;Keptan;Genecof HC;Hydromorphon Neuraxpharm;Visine Totality;;;Lanso Q;;Leveceumid;LEROXINE;Dentinox;JW LINEZOLID;;Meropenem Hikma;;Sol-Melcort;Mcp Hexal;Rozex;;;;Pro-Mirtazapine;Morphabond;;;;;Cere Bosan;;;;;;Poly-Tussin DHC;;Paishu;;;JEIDIN;;SIMVATIVE;Furorese;;;Sigaprim;;;Qdolo;;;Diu Tonolytril;Vancomycin Eberth Ebh;;;;Nasa Rhinathiol
;DYNEXAN;;Amiodaron Beta;SEVITENSION;Lansap;Ibimicyn;;;Boji;CASTIN;;ORDIPHA;Marienbader;;;Capto Lichtenstein;Carvedilol Ratiopharm;;;GLOZIDIME;SAMSUNG CEFTRIAXONE SODIUM;Cipro-1 A Pharma;;Yanle;;;Pms-Desmopressin;Dexa Neurobion;;Lutianon;Vena Pasta;;;;Infectokrupp;;;Del-Mycin;;Delofine;Fentanyl Krewel;UNICONAZOLE;;Furosemid 3mm;BOROMATIL;;Apo-Haloperidol La;Liquemin;Nasatuss;Hydromorphon Winthrop;Isopto;;;Lansoprazol 1a Pharma;;Levesineal;LEVOCLE;Xylotox;LIZORID;;Meropenem Hospira;;Milesong;Paspertin;MetroGel;;;;Mirataz;Morph 1a Abl;;;;;Nitrogard-Sr;;;;;;Ala-Hist DHC;;Fluxapril;;;RABISU;;BEARTORIN;Spironolacton Dura;;;Supracombin;;;Skudexa;;;Diuretica;Vancomycin Entero;;;;Nasasinutab
;Lovir;;Amiodaron Ct;TELMIAMLO;Amoling;Ampicillin Plus Sulbactam Eberth;;;Sinage;DUALPECOR;;Azithromycin Al;Ez2go Stimu-Lax Tablet;;;Capto Puren;Sigadilol;;;FOZIDIME;YUNGJIN CEFTRIAXONE;Ciprofloxacin Aurus;;Beihe;;;Nu-Desmopressin;Dexa Siozwo;;Hexinshuang;Restamin A;;;;Meaverin;;;Erythra-Derm;;LODIPIN;Ran-Fentanyl;YUCOZOLE;;Furanthril;G-Myticin;;Pms-Haloperidol-La;Perivar;Pancof XP;DILID;Lacrisic;;;Lansoprazol Atid;;EPILD;LEVOFURACIN;Iglu;Linezolid 1a Pharma;;Meropenem Inresa;;Jiaqianglong;Migraenerton;Metrotop;;;;Remeron;Astramorph;;;;;Iper-Bosan;;;;;;Z Tuss DM;;Piperacillin Tazobactam Actavis;;;RANITIDINE SCHNELL;;DUOTORIN;Spironolacton Stada;;;COTRIMOXAZOLE TEVA;;;Nobligan;;;Haemiton;Vancomycin Mayne;;;;Xylometazoline EG
;Acic-Ophtal;;Amiodaron Ebewe;TELMIA PLUS;Jinlishu;Ampicin;;;Keke;LIPIKHAN;;Azithromycin Tad;Bisalax;;;Captogamma;BINEX CARVEDILOL;;;REYON CEFTAZIDIME;CEFAXONE;Ciprofloxacin Axcount;;Telixian;;;Nocdurna;Dexa Tk;;Viazem XL;Nustasium;;;;Xylocitin;;;Staticin;;Felotens;Recuvyra;BEAGYNE;;Furo Lut;Pred-G;;;Proveno;Panlor;JURNISTA IR;Pan Vision;;;Lansoprazol Ct;;LEVITIRASE V;LEVOKACIN;Polyfusor LE;Linezolid Hikma;;Meropenem Medipha Sante;;Solu-Medrone;Maxeran;MetroLotion;;;;MIRTAZAPINE CRISTERS;Duramorph;;;;;Rho-Nitro Pumpspray;;;;;;Duratuss Reformulated Feb 2008;;Piperacillin Tazobactam Aurobindo;;;RUBIS;;EZETORIN;Spironolacton Aristo;;;Resprim;;;Tramedphano;;;Jatropur;HUMEDIX VANCOMYCIN HCL;;;;Apo Rot Nasenspray
;Aciclobeta;;Amiodaron Heumann;TELMIDINE;Abiclav Solutab;Novo-Ampicillin;;;Xinkangsida;NEWVAST;;Ava-Azithromycin;Bisacodyl Lichtenstein;;;Captopress;ALPHADILOL;;;LG CEFTAZIDIME;CETRIAXONE;Ciprofloxacin Stada;;Hengxin;;;DESOMIN;Dexafat;;Angitil XL;Motrin PM;;;;Adrenaclick;;;Romycin;;Cabren;PFIZER FENTADUR;FLUCONAZOLE BIOGARAN;;Furo Recip;Minims gentamicin sulfate;;;Sportupac;Poly-Tussin;SOPHIDONE L;Polyvisc;;;Lansoprazol Merck;;MELETIREV;LEVOLOXIN;Instilla;Linezolid Normon;;Meropenem Ratiopharm;;Depo Medrate;Dura Mcp;Vandazole;;;;Remergon;Mstw Abl;;;;;Trinipatch 0;;;;;;Crantex Reformulated Feb 2008;;Piperacillin Tazobactam Pfizer;;;AU F;;ZOCONA;Apo-Spirozide;;;Cotrim Forte Eu Rho;;;Tramadol Awd;;;Manimon;VANCOMYCIN HCL SAMSUNG;;;;Balkis
;Aciclostad;;Amiogamma;TELMILEPINE;Amoxicillin Al;Pro Biosan Kit;;;Picot Plus;ILYANG ATORVASTATIN;;Mar-Azithromycin;Gib Bisacodyl;;;Epicordin;CARVELOL;;;BINEX CEFTAZIDIME;DONGKOOK CEFTRIAXONE;Ciprofloxacin-Hormosan;;Huayangzaixin;;;DESPINE;Dexagent Ophtal;;Angitil SR;Childrens Tylenol Plus Cold & Allergy;;;;Allerject;;;Erythrocin;;Cardioplen;Fentora;FLUCONAZOLE CRISTERS;;Hydrotrix;CMW;;;Thrombotison;Polygesic;Hydromorphon Develco;Rosskastanien Venen-Dragees;;;Lansosiga;;E Keppra;LEVOPA;Anetocaine;Linezolid Puren;;Meropenem Roth;;M Prednihexal;Emexlon;Nydamax;;;;Mirtazapin 1a Pharma;Morphin Hcl;;;;;Glytrin;;;;;;Sinutuss DM Reformulated Feb 2008;;Tazobac;;;AUSTIN RANITIDINE HCL;;SIMVACO;Spirolone;;;Cotrim-Ct;;;Tramadol Dolgit;;;Pertenso;VANCOMYCIN HCI CJ;;;;Hysan
;Aciclovir Hospira;;AMIODARONE RANBAXY;TELMIONES;Amoxiclav Fair Med;Taro-Ampicillin;;;Sedergine;LIPILOW;;Ratio Azithromycin;Laxodyl;;;Lopirin;DILADOL;;;CEFTAZIDIME AGUETTANT;HUONS CEFTRIAXONE SODIUM;Cipromedica;;Lipai;;;Nocutil;Dexalocal;;Corazet Diltiazem;Robitussin Night Time Cough, Cold & Flu;;;;Andropt;;;Kerymax;;Belocor;Yemex;FLUCONAZOLE EG;;Spironolacton Komb;Palacos R-20 with Gentamicin;;;Traumalitan;Prolex DH;Hydromorphon Hcl Hormosan;Artificial Tears;;;LANPROL;;Kaipulan;LEXACIN;Nericolt;Linezolid Zentiva;;Ropenn;;ADERVAN;Gimoti;Zyomet;;;;Mirtazapin Awd;Morphin Puren;;;;;Suscard;;;;;;Duravent-DPB;;TAZOPERAN;;;BC RANITIDINE HCL;;SIMVAROL;Spirospare;;;Nu-Cotrimox-Ds;;;Tramadol Hameln;;;Salcant;VANCOTRIN;;;;Mentopin
;Aciclovir Ksk;;AMIODARONE TEVA;TELRODID;Amoxiclavulan 1ap Pharma;Teva-Ampicillin;;;Cardioaspirine;LIPISTOP;;Riva Azithromycin;Laxothyrin;;;Sigacap;CARDILOL;;;CEFTAZIDIME ARROW;AXON;Mar-Ciprofloxacin;;Shexin;;;Desmopressine Ferring;Duodexa;;Diltiamerck;Contac Day and Night Allergy Sinus;;;;Astracaine Dental With Epinephrine;;;Tiloryth;;Felo Basf;Tilofyl;FLUCONAZOLE MACOPHARMA;;FUROSEMIDE BIOGARAN;Dexan;;;Venocux;Propatuss Expectorant;Hydromorphon-Hcl Abz;Visine Dry Eye Eye Revival;;;UNILANSO;;Kangsiao;LFLOX;Neriproct;;;UNIQ-PEM;;MEDILON;Gastrobid Continus;Maifuxin;;;;Mirtazapin Hormosan;Morphin Ratiopharm;;;;;Tridil;;;;;;BroveX PEB;;TAPERACIN;;;CELTIDIN;;SIMVASTATIN MYUNGMOON;Spironolactone Plus;;;Teva-Trimel;;;Trama;;;Sali Puren;VANCOMYCINE KABI;;;;Nasan
;Virzin;;Amiodaron Rivopharm;TWOWINFORGE;Amoxi Basf;Ampitrin;;;Trinomia;LIPIWON;;A-ROCIN;Laxans Al;;;Sansanal;CARVEDILOL BIOGARAN;;;CEFTAZIDIME MYLAN;CEFIN;Ran-Ciproflox;;Rongda;;;Adiuretin;Eczensa;;Diltiazem Al;Sleep-Eze;;;;Fml-Tox;;;Oftalmolosa Cusi Eritromicina;;Felobeta;Breakyl;FLUCONAZOLE PANPHARMA;;FUROSEMIDE EVOLUGEN;Betnoval;;;Venoflexil;Q-V Tussin;;Visine Dry Eye Tired Eye Relief;;;NEWLANSO;;Kezhong;LOXAVIT;Neridalon;;;AUSPENEM;;MPD;Maxolon SR;Jialening;;;;Mirtazapin Real;Morphinsulfat Ct;;;;;Nitro-Bid;;;;;;Triplex AD;;PERACILLIN;;;GASTIDINE;;VASTAE;Laractone;;;Fectrim;;;Trama 1a Pharma;;;Slimin;Vancomycin Cnp;;;;Nasenspray Axcount
;Bio-Valacyclovir;;Amiodura;TWOWINFORGY;Amoxi Inen;Marcillin;;;Afebryl;NOTOVA;;AROCIN;Apo-Bisacodyl;;;CAPTOPRIL/HYDROCHLOROTHIAZIDE ACTAVIS;CARVEDILOL MYLAN;;;Ceftazidim Dr. Eberth;NELAXONE;Ran-Ciprofloxacin;;Libangte;;;DESMORIN ODIFS;Fissan Teer;;Diltiazem Gry;Sominex Pain Relief;;;;Dysne Inhal;;;Eryacne;;Felodipin Actavis;Fentos;FLUCONAZOLE RANBAXY;;FUROSEMIDE RENAUDIN;Gentalol;;;Venalitan;Rindal-HD;;Visine Dry Eye True Tears;;;WUILANTON;;Xiaoshanping;OCULEVO;CHLORHEXIDINE/LIDOCAINE SANOFI-AVENTIS FRANCE;;;MEROPA;;MEDISOLU;MigraMax;Maisite;;;;MIRTAX;Mogetic;;;;;Nitrol;;;;;;Duravent;;TABACTAM;;;HUTECS RANITIDINE;;SIMVASTATINE ACTAVIS;Co-flumactone;;;Cofatrim Fort;;;Trama Abz;;;Triamteren Hct Al;Vancomycin Lyomark;;;;Nasenspray Ct
;Nu-Acyclovir;;Nu-Amiodarone;Norvasc;Amoxi Lich;Polycillin-PRB;;;Stanback Headache Powder Reformulated Jan 2011;ROVELITO;;AROMAX;Bicholate Lilas;;;CAPTOPRIL/HYDROCHLOROTHIAZIDE PHARMAKI GENERICS;CARVEDILOL PFIZER;;;CEFTA;NEWCEF;Pms-Ciprofloxacin;;Treclinax;;;DURESSIN;Magopsor;;Diltiazem Isis;EX-Pain Sleep;;;;Chemtox;;;Isotrexin;;Felodipin Ct;Lazanda;FLUCONAZOLE RATIOPHARM;;FUROSEMIDE SANDOZ;Ruibeike;;;Venelbin;Rolatuss with Hydrocodone;;Isopto Epinal Iit>;;;LANSOPRAZOLE ARROW;;Lingchengong;LECTACIN;RectiCare Advance Cream;;;MPM;;MEDLONE;Neopramiel;ritate;;;;MIRTA;Sevredol M;;;;;Nitroglyn E-R;;;;;;Bromfed Reformulated Jun 2008;;PIPERACILLINE PANPHARMA;;;A BIS;;SIMVASTATINE ALTER;Lasilactone;;;Septra;;;Tial;;;Triamteren Hct Bt;BN;;;;Nasenspray Disapo
;Van-Valacyclovir;;Cordarone X;Caduet;Amoxi Sandoz;Omnipen-N;;;Alka;ATOTEROL;;ASNAL;Becolax;;;CAPTOPRIL/HYDROCHLOROTHIAZIDE RATIOPHARM;Dilasig;;;Mobenzocin;ASTRIAXONE;Van-Ciprofloxacin;;Basocin;;;UREMIN;Otobacid N;;Diltiazem Verla;Correct Dose Childrens Allergy Relief;;;;Cv Tox;;;Xinhongkang;;L-DIPINE;Fentanyl Ratiopharm;FLUCONAZOLE SANDOZ;;FUROSEMIDE TEVA;Jielitai;;;Tubahaem;Stagesic;;AacuLose;;;LANSOPRAZOLE EG;;Levetiracetam Puren;LEVOFROXIN;Lidotral;;;VAIPENEM;;MENISOLON;Elieten;Vitazol;;;;MIRTAZAPINE ALMUS;HANLIM MORPHIN SULFATE;;;;;GTN;;;;;;Nohist DMX;;TAZOCILLINE;;;ALBISINE;;SIMVASTATINE ARROW;Urusonin;;;Bethaprim;;;ACETRAM-SEMI;;;Tri Thiazid Reserp;VANCO KIT;;;;Pertix
;Sitavig;;Amyben;Exforge;Amagesan;Unasyn;;;Mandaprin;ATROVAN;;AZIRO;Extra Strong Formula 12 Herb Lax;;;CAPTOPRIL/HYDROCHLOROTHIAZIDE TEVA;Dilatrend;;;Huaxianmei;CEFTRIAXONE BIOGARAN;Septa-Ciprofloxacin;;Clinda 1a Pharma;;;MINEURIN;Otricorten;;Dilzanton;Alka-Seltzer Plus Allergy;;;;Neuplex;;;Benzadermine;;FELODIP;Fentanyl Riemser Tds;FLUCONAZOLE ZENTIVA;;FUROSEMIDE ZENTIVA;Dexagenta-POS;;;HEPARIN NA HANLIM;Statuss Green;;HYCELL;;;LANSOPRAZOLE ZENTIVA;;Genlev;LITE LEVO;Otigo;;;Merrem;;MEPILONE;Ceolat;Rosadan;;;;MIRTAZAPINE BLUEFISH;S-MORPHINE;;;;;Nitrek;;;;;;Vazotab;;Expanem;;;ALMISO;;SIMVASTATINE GERDA;Aldace;;;Sulfatrim;;;ATWO;;;Tri Thiazid Stada;Ab Vancomycin;;;;Rhino Stas
;ACY-M;;Amiod;Azor;Augmentine;Sulbacsin;;;Atransipar;BC ATORVASTATIN;;AZITHRIN;Feen-A;;;Captohexal;Carvedilol Abz;;;Lianbangsaifumei;CEFTRIAXONE CRISTERS;Arflox;;Clinda Ar;;;CODESMO ODIFS;Predni F;;Dil Sanorania;Rx-Act Ibuprofen PM;;;;Posicaine Sp;;;Erycine;;HYDROFINE;Fentanylharm;OROFLUCO;;Diaphal;Gentamicin Paediatric;;;CALCIPARINE SOUS CUTANEE;Dynatuss DF;;Cellugel;;;OGAST;;Levetiracetam Beta;ELEVO;Depo-Medrol + Lidocaine;;;MEROPENEM ARROW;;MESOLONE;Gastrokinet;Lindoplus;;;;MIRTAZAPINE EG;JEIL MORPHINE HCL;;;;;Nitrogard;;;;;;Despec Reformulated Jun 2008;;Piperacillin Eberth;;;CUDIN;;SIMVASTATINE QUALIMED;Aldopur;;;Comox;;;AUSMADOL;;;Dociton;Vanco 500 Ar;;;;Rhinova
;A-VER;;Amiodaron Awd;Micamlo;Cuxacillin;Sulbacillin;;;Anadin Extra;HUSTAR;;AZITHRON;Magic Bullet Laxative;;;Capto Comp Ksk;Carvedilol Sandoz;;;Weirui;CEFTRIAXONE GERDA;ALCON KOREA CIPROBAY;;Clinda Ipp;;;DEMORIN;Rheumasit;;Dilsal;Antemesin;;;;Ultracaine Ds Forte;;;E.E.S.;;SPLENDIL;Fentanyl Acino;Dizole;;Furobeta;LoZatom;;;HEPARINE CHOAY;Uni-Tricof HC;;Gonak;;;OGASTORO;;Levetiracetam Fair Med;WHANIN LEVOFLOXACIN;Medica;;;Beineng;;PREDISOL;Metoclamid;Metronidazol 1a Pharma;;;;MIRTAZAPINE MYLAN;Kapanol;;;;;Nitromin brand of nitroglycerin;;;;;;Maxiphen CDX;;Piperacillin Fresenius;;;CURAN;;SIMVASTATINE RANBAXY;Furo Aldopur;;;Septrin Forte;;;HUTRADOL SEMI;;;Diuretikum Verla;Vancomycin Atv;;;;Rapako Xylo
;J-ACYCL;;Amiodaron Holsten;Zacras;Emtemox;Amsulmylan;;;Danamep;TOVAST;;AZITRA;Jamp-Bisacodyl;;;Capto-Ct;Carvedilol-Corax;;;Tepuxin;CEFTRIAXONE PANPHARMA;CIPROCIN HC;;Clinda Wolff;;;Nocutil;Rubizon;;DILTELAN;Asthma Longor;;;;Primatene Reformulated Jan 2019;;;Maracyn;;STAPIN;Fentanyl Ad;Difluzole;;Furorese;Legacy;;;Fibraflex;SymTan;;Hyprosol;;;Lansogamma;;Levetiracetam Holsten;LEVOFEXIN;Anginol Lidocaine;;;Haizhengmeite;;SOLOGEN;Mcp 1a Pharma;Metronidazol Frese;;;;MIRTAZAPINE PFIZER;Momex Sr;;;;;Trintek;;;;;;Ry-Tann;;TAROTEN;;;DOUBLE ONE;;Lipex;Frumikal;;;Baktar;;;MEGASPEN;;;Triamteren Hct Sandoz;Vancomycin Hameln;;;;Stas Nasenspray
;ACLOBI;;Cornaron;Ningliping;Glassatan;Pisulcin;;;Aspirin Up;INIST ATORVASTATIN;;AZITRON;Ratio-Bisacodyl;;;Captopril Acis;Ran-Carvedilol;;;Ansaiding;CEFTRIAXONE SANDOZ;CIPROMIN;;Clindamycin Al;;;Minirin Rhinyle;Supertendin;;DILTIAZEM HCL DAEWON;Atma Sanol;;;;CAMBRICAINA;;;Ornacyn;;FELODIN;Fentaderm;Fluzole;;Furosemid Abz;Gentisone HC;;;Hepa-Salbe;Vanex Expectorant;;Contac;;;Lansoprazol Abz;;Levetiracetam Pfizer;LEVOSTA;LTA;;;Vaborem;;MESOLOME;Mcp Abz;Metronidazol Heumann;;;;MIRTAZAPINE SANDOZ;Morphin-Actavis;;;;;Vasolator;;;;;;Allerx Suspension;;TAZOCIL;;;GI-EASY;;Simvacor;Sali Aldopur;;;Pijin;;;NEUTRACET SEMI;;;Veratide;Vancomycin Lederle;;;;Snup
;CITROVIR;;Eucard;Anneizhen;Paediamox;Ampicillin Stada;;;Aspirine Rw;MYUNGMOON ATORVASTATIN;;BIAZIT;Pms-Bisacodyl;;;Bci Captopril;CAVE-CT;;;Kangdixin;TRIACEFAN;CIPRONIN;;Clindamycin Ct;;;Apo-Desmopressin;Terracortril;;CHLORHYDRATE DE DILTIAZEM MYLAN;Betadorm;;;;Xylocaine with Epinephrine;;;Anamycin;;LOGIMAX;Ribofentanyl;Femrelief One;;Furosemid Acis;Corti Refobacin;;;Heparin-Rotexmedica;Vi Q Tuss;;T-Lac Hypromellose;;;Lansoprazol Aurobindo;;TINACETAM;LEVOTIN;Lidazone;;;YUNGJIN MEROPENEM;;METHY;Mcp Beta;Metronidazol Saar;;;;MIRTAZAPINE ZYDUS;Substitol;;;;;Millisrol;;;;;;Amitex LA;;TAZOTAM;;;RABITE-A;;Juvisync;Sincomen;;;Pilu;;;TAMIDOL SEMI;;;Dehydro;PFIZER VANCOMYCIN HCL;;;;Vivirhin S
;Soothelip Cold Sore;;Mtw Amiodaron;Yasikeping;Phamoxi;Ampiclox;;;Aspirine T;RIPISTIN;;HANMAX;Gentlax Reformulated Jan 2008;;;Captril;CARZEN;;;Glazidim;Cefotrix;NEWLOXACIN;;Clindamycin Hameln;;;;Tannocortison;;DILRENE;Bronchistin;;;;Ana-Guard;;;Bisolvonat;;Felodipin Abz;Subsys;Femzole;;Furosemid Denk;Dexa Gentamicin;;;Neygeront-Vitalkapseln;Execof XP;;Brolene Cool Eyes;;;Lansoprazol Pensa;;Q-PAM;LEVOFLOXACINE ACCORD HEALTHCARE;Rectacreme;;;DONGKWANG MEROPENEM;;METHYSON;Mcpham;Tricho Cordes;;;;Aurozapine;Morphine Lp Epidural;;;;;Minitro;;;;;;De-Chlor DR;;Piperacillin Hexal;;;RANIBIG;;Simvami;Spiro;;;Cotrimstada;;;THERAPEN SEMI;;;Dytide;VANCOMYCIN HCI KOREA UNITED;;;;Dr. Henk Balkis Schnupfenspray
;Herpetad Cold Sore;;Sedacoron;Xiluoning;Uro Clamoxyl;Berocillin;;;Aspirine Ti;ROVATO;;ROZIA;Ex-lax Ultra;;;Ftp-Captopril;CAVEWIN;;;Solvetan;Ceftriaxon Hexal;NOVARTIS CIPROBAY;;Clindamycin Klast;;;;Totocortin;;DILTIAZEM ZENTIVA;Cholo Teknosal;;;;Asthmahaler;;;Ecolicin;;Felodipin Sandoz;MYUNGMOON FENTANYL CITRATE;Fungata;;Spironolacton Dura;Duragentamicin;;;Sensicutan;Condasin;;Clear Eyes Pure Relief Multi-Symptom;;;Lansoprazol Stada;;LEVETIRACETAM HOSPIRA;LEVOFLOXACINE CRISTERS;LidoWorx;;;HANALL MEROPENEM;;PDILONE;Paspertase;Trikozol;;;;Mirta Tad;Ms Ir Sup;;;;;Myocor;;;;;;Ear-gesic;;COMBICIN;;;RANITIDINE NELSON;;Simvastatin Abz;Spiro Inen;;;Cotrim Dio;;;TRACET SEMI;;;Dytac;VANCOCIN CP 1G;;;;Gib Nasenspray
;Zovirax Chickenpox;;AMIODARONE ALMUS;Peramteva;ABACTAM;Broncho Binotal;;;Aspirine Vt;ATORVASTATINE ALTER;;ZIDMAX;Entrolax;;;CAPTOCID;DALAT;;;DONGWHA CEFTAZIDIME;Ceftriaxon Hikma;RP CIPROK;;Clindamycin Mip;;;;EYETODEX;;Dilzem;Dolo Visano;;;;Bronkaid Mist;;;Eupragin;;Mobloc;FENTADUR;Fluconazol Al;;Ava-Furosemide;Gent Ophtal;;;Venosin;Max HC;;Visine Tired Eye Relief;;;Lansoprazol Teva;;Levitam;LEVOFLOXACINE SANDOZ;ProCoMycin;;;LIGHT MEROPENEM;;ADICORT;PANBURON;Ulcolind;;;;Mirtagamma;Ratio-Morphine;;;;;Nitropen;;;;;;Sonahist;;LYNBACTAM;;;KWANGDONG RANITIDINE HCL;;Simvastatin Al;Spironolacton Awd;;;Cotrim Eu Rho;;;TRAMAROL;;;Kalspare;VANCOMYCIN YOOYOUNG;;;;Olynth
;Numark Cold Sore;;AMIODARONE ALTER;Copalia;ACICLA;Jenampin;;;Aspirine Wl;ATORVASTATINE EVOLUGEN;;ZIROTHMIN;Bisacodyl Ipa;;;Ecopace;INTRAC;;;K-DIME;Ceftriaxon Hospira;SEPTOCIPRO;;Clindamycin Ratiopharm;;;;YUHAN DEXAMETHASONE;;Diltiazem Hcl Adoh;Dormutil;;;;Glaucon;;;Erycinum;;Apo-Felodipine;GUJU FENTANYL CITRATE;Fluconazol Aristo;;Furoside;Gentamicin Br&;;;Defencath;Canges XP;;Goniovisc;;;Ntp-Lansoprazole;;Levetiracetam Desitin;LEVOFLOXACINE ZENTIVA;Soulus;;;MECAPEM;;BEARSOLONE;METOCLOPRAMIDE MYLAN;METRONIDAZOLE CJ;;;;Apo-Mirtazapine;Pms-Morphine Sulfate Sr;;;;;Meditrans;;;;;;XiraTuss;;TAZOCIN;;;RABISU D;;Simvastatin Amneal;Spironothiazid;;;Cotrim Forte Heumann;;;TRANOPHEN SEMI;;;Confit;UNION VANCOMYCIN;;;;Nasengel Al
;Virasorb Cold Sore;;AMIODARONE RATIOPHARM;Amlocard;ACRAN;Lucipen;;;Ass Al;ATORVASTATINE ISOMED;;AzaSite;Bisacodyl Volkspharma;;;Kaplon;Carvecard;;;TAZID;Ceftriaxon Mylan;Cetraxal;;ZANEA;;;;DEXASIN;;Alti-Diltiazem;Hevert Dorm;;;;P1E1;;;Eryliquid;;FELLIDIN;FENTANYL CITRATE HANA;Fluconazol Aurobindo;;Frusemix;Gentamicin Hexal;;;Hepflush;Hydro-PC II;;Tears Renewed;;;LANOPRA;;Levetiracetam Tad;Levofloxacin - Actavis;Hexa-Caine;;;DAEWOONG MEROPENEM;;MECHIBON;Pileran;TRIZELE;;;;Ava-Mirtazapine;Abl;;;;;Ruobixun;;;;;;Aquatab C Reformulated Dec 2008;;TAZOBAXIN;;;RADIN-Q;;Simvastatin Heumann;Spirostada;;;Cotrim Sandoz;;;TRAPHEN;;;Diu Venostasi;Vancomycin Cp;;;;Nasenspray Al
;Acilomin;;AMIODARONE SANDOZ;Amlodipin Abz;AMOCICLE;Penstabil;;;Ass Awd;ATORVASTATINE RANBAXY;;ZPAK;Lax;;;Capoten;Carvedilol Beta;;;YOOYOUNG CEFTAZIDIME;Ceftriaxon-Ratiopharm;Proquin;;Zindaclin;;;;HUMEDIX DEXAMETHASONE SODIUM PHOSPHATE;;Apo Diltiaz;Logomed Juckreiz;;;;P6E1;;;Erythro Lt;;TOPSPIN;DAIHAN FENTANYL;Fluconazol Axcount;;Aridil;Inflanegent;;;Hepafilled;Hydrotussin HD;;Vizulize Hypromellose;;;LANSOP;;Levetiracetam Winthrop;Levofloxacin Aiwa;Ralvo;;;MEROPENEM ACTAVIS;;MEDNIN;Mcp Heumann;MEROGEL;;;;Auro-Mirtazapine;Avinza;;;;;Transiderm-Nitro;;;;;;PediaCare Children's Allergy & Cold;;PIPERACILLINE TAZOBACTAM GERDA;;;RANID;;Simvastatin Stada;DUROZIDE;;;Duobiocin;;;TROCET;;;Furesis;Pms-Vancomycin;;;;Nasenspray Heumann
;Airnurse;;Rithmik;Amlodipin Ct;AMOCTASIM DUO;Pen Bristol;;;Ass Dura;ATORVASTATINE TEVA SANTE;;Azinthromycin;Laxans Heumann;;;Kaifulin;Carvedilol Isis;;;CEFTAZIDIME ACTAVIS;J-AXONE;Cipro XR;;Clindastad;;;;JEIL DEXAMETHASONE;;Ava-Diltiazem;Nocturetten;;;;Lidosite;;;Etromycin;;Felogen;FENTACAN;Fluconazol Claris;;Froop;GENTRISONE;;;Qizheng;De-Chlor G;;Berberil;;;LANSOPRAGEN;;Levetiracetam-Ct;Levofloxacin B. Braun;Germoloids HC;;;MEROPENEM GERDA;;SPOLON;Metoclo-Hameln;METRONIDAZOLE MACO PHARMA;;;;Gd-Mirtazapine;MS Contin;;;;;Angopect;;;;;;Sudafed PE Children's Nasal Decongestant;;PIPERACILLINE TAZOBACTAM MYLAN;;;RANITID;;Zeklen;SPIRONOLACTONE ALTIZIDE ARROW;;;Drylin;;;ULTRACET ER SEMI;;;ISOBAR;Val-Vancomycin;;;;Nasenspray Luenpharma
;Clovate;;Amiodaron Al 200;Amlodipin Volkspharma;AUGMEX DUO;Summopenil;;;Ass Genat;ATORVASTATINE ZYDUS FRANCE;;Clamelle;Laxans Ratiopharm;;;Captopril Actavis;CADILEN;;;CEFTAZIDIME KABI;CEFCEFA;Peiton;;Clindamycin Dura;;;;YUHAN DEXAMETHASONE DISODIUM PHOSPHATE;;Diltiazem Cd;Perasthman;;;;Mydricaine 1;;;Erythromycin Zink Kohlpharma;;Parmid XL;FENTANYL CITRATE DAEWON;Fluconazol Denk;;Delone;BETTERDERM-G;;;PosiFlush;Reprexain;;Gynofit;;;LANSOROL;;Levetiragamma;Levofloxacin Dr. Eberth;LMX 4;;;MEROPENEM MYLAN;;METHYLPREDNISOLONE MYLAN;Mygdalon;SPIRAMYCINE/METRONIDAZOLE ACTAVIS;;;;Ntp-Mirtazapine;MST Continus Suspension;;;;;Dysto Loges;;;;;;Rondec-DM Reformulated Feb 2009;;PIPERACILLINE/TAZOBACTAM SANDOZ;;;RANITIDINE HCL YOUNGPOONG;;Auro-Simvastatin;SPIRONOLACTONE ARROW;;;Microtrim;;;ULTRAPIN;;;Hydrene;;;;;Nasentropfen Xylo
;Baozhenkang;;Amiodaron Hcl Hikma;Amlo Tad;AUGUMAC;Totocillin;;;Ass Hexal;Cadivast;;Lizhuqile;Mandrolax;;;Captopril Hct;CARDINAL;;;CEFTAZIDIME PANPHARMA;Q AXONE;Sivastan;;Ava-Clindamycin;;;;TOBAREN;;Diltiazem Tz;Ribbeck En;;;;Episnap;;;Hydrodermed;;Vascalpha;FENTANYL RENAUDIN;Fluconazol Lyomark;;Diuresal;OPTISOL GS;;;Arnica Kneipp;Guiaplex HC;;Medicell;;;LASOTEC;;Kevesy;Levofloxacin Hec Pharm;Xylocaine with Adrenaline;;;MEROPENEM PANPHARMA;;Metypred;Parmid;SPIRAMYCINE/METRONIDAZOLE BIOGARAN;;;;Zym-Mirtazapine;Filnarine SR;;;;;Eukliman;;;;;;Tussi-12 Tablet;;Pipracil Im;;;RANITIDINE SINIL;;Mint-Simvastatin;SPIRONOLACTONE CRISTERS;;;Sulfotrimin;;;WOOLPOWERSET SEMI;;;Beta-Turfa Gamma;;;;;Xylometazolin Hcl Dr. Max
;Alun;;Amiodaron Stada;Amlobeta;CLAMONEX NEO;Uro Binotal;;;Ass Ipa;Atorgamma;;Lujiakang;Logomed Abfuehr;;;Capto Hct;DAEWOONG CARVEDILOL;;;Ceftazidim Hikma;Liasophin;Manshulin;;Biacna;;;;Cresophene;;Med Diltiazem;Retroplex;;;;Mydricaine No1;;;Infectomycin;;Folpik;FENTANYL SANDOZ;Fluconazol Puren;;Lasilactone;STEROCIN-G;;;Essaven;Rutuss with Hydrocodone;;Hpmc Paa;;;OGAPRON;;Nat-Levetiracetam;Levofloxacin Sanovel;Anaesthol;;;MEROPENEM STRAVENCON;;Metysolon;Gastrese-LA;Metronidazol Puren;;;;Mirtazapin Axcount;MXL;;;;;Gericardial;;;;;;Allerest PE;;;;;ROUTINES;;Zym-Simvastatin;SPIRONOLACTONE EG;;;Sulfacet;;;ACCETRA SEMI;;;Dociteren;;;;;Tussamag
;Tianchengxier;;Apo-Amiodarone;Dafiro;CLAMOX NEO;PENBREX;;;Ass Isis;Atorvastatin Hennig;;Saiqi;Potsilo N;;;Capto Sanorania;SANDOZ CARVEDILOL;;;;Guofumei;Xipule;;Benzactin;;;;AURICULARUM;;Tria-Diltiazem;S 8 Schlaf;;;;Mydricaine No2;;;Oxy Mycin;;Lianhuanxiaoding;FENTANYL WINTHROP;Act Fluconazole;;Frumil;SAEROGENTA A;;;Enelbin;Su-Tuss HD;;Retaine HPMC;;;RASONOL;;Novo-Levetiracetam;Act Levofloxacin;Clinit;;;Meropenem-Rotexmedica;;Urbason;Paramax;Novo-Nidazol;;;;Mirtazapin Ct;Morphgesic SR;;;;;Gilucor;;;;;;Atuss DR;;;;;SURAS;;Ezsimva;SPIRONOLACTONE SANDOZ;;;SEVATRIM;;;ACEDOL;;;Diucomb;;;;;Balminil
;Qiangni;;Dom-Amiodarone;Norvas;CLAOXIN;UBACSIN;;;Ass Woelm;Atorvastatin Hexal;;Chuangcheng;Tempolax;;;Captobeta;SUVECA;;;;Ansailong;Ruikang;;Clinda-T;;;;ALDYZINE;;Ditatem;Sagittacin;;;;Adrenalin Injeele;;;Sigapaedil;;Lianhuanerding;Dutran;Bio-Fluconazole;;Axiya;SIANAL;;;Exhirud;Vortex;;Clear Eyes Dry Eyes;;;UPRA;;LEVETIRACETAM EVOLUGEN;NT-FLOXACIN;Dexa Attritin;;;;;Solumedrol;Pramiel;Likmez;;;;Mirtazza;Prepenon;;;;;Herz En;;;;;;Durahist;;;;;ALABIX;;Invast;SPIRONOLACTONE TEVA;;;Riva Sep Ds;;;ART SEMI;;;Nephral;;;;;Cold & Allergy Relief
;Aierxin;;;MAXMICA;CLAVON;AMPIBACTAM;;;Apovital;Atorvastatin Q-Pharm;;Yinuoda;CONTALAX;;;Captoflux;ALVELOL;;;;Ceftriaxon Atv;Ciprofloxacin Axsan;;Clindets;;;;FRAKIDEX;;CARDIBEN;Sedovegan;;;;Adrenalin Mbe;;;EGERY;;Felodipin 1a Pharma;Fentanyl Tad;Fem V;;Discoid;Gentacalm;;;Fucocux;Tuss-PD;;Sandoz Eyelube;;;Takelda;;Spritam;EUROPENTA;Duo Norgesic;;;;;A-SOLONE;Terperan;COMBIPHAM;;;;PMS MIRTAZAPINE;Mophiato;;;;;Infi Glonoinum;;;;;;K Tan;;;;;ALGAS;;VYTRIN-Q;SPIRONOLACTONE ZYDUS;;;U-PRIN;;;ATRACEN;;;Triarese;;;;;Otrivin Pediatric
;Boshiduowei;;;TELOPINE;FOXOLIN;SULBACIN;;;Axanum;Atorvastatin Zentiva;;Anmeiqin;Apolax;;;Captomerck;AUSTIN CARVEDILOL;;;;CEPTAXONE;Ciprofloxacin Chephasaar;;Duac;;;;Otodex;;Angitil SR;Schlafetten Elac;;;;Asthmolysin;;;ERY;;Felodipin Abl;Fenylat;TRIFUCAN-FORTE;;Furosemid Basics;Gentamicin Pfizer;;;Haemocura;Dalmacol;;AaproMel;;;Lanxiduo;;Roweepra;HURESIN;Dorithricin;;;;;SOLONE-M;Gastrotimelets;Zidoval;;;;MIRTAZAPINE RANBAXY;Morphine HCL Sterop;;;;;Ledocor;;;;;;Lortuss DM;;;;;ALVOS;;EVANSTIN;Dociton;;;SINOTRIM;;;CETAMADOLE;;;Apo Triazide;;;;;Otrivin With M-D Pump
;Viratop;;;ATODIPIN;MEDICLA;Unacid;;;Cardipyretten;Kexrolt;;Ruiqilin;Detulax;;;Coronorm;CAVEROL;;;;DONGKWANG CEFTRIAXONE;Ciprofloxacin Fair Med;;Clindamax;;;;Baycuten Hc;;Slozem;Supertendin;;;;E Pilo;;;ERYFLUID;;Felodipin Ratiopharm;Fentamat Sandoz;FUCONAX;;Furosemid Heumann;Decoderm;;;Heparin Ct;Ratio-Coristex-Dh;;Visine Tears Long Lasting Dry Eye;;;Dakepulong;;Kaijixin;LEVOLOC;Eulatin;;;;;APREADY;Gastrotranquil;Flagyl;;;;MIRTAZAPINE TEVA;Ipecacuanha and Morphine mixture BP 1980;;;;;Myocardetten;;;;;;Norel SD;;;;;WOORITIN;;EZESTIN;Osyrol;;;Comixco;;;HUNIZ TRACET;;;Teva-Triamterene/Hctz;;;;;Ophtrivin A
;Xerese;;;AMBAS;MYUNGMOON AMOCLAN DUO;Nu-Amp;;;Cc Cor;Triveram;;Likesi;Cervolax;;;Jutacor;DILATROL;;;;AJU CEFTRIAXONE SODIUM;Ciprofloxacin Hikma;;ANTIROBE;;;;Axidexa;;Zemtard XL;Delsym Night Time Cough and Cold Reformulated Jan 2012;;;;Isopto;;;ERYLIK;;Logimat;Fentanyl Al;FURUZOLE;;Furosemid Ratiopharm;Refobacin;;;Heparin Plus;Solucodan;;Visine Dry Eye Relief;;;Lansoprazol Basics;;Weian;LEVONA;Elac;;;;;ECBAN;Gastrotrop;Flagyl S;;;;Axit;Rhotard SR;;;;;Myocardon;;;;;;Phenavent LA;;;;;KBIS D;;LIPETORIN;Spiro-Ct;;;Laratrim;;;ACEMADOL;;;;;;;;Otrivine Child
;Clearsore;;;AMDIOL;O-MEN;BACCILLIN;;;Cebion;Torvast;;Shunfengkangqi;Luen-Lax;;;Mundil;GLODIOL;;;;ALGITRISON;Otovel;;Acanya;;;;Dexa-Rhinospray;;Kentiazem;Dermagesic Itch Relief;;;;Min I Jet;;;STIMYCINE;;Munobal;Fentanyl Beta;ONSNAZOL;;Furanthral;Alcomicin;;;Heparin Ratiopharm;Zohydro;;Goniosol;;;Lansoprazol Bluefish;;Woping;MAXACIN;Farco Uromycin;;;;;EDVANCE;Indical;Anabact;;;;Mirtazapine Odt;Morphin Gruenenthal;;;;;Nitro Carino;;;;;;Relacon-HC;;;;;RANIS;;MEDITORIN;Spiro-D-Tablinen;;;Bactrim;;;A-CET;;;;;;;;Tixycolds
;Lipsore;;;AMLODUET;PAMOCKLE DUO;GOMBACILLIN;;;Cheplamed;Ava-Atorvastatin;;Tailite;Laxocodyl;;;Tensostad;CAVEDIN;;;;DONGWHA CEFTRIAXONE SODIUM;CITRO;;Debaosheng;;;;Dexafluid;;Dilcardia XL;Tylenol Flu Maximum Strength Nighttime;;;;Piladren;;;Erythromycin 500 Heumann;;DECREAPIN;Fentanyl Hexal;POLYNAZOL;;Furo 1a Pharma;Betaject;;;Heparin Riker;Hycofenix;;Isopto Alkaline;;;Lansoprazol Heumann;;LEVETIQUAL;REBORACIN;Haemoagil;;;;;KEDISOLONE;Metoclopramid Awd;Metryl;;;;Mirtazapin Abz;Morphinsulfat Gry;;;;;Nitro Cum;;;;;;Tussi-Pres;;;;;RANITAC;;SAEVASTA;Spirobeta;;;Sultrex Pediatric;;;ACETRACET;;;;;;;;4-Way Moisturizing
;Aciclovir Lin;;;AMLONIN;SULBACTAMIN;Co-fluampicil;;;Cetegrippal;Pms-Amlodipine-Atorvastatin;;Kuaidi;Rheingold Xpress;;;CAPOZIT;INTRACK;;;;HUVIAXONE;HUTECS CIPROCIN;;Keranfu;;;;Dexagalen;;Disogram;Alka-Seltzer Plus Night Severe Cold, Cough and Flu;;;;Perivar;;;Erythromycin Stada;;FELEGISOK;Apo-Fentanyl;Diflucan One;;Furo Abz;Garamycin Drops;;;Juwoment Sport;P-V-Tussin Syrup;;Mandanol;;;Lansox;;STARETAM;SOLTO;Haemomac Ct;;;;;MD;Mcp Al;Protostat;;;;Mirtazapin Beta;Zyo Morphinsulfat;;;;;Nitro Delalande;;;;;;Rhinacon A;;;;;RANITIDINE HCL BC;;SAMSUNG BAY;Spironolacton Heumann;;;Septrin Paediatric;;;ATRACET;;;;;;;;Sudafed Blocked Nose
;Herpoviric;;;AMLOSAR;ACLAN;Pentrexyl;;;Coffalon;Pms-Atorvastatin;;Chenyu;Pyrilax;;;CAPTOPRIL ARROW;CARVILOL;;;;K-AXONE;LOFUCIN;;Bole;;;;Dexamethason-Jenapharm;;Kenzem;BUTIX;;;;Xylestesin;;;Erythromycin-Actavis;;FELODION;Pms-Fentanyl Mtx;Tianfanglixing;;Furo Aldopur;Garasone;;;Parin Pos;Nazarin HC;;Lumecare;;;LANGATON;;EPISK;Iquix;Heparin Dihydergot;;;;;MEPREN;Mcp Isis;Nidazol;;;;Mirtazapin Heumann;HANA MORPHINE SULFATE;;;;;Nitro Pohl;;;;;;Tussi-12D S;;;;;RATIGEN;;SIMLOX;Spironolacton Aaa-Pharma;;;Tibi;;;CETRA;;;;;;;;Dorenasin
;Mapox;;;AMODIN;ACLANTIS;Ampensaar;;;Deskoval;Atorvaliq;;Qiyue;Bi-Peglyte;;;CAPTOPRIL BIOGARAN;CAVEDOL;;;;KORUS CEFTRIAXONE SODIUM;MYUNGMOON CIPROFLOXACIN;;Lihong;;;;Dexamethason-Rotexmedica;;Anoheal;NAUTAMINE;;;;Auvi-Q;;;Erysol;;FELODIPINE KUHNIL;Fentanyl Zf;Laikang;;Furo Ct;Ocugram;;;Sportino;Zymine HC;;Visine All Day Comfort;;;LANPTON;;LEVETIRACETAM ACCORD;Jinyuxing;Hexamon;;;;;METHYLD;Mcp Sandoz;EnteroGuard;;;;Mirtazapin Hexal;HIGHMOL;;;;;Nitrokapseln Ratiopharm;;;;;;Covangesic;;;;;SAMNAM RANITIDINE;;SIMVAEZI;Spiretic;;;Nuodefei;;;ENSITRA SEMI;;;;;;;;Erkaeltungspaket Ratiopharm
;ANACY;;;AMSTEL;AMOCICLE DUO;Ampicillat;;;Dento;Atostat;;Fengdaqi;Bisacolax;;;CAPTOPRIL BIOSTABILEX;WONVELOL;;;;KUKJE CEFTRIAXONE SODIUM;INIST CIROXIN;;Boshiduota;;;;Cortidexason;;Horizem;Antitussive With Diphenhydramine Cough Medicine For The Family;;;;LIDOCAINEEPINEPHRINE YUHAN;;;Erythro-Ec;;FELODIPINE SCHNELL;DUFENYL;Haokang;;Furo Puren;Sandoz Pentasone;;;Trirutin;H C Tussive-NR;;GenTeal Tears;;;LANCID;;LEVETIRACETAM ARROW;Yunkedi;Infectogingi;;;;;METHYREID;Migraeflux;Rosiced;;;;Mirtazelon;Ms Mono;;;;;Nitrolingual Poh Mtk;;;;;;Efasin-HD;;;;;URANTAC;;SIMVATIDIN;Spironol;;;Nuodaming;;;GOODTRASET;;;;;;;;Espa Rhin
;BACYLOVIR;;;ANYFORGE;AUCLAN NEO;Ampicillin Nj;;;Duo Pyrin;ADOBE;;Jinpaiqi;Laxcodyl;;;CAPTOPRIL HYDROCHLOROTHIAZIDE MYLAN;KREDEX;;;;APROGEN CEFTRIAXONE;JINYANG CIROXIN;;Fude;;;;Infectodexakrupp;;Yabaolingshuang;Sleepwell;;;;ADRENALINE AGUETTANT;;;Erythro-S;;FELODEN;Actiq;Runing;;Jenafusid;Maxi-Otic;;;Venen;A-Cof DH;;Leiran;;;SCHNELL LANSOPRAZOLE;;LEVETIRACETAM SUN;Ziluosu;Lidesthesin;;;;;METHYSOLONE;Reginerton;Anaemetro;;;;Remergil;Ms Normal;;;;;Natirose;;;;;;Histatan;;;;;WE-Q;;SIMVAV;Shiertong;;;Oulin;;;JIMURADOL SEMI;;;;;;;;Gute Besserung Ernstfall Ratiopharm
;HYUNDAI ACYCLOVIR;;;AVASC;ACLAN DUO;Ampicillin Sad;;;Dolo Visano;ATOMET;;Jinnuo;The Magic Bullet;;;CAPTOPRIL MYLAN;Dicarz;;;;BORYUNG CEFTRIAXONE;J-LOXACIN;;Keersheng;;;;Solutio Cordes;;Dierding;Delsym Cough Plus Cold Night Time;;;;PREDESIC ADRENALINE;;;Ees-200;;FENODIPINE;Bufyl;Luorui;;Mirfat;GENTIZONE;;;PINE;TussiCaps;;Alcon Adequad;;;LANPZOLE;;Kepcet;Tianlida;Lido Posterine;;;;;Medrol;MECKOOL;Leyifu;;;;Riva Mirtazapine;Morphine Sulfate Mr;;;;;Rauwolsan;;;;;;Med-Hist-HC;;;;;RANIPLEX;;VAIETE;Acelat;;;Yinuonikang;;;LEGOCET;;;;;;;;Logomed Nasen
;KORUS ACYCLOVIR;;;BELOPINE;ACRENTIN;Ampicillin Usp Ckc;;;Enelfa;ATOZAL;;Sailexin;Evac-U-Gen Reformulated Jan 2008;;;CAPTOPRIL ZENTIVA;Carve Tad;;;;SPC CEFTRIAXONE SODIUM;POONGLIM CIPROFLOXACIN HCL;;Tianfanglitai;;;;Apo-Dexamethasone;;Zempt;Mucinex Children's Night Time Multi-Symptom Cold;;;;XYLOROLLAND;;;Novo-Rythro Ethylsuccinate;;MUNODIPINE;Durogesic;Fluconazolenerics;;Nortensin;Garamycin;;;GREENCROSS HEPARIN SODIUM;Codimal DH Reformulated Oct 2007;;GenTeal Gel Drops;;;RP LANSOPRAZOLE;;Levi;Heke;Mastu;;;;;Solu-Medrol;GASTROMETO;Huashi;;;;Pms-Mirtazapine;Paveriwern;;;;;Vitafolia Statik;;;;;;Rolatuss-SR;;;;;RANITIDINE MYLAN;;Vytorin;Duraspiron;;;Cotrimox Wolff;;;MUPAIN;;;;;;;;Lomupren
;SINIL ACYCLOVIR;;;HAPERTEN;AHACOOL;Binotal;;;Fineural;CADUO;;Paifen;Correctol laxative Reformulated Feb 2008;;;ECAZIDE;Carvedigamma;;;;CEFTRIAXONE ARROW;CETRAXAL PLUS;;Dafenrong;;;;Dexamethasone-Omega;;Dilcardia SR;Wal-Phed PE Cold Multi-Symptom Nighttime;;;;NORADRENALINE HOSPIRA;;;Pdp-Erythromycin;;SAMIK FELODIPINE;Fencino;Flucon Ac;;Sigasalur;Ed-Mycin;;;HEPARIN CHOONGWAE;Mintuss G;;Bion Tears;;;LANSOPRAZOLE ALMUS;;Levelep;Anlilai;Mykoproct;;;;;Neo Medrate;CHLORHYDRATE DE METOCLOPRAMIDE RENAUDIN;Weidile;;;;;Morphin Aristo;;;;;NITCERIN;;;;;;Stahist;;;;;Ausran;;Lloydspharmacy Cholesterol Lowering;Euteberol;;;Cotrim Abz;;;PENASET;;;;;;;;Nasenen Ratiopharm
;VACROVIR;;;HIGHLOWTEN;AMOCTIN;Dura Ampicillin;;;Febrisan Ass;CARDIREX;;Weihong;Doxidan Reformulated Sep 2008;;;Captopril Stada;Carvedilol Aaa-Pharma;;;;CEFTRIAXONE EVOLUGEN;UNIMED CIPROFLOXACIN;;Xinpufeng;;;;Diodex;;Cardil;Wal-Som;;;;Adrenaline Min-I-Jet;;;Odan-Erythromycin;;FELODIPINE HANMI DURULES;Effentora;Fluconazol Atv;;Spiro;Gentak;;;K HEPARIN;Hydro GP;;Tear-Lac;;;LANSOPRAZOLE BIOGARAN;;Levepil;Jinnuoerman;Neuro Europan;;;;;COTIRON;ANAUSIN METOCLOPRAMIDE;Nimeixin;;;;;Morphin Wockhardt;;;;;NITRO;;;;;;Tussirex;;;;;Heartburn Relief;;Inegy;Sagisal;;;Duratrimet;;;RAPICET SEMI;;;;;;;;Otalgicin
;VIVIR;;;I STA;AMOLANIC ES;Suractin;;;Fensum;CARENET;;Xineng;Bisac-Evac;;;Captopril Aristo;Carvedilol Acis;;;;CEFTRIAXONE G GAM;K-PRO;;Meidixing;;;;Pms Dexamethasone;;Diltiazem 1a Pharma;ZZZ Sleep;;;;Bucanest;;;Stievamycin Forte;;FELOPIN;Marcain;Fluconazol Pharmore;;DAILIX;Gentafair;;;ESBERIVEN;Procof;;Celoftal;;;LANSOPRAZOLE BIPHAR;;Levetan;Lailixin;Orofar L;;;;;MEDIONE;METOCLOPRAMIDE SANDOZ;Vagimid Vaginal;;;;;Morphin-Hameln;;;;;TRINITRINE SIMPLE LALEUF;;;;;;AK-Nefrin;;;;;Ranitic;;Ramian;Supra Puren;;;Kepinol;;;SUPRAFEN;;;;;;;;Snivex
;CROWN ACYCLOVIR;;;LEXPAGE Q;AUMENTIN;RUKASYN;;;Gelopol;COSPITOR;;Furuixin;Bisco-Lax;;;Captopril Denk;Carvedilol Aurobindo;;;;CEFTRIAXONE MYLAN;NEUROXACIN;;Tenasi;;;;Netildex;;Diltiazem Heumann;Bodyguardpharm Schlaf-Tabletten;;;;Nurocain With Adrenaline;;;Stievamycin Regular;;SANDOZ FELODIPINE;Osmanil;FLU;;URIRASEMI;Luricul;;;Lipactin;MINTUSS HC Reformulated Feb 2009;;Visco Shield;;;LANSOPRAZOLE ISOMED;;Levetiracetam Al;Yaxinbita;Otolitan;;;;;METYLON;MIGPRIV;Sentry AQ Mardel Clout;;;;;Morphin-Hcl Krewel;;;;;EpiPen;;;;;;Banex;;;;;Ranoxyl;;Shujiangzhi;Spiro F;;;Linaris;;;TAISON;;;;;;;;Xylo
;HAPIS;;;NECPO;CLACILLIN;AMCILLIN;;;Kassiodon;CRADIPAIR;;Linbi;Carters Little Pills;;;Novo-Captoril;Carvedilol Axcount;;;;CEFTRIAXONE WINTHROP;PROXCO;;Xinqi;;;;Puradex;;Diltiazem Vem;Euvegal;;;;Marcaine with Epinephrine;;;T-Stat Pad-Lot;;FLODIL;Mezolar Matrix;BUKWANG FLUCONAZLE;;FUROSEMIDE ARROW;Garasol;;;Venalot;Drocon-CS;;Aquae Dry Mouth;;;Agopton;;Levetiracetam Amneal;Luda;Orgasmus Stopper;;;;;EMPYSOLON;Metomax;Byk Metronidazol;;;;;Morphinsulfat Abz;;;;;Nitrolingual Forte;;;;;;Chemdal HD;;;;;Junizac;;Xizhida;Spiro Furosemid;;;Trigonyl;;;PAINLESS;;;;;;;;Xylo Comod
;PHARMAKING ACYCLOVIR;;;NEODROPINE;CLAMOX;UBACTAM;;;Neuralgin Ass;DIROSTA;;Aiyi;Gen Lax;;;Ratio-Captopril;Carvedilol Hexal;;;;Ceftriaxon Midas;QUINOS;;Jingdan;;;;Corti;;Dilzereal;Dolestan;;;;Adrenalin Infectopharm;;;Sterile Erythromycin Lactobionate;;Felocor;Opiodur;DAEHWA FLUCONAZOLE;;FUROSEMIDE EG;Pattotic;;;Thrombophob;Mintuss NX;;Methopt Tears;;;Lanso 1a Pharma;;Levetiracetam Aristo;Kelebituo;Procto Celestan;;;;;ANASOL;Apo-Metoclop;Infectoclont;;;;;Morphinsulfat Auto-Injector;;;;;Glonoinum;;;;;;Chemtussin HC;;;;;Ranitidin W 150;;Lizhishu;Spiro Lut;;;BACTRIM;;;PENCURE SEMI;;;;;;;;Xylo Ct
;CLIVAR;;;NORVATEC;CLAVUTIN DUO;UNISULAM;;;Neuramag;DUO V;;Qihong;Boots Constipation Relief;;;KETANINE;Ava-Carvedilol;;;;CEFRIXONE;CILOXADEX;;Clinda-Guard;;;;Dexycu;;Dilta Abz;Diphenhydramin-Pharmakon;;;;Allergodil;;;Dura Erythromycin;;Felodipin Dura;Instanyl;FLANLIN;;FUROSEMIDE MYLAN;Dispagent;;;Canusal;Pneumotussin;;Poly-Tears;;;Riva Lansoprazole;;Levetiracetam Bluefish;Jieqi;Procto Jellin;;;;;MPD L;Metoclopramide Omega;Metronidazol Ct;;;;;Morphinsulfat Ps Pharma;;;;;From Time To Time;;;;;;Chlortox;;;;;Acid Reducer;;Jiezhi;Spironolacton Al;;;Tms Forte;;;TARACET SEMI;;;;;;;;Xylo Siozwo
;CLOVIN;;;OLDIP;KLAVON DUO;Ampicillin+Sulbactam-Ratiopharm;;;Neo Gepan;ESTORIN;;Kaiqi;Vantage Pharmacy Constipation Relief;;;Hypapril;Novo-Carvedilol;;;;WHITE TRIAXONE;CIPROFLOXACINE ACCORD;;Veltin;;;;CLEAR-F;;Diltiagamma;Lunadorm;;;;Fastjekt;;;Aktipak;;Felodipin Stada;OneDuro;FLUCOSZOLE;;FUROSEMIDE ZYDUS;Durabetagent;;;Monoparin;Hydrocod-GF;;Clear Eyes Tears and Itchy Eye Relief;;;LANCEPT;;Levetiracetam Hexal;Xipukeding;Prigenta;;;;;DISOLRIN;Metonia;FLASINYL CJ;;;;;Msi;;;;;Nitrong Sr;;;;;;Comhist;;;;;Apo-Ranitidine;;Xisai;ALDALIX;;;Roubac;;;ACERANO;;;;;;;;Xyloduo Ratiopharm
;ILYANGBIO ACLOVA;;;OROSARTAN;LIUMOX NEO;;;;Novo Petrin;EUROVATIN;;Shuluokang;Jietai;;;Tensopril;Ratio-Carvedilol;;;;Rocephin;CIPROFLOXACINE BIOGARAN;;Clindacin;;;;DACLE;;Mtw Diltiazem;Sedawaman;;;;Lidocaton;;;ERYTHIN-S;;Delmuno;Abstral;FLUNAZOLE;;Uremide;Genta Coll;;;Calciparine;Hydrocodone CP;;Hypromellose-Stulln;;;LANCET;;Levetiracetam Normon;Ruikesha;Probaphen;;;;;MEDISONE;;MENIMA;;;;;Msr;;;;;NitroMist;;;;;;Cytuss HC;;;;;Med Ranitidine;;Jingbishuxin;SPIRONOLACTONE ALTIZIDE BIOGARAN;;;Nu-Cotrimox;;;ACETRACET SEMI;;;;;;;;Xylometazolin Ap
;SAMA ACYCLOVIR;;;SARDIPINE;MAXILIN;;;;Paedialgon;LIPINO;;Yuqi;Bisacodyl Teva;;;Hyteneze;Pms-Carvedilol;;;;Luoshifen;CIPROFLOXACINE PANPHARMA;;Clinda Carino;;;;DEXACOTISIL;;Tilker;Sediat;;;;Xylestesin-A;;;Aknemycin;;Modip;Fentanyl Me;FLUZOL;;Betasemid;Gentamicin Rotexmedica;;;Hepsal;Hydrocodone HD;;Dry Eye Tears;;;LANFEZOLE;;Levetiracetam Synthon;Aoweixian;Supertendin;;;;;METHYLPIDI;;METROCOL;;;;;Mst;;;;;Nitronal;;;;;;D.A. II;;;;;Riva Ranitidine;;Simvastatine Apotex;SPIRONOLACTONE ALTIZIDE MYLAN;;;Trisulfa;;;CETADOL;;;;;;;;Axea Nasentropfen
;TAIGUK ACYCLOVIR;;;SIAMLOPIN;MOXAMENTIN;;;;Retortapyrin;Lipitor;;Azi Teva;Docpelin Proculax;;;Captoril;Zym-Carvedilol;;;;Ceftriaxon Dts;CIPROFLOXACINE RATIOPHARM;;Clinda Mip;;;;DEXCOSIL;;DILTIAZEM BGR;Roewo-Dorm;;;;Ultracain;;;Arpimycin;;Unimax;Fentanyl Rotexmedica;FUCONAL;;Furogamma;Gentanit;;;Hepaflush;Kwelcof;;Lacril Dps;;;LANSETIN;;Prepalepan;Tianshawei;Steros Anal;;;;;Depo-Nisolone;;MISSILOR;;;;;Morph - 1 A Pharma;;;;;Nitrolingual;;;;;;Dicomal-DH;;;;;R-BOSDI;;Ezetimibe / Simvastatine Mylan;SPIRONOLACTONE ALTIZIDE TEVA;;;;;;DUODYNE;;;;;;;;Otriven
;VACRAX;;;S-SARTAN;PHARMA AMOXICILLIN;;;;Refagan N;Ale;;AZIROMAX;Neo Zirkulin;;;Kaifute;Carvidol;;;;Ceftriaxon Saar;CIPROFLOXACINE TEVA;;Clinda Stragen;;;;JSONE;;DILTIAZEM BIOGARAN;Regudorm;;;;Adaptagen;;;Erythroped A;;Renedil;Fentanyl Actavis;FUNAZOL;;Furosemid Stada;Sulmycin Implant;;;Peseta;Spantuss HD;;Ocutears;;;LANSOPAN;;Apo-Levetiracetam;Saiersining;Trachitol Hals;;;;;Methylprednisolon Acis;;ROZACREME;;;;;Ntp-Morphine Sr;;;;;Nitrodisc;;;;;;Codimal DH;;;;;ALBIADINE;;Bel Simvastatin;SPIRONOLACTONE ALTIZIDE ZENTIVA;;;;;;FINEMI SEMI;;;;;;;;Nasenspray E Hexal
;VIRAX;;;TELMINOVA;ILSUNG AUGMENTIN;;;;Ratiopyrin;ATOR;;AZATH;MUCINUM A L;;;Bangdemei;CARAVE;;;;Ceriaxon;CIPROFLOXACINE ZENTIVA;;Ribomin;;;;VIDEXA;;DILTIAZEM MYLAN;Reise-Tabletten Luenopharm;;;;Ad Plex;;;Eryzole;;;Fentanyl Awd;FURONAL;;Fusid;SAEROGENTA;;;SINUSPAX;Allay;;;;;LANSOPRA;;Bio-Levetiracetam;Tianfuxin;Wobe Mugos;;;;;Methylprednisolon Al;;GRINAZOLE;;;;;Abl;;;;;Nitrocontin Continus;;;;;;Ditussin-HC;;;;;ALBIRAN;;Simva Hennig;Spiractin;;;;;;HIGH-CONTI SEMI;;;;;;;;Nasenspray Elac
;ACICLOVIR BIOGARAN;;;TWINACT;INIST NEO;;;;Sinpro;ATOSTAR;;BINOZYT;Soflax;;;Kaibaoyaning;CARVEDILON;;;;CELLTRION CEFTRIAXONE;UNIFLOX;;CLINDAFLUID;;;;AK-Neo-Dex;;DILTIAZEM RPG;Aller-Aide;;;;Alopt;;;Erymin;;;FENTAS;LUNAZOL;;Osyrol;ACRASON;;;Xifuquan;Atuss HD;;;;;LANSOSIN;;Dom-Levetiracetam;Tefubike;Wick Sulagil;;;;;Neo-Medrol Acne;;SPIRAMYCINE METRONIDAZOLE GERDA;;;;;OPIDUL;;;;;Nitromin;;;;;;Duradal HD Plus;;;;;ALBITIDINE;;Simvacard;Spironolacton - 1 A Pharma;;;;;;TIOCET;;;;;;;;Vitanasin Schnupfentropfen
;ACICLOVIR EVOLUGEN;;;TWINHIGH;MAXICLAN;;;;Silentan;ALPHASTATIN;;AZADOSE;Hemolax;;;Cardiagen;CARVEX;;;;GENTRI;Ciprol;;CLINDAMYCINE KABI;;;;Dexacine;;DILTIAZEM SANDOZ;Allergy Formula;;;;Allforce;;;Ilotycin;;;BC FENTANYL CITRATE;TAI GUK FLUCONAZOLE;;Spiro-D-Tablinen;DIGENTA;;;Sukenuo;Co-Gesic;;;;;LANSOTEC;;Jamp-Levetiracetam;Levoflox Ct;Vita Brachont;;;;;L-SOLONE;;SPIRAMYCINE/METRONIDAZOLE ALMUS;;;;;Kadian;;;;;Rectogesic;;;;;;Rondex;;;;;ANITIN C;;Zocor Merck;;;;;;;TRACAN SEMI;;;;;;;;Cold And Allergy Decongestant
;REMEX;;;TWYNBETA;MOXICLE NEO;;;;Sofri;AROVAN;;AZITHROMYCINE ARROW;Mediolax Medice;;;Captopril Axsan;CARVIROL;;;;DAEHAN NEW PHARM CEFTRIAXONE;Cipro Basics;;ZINDACLINE;;;;Dexacort Phosphate in Respihaler;;Diltahexal;Calmex;;;;Anakit Insect Sting Treatment Kit;;;Eryderm;;;MYUNGMOON FENTANYL;DINACAN;;Spironolacton Heumann;GENTAMICIN SULFATE AHNGOOK;;;Ambene;Decotuss-HD;;;;;PRATON;;Pro-Levetiracetam;Levofloxacin Actav;Xylonor N;;;;;BANTAN;;SPIRAMYCINE/METRONIDAZOLE CRISTERS;;;;;MSIR;;;;;Millis;;;;;;Enditussin-HD;;;;;AU;;CHOLESTINE;;;;;;;TRACOM;;;;;;;;Otrivin Cold & Allergy Relief
;HERPESEDERMYL;;;TWYN-X;NECMOCLEAN;;;;Sp Ass;HATOR;;AZITHROMYCINE EG;Luenolax;;;Captopril Freemed;DILATEN;;;;DAEWOONG GOMCEPHIN;Cipro-Saar;;Zydaclin;;;;Dexamethasone Intensol;;Diltiazem Hennig;Calmylin;;;;Endoplex;;;Robimycin;;;FENTANYL ARROW;AUSKONAZOLE;;Bio-Furosemide;PANADERM;;;Arthro Menthoneur;Dolagesic;;;;;SOPRAN;;Pms-Levetiracetam;CLABACTER;Lexifen;;;;;HUSOLONE;;SPIRAMYCINE/METRONIDAZOLE QUALIMED;;;;;Rescudose;;;;;Dydrene;;;;;;Endotuss-HD;;;;;INBIS;;EZSTAR;;;;;;;ULTRA-MET SEMI;;;;;;;;Otrivin Cold And Allergy Decongestant Nose
;Aciclovir Cold Sore;;;UDIPINE;NOVOCLAN;;;;Thomapyrin;HUTECS ATORVASTATIN;;AZITHROMYCINE MYLAN;Laxierperlen Waaning;;;Captopril Hct Al;DIVEROL;;;;ETEX CEFTRIAXONE;Ciprodoc;;Duac Akne;;;;AK-Trol;;Novo-Diltazem Sr;Flu, Cough & Cold Complete;;;;Panplex;;;PCE;;;FENTANYL BIOGARAN;CELRUNA;;Uritol;NAMIYA-G;;;Ditaven;Drituss HD;;;;;Zoton;;Levenakai;LECROX;Keepan;;;;;MEDISOL;;SPIRAMYCINE/METRONIDAZOLE RANBAXY;;;;;Depodur;;;;;Naijiaoning;;;;;;Enomine;;;;;LANIDONE;;HUSIMBA;;;;;;;X-PAIN;;;;;;;;Dah
;Acivision;;;VALTAN X;O-MEN DUO;;;;Treupel;LIPISTATIN;;AZITHROMYCINE PHR LAB;Tempo-Lax Zaepfchen;;;Captopril Temmler;I CARVEDIL;;;;GLOTRIAXONE;Ciprofloxacin Al;;Clindahexal;;;;Dalalone;;Danzem;Extra Strength Allergy Total;;;;Tyd-Plex;;;Erythroped SF;;;FENTANYL JANSSEN;DAEWOO FLUCONAZOLE;;Furoscix;SILKRON;;;Dolo Menthoneurin;ENDAL HD PLUS;;;;;Putuoping;;Ketraccord;LEVOHI;Zcaine;;;;;MEPISOLONE;;SPIRAMYCINE/METRONIDAZOLE ZYDUS;;;;;Diocalm;;;;;An Io Injeel;;;;;;Exo-Tuss;;;;;RANIMUSEDI;;LIPIDUE;;;;;;;TIOCET-SEMI;;;;;;;;Nazo-Mist
;Acyclo-V;;;XPERA;PAMOXIN;;;;Toximer;NEWPEX;;AZITHROMYCINE RATIOPHARM;Tirgon;;;Captopril Verla;NEWDILEN;;;;CEFTRON;Ciprofloxacin Bundeswehr;;Clindamycin Kabi;;;;Dexacort Phosphate in Turbinaire;;Adizem;Extra Strength Flu Relief Nightime;;;;Ultracaine Ds;;;Dermamycin Erythromycin;;;FENTANYL PANPHARMA;DICAZOL;;Lasix;AMOL-G;;;Dolo Spondyril;Entuss;;;;;Lansoprazol Dura;;KERATAM;LEVOX;Hemaway;;;;;MEPSOLONE;;Metronidazole Pfizer;;;;;J Collis Browne's;;;;;Betripenta;;;;;;Formulation R;;;;;RANIT D;;LIPOSTAR;;;;;;;TRANOL;;;;;;;;Otrivine
;Cold Sore;;;AMLODIN;PRIMOX;;;;Ubichinon;SUMITO;;AZITHROMYCINE ZENTIVA;Solaxtabs;;;Capto Basf;Eucardic;;;;CETIAXONE;Ciprofloxacin Hec Pharm;;Clindoxyl Adv Gel;;;;Robadex;;Dilzem SR;Extra Strength Simply Sleep Liqui-Gels;;;;Systopt;;;E-Solve 2;;;FENTANYL RANBAXY;FLOZOLE;;Lo-Aqua;GENTALLINE;;;Doloneuro;Gua HC;;;;;LANSTOP;;Desitrend;YOOYOUNG LEVOFLOXACIN;ANGELCAINE;;;;;PREDWIN;;Metrogyl;;;;;Opso;;;;;Coro Nitro;;;;;;Guaifenex;;;;;RAQUNIN;;SIMPEX DUO;;;;;;;ULTRAMAC;;;;;;;;Otrivin
;Zyclir;;;AMODIPIN;ACLAN NEO;;;;Zentragress;UDAMVA;;Azithromycin Heumann;Stadalax;;;Capto Isis;Coreg;;;;ETEX CEFTRIAXONE SODIUM;Ciprofloxacin Normon;;Mylan-Clindamycin;;;;Methadex;;Metazem;Cough, Cold And Flu Nightime;;;;Isopto Epinal Iit>;;;Emgel;;;FENTANYL TEVA;FLUCAN;;Froop Co;Gentamycin-Mp;;;Etrat;Histinex PV;;;;;HYUNDAI LANSOPRAZOLE;;Tiananxin;JAYLEVO;CAIN-TOP;;;;;PROZEMA;;Arilin;;;;;MS-Twicelon;;;;;Digi Nitronal;;;;;;Prep-Hem;;;;;SUBIRADI;;SIMVACOMIBE;;;;;;;ULTRASK;;;;;;;;Rynacrom Allergy
;Acerpes;;;ANOPIN;ACRENTIN DUO;;;;Rx-Act Headache Formula;ACTOVAR;;Azithromycin Stada;Royvac Bowel Evacuant Kit;;;Mtw Captopril;Artist;;;;KOREA UNITED CEFTRIAXONE;Ciprofloxacin-Hameln;;Nu-Clindamycin;;;;Dropodex;;Tildiem LA;Cold & Flu-In-One;;;;Adrenalin;;;Ery-Sol;;;Denpax;FULUJIN;;Co-amilofruse;Garatec;;;Flexocutan;Hycomed;;;;;LANSOPLE;;Levetiracetam Hormosan;LEBOTAM;LECASIN;;;;;Depo-Medrol;;Clont;;;;;Meishikangding;;;;;Elhaterin;;;;;;Histinex HC;;;;;TRICID;;SIMVART;;;;;;;ITRAPHEN;;;;;;;;Sudafed SE
;Aciclo Basics;;;ATOVADIPNE;AMOCTIN DUO;;;;Alka-Seltzer Plus Cold and Cough Effervescent;AMVASTA;;Dom-Azithromycin;Silver Bullet;;;Phamopril;Tuoer;;;;SPOTRIN;Infectociprocort;;Taro-Clindamycin;;;;Otomize;;Viazem XL;Nighttime Allergy;;;;Symjepi;;;Erymax Sprinkle;;;Fenpatch;LUCO-S;;Diumide-K;Ratio-Gentamicin;;;Haemo;Hycosin Expectorant;;;;;LANSTON;;Levetiracetam Juta;LEVOBAY;HUONS LIDOCAINE EPINEPHRINE;;;;;Depo-Medrone;;Metronidazol Artesan-Drossapharm;;;;;Embeda;;;;;Govil;;;;;;Ex-Tuss;;;;;UNIBIS;;SIMVASTAN;;;;;;;KJCET;;;;;;;;Sudafed Congestion Relief
;Aciclovir Al;;;BIDUET;CLAMAX DUO;;;;BC Arthritis;A-PITO;;Jamp-Azithromycin;;;;Tensiomin;Luode;;;;CEFTISON;Apo-Ciproflox;;Teva-Clindamycin;;;;Lenadex;;Optil;Nighttime Flu, Cough & Cold Complete Relief Extra Strength;;;;BARCAINE;;;Erythromicin;;;Fentanyl Pfizer;NEWFLCOZOLE;;Furosemide Accord;Pms-Gentamicin-Betamethasone;;;Haven;Hycotuss Expectorant;;;;;LANSTER;;Levetiracetam Ratiopharm;LEVOFLOXACIN CJ;LITAINE;;;;;HybriSil;;Metronidazol Mylan;;;;;M Beta;;;;;Glonoin;;;;;;Protid;;;;;Zantac;;SIMVATIN;;;;;;;MAXNOPHEN SEMI;;;;;;;;Otrivine Antistin
;Aciclovir Dura;;;CADI-M;CLAMOX DUO;;;;Bayer Headache Relief;ATODUET;;Pro-Azithromycine;;;;Tensobon;Zhuoyi;;;;YOOYOUNG CEFTRIAXONE SODIUM;Mint-Ciproflox;;Clindamed;;;;Orgadrone;;Dilcardia SR;Nighttime Total Cold And Flu;;;;OKTOKAIN;;;Erythroped Forte SF;;;Fentanyl Q-Pharm;SAMNAM FLUCONAZOLE;;Duraspiron;Odan-Gentamicin;;;Hylo Parin;Hydrophene DH;;;;;LANOZOLE;;Levetiracetam Wint;LEVOKING;UNION LIDOCAINE EPINEPHRINE;;;;;Depo-Medrone with Lidocaine;;Apo-Metronidazole;;;;;M Long;;;;;Gepan;;;;;;Hycomal DH;;;;;Ranicalm;;VAZETIN;;;;;;;MEGACET;;;;;;;;Vividrin
;Aciclovir Heumann;;;CELLEVICA;CLARIN DUO;;;;Exaprin;ATORVAS;;Pms-Azithromycin;;;;CAPTEA;Cefaclor Heumann;;;;CEFTRIAXONE ACTAVIS;Ipg-Ciprofloxacin;;Clindrops;;;;Duolisheng;;Diltia;Jack & Jill;;;;POSICAINE;;;Zineryt;;;Fentanyl Stada;CHOA FLUCONAZOLE;;Furosemid Aps;Genone;;;Ichthalgan;Hyphed;;;;;LANSTON LFDT;;Levip;GRABELLA;CHLORHYDRATE DE LIDOCAINE RENAUDIN;;;;;Medrate;;Florazole Er;;;;;M Stada;;;;;Hevert Migraene;;;;;;Phenabid;;;;;Gavilast;;ZOVACO;;;;;;;NEOMADOL;;;;;;;;Otra
;Acyclovir Denk;;;DIPINS;DUOCLA;;;;Painaid ESF;ATOSTIN;;Azithromycin Denk;;;;CAPTOPRIL TEVA;Carve Q;;;;CEFTRIAXONE ALMUS;Riva Ciprofloxacin;;Cabtreo;;;;Yiketie;;Dilacor;Jamp Diphenhydramine Children'S;;;;Epipen;;;Erycoli;;;Fentanyl-Hameln;DANACAN;;Furesis;Gentaotic;;;Hepacux;Hyphen-HD;;;;;LANSOPRAZOLE KRKA;;EPILATAM;JW LEVOFLOXACIN;CODOTUSSYL;;;;;Predni M;;Pms-Metronidazole;;;;;Morixon;;;;;Klavikordal;;;;;;Wellbid-D;;;;;Lloydspharmacy Htburn & Indigestion Relief;;EZESTAR;;;;;;;NEUTRACET;;;;;;;;Schnupfen Endrine
;Herpetad;;;DONGWHA AMLODIPINE BESYLATE;TIRAMOX;;;;ASPIREL DUO;CADIEN;;AZIRON;;;;CAPTOPRIL ZYDUS;Carvedilol Dura;;;;CEFTRIAXONE KABI;Nu-Ciproflox;;Odontopaste;;;;Limeidasong;;Optil SR;Regular Strength Sleep Aid;;;;Epinal;;;Aijiaxing;;;Fentapon;DAYCAN;;Furo Ratiopharm;Remicin;;;Heparin Al;Hytussin Expectorant;;;;;LANSOPRAZOLE LICONSA;;LEVETIRACETAM ACTAVIS;LEVOTRA;DYNEXAN;;;;;Neo-Medrol;;Pylera;;;;;Morph;;;;;Lacorwen;;;;;;Nasop;;;;;Lloydspharmacy Indigestion Relief;;SIMEZQUER;;;;;;;NOTONGPHEN PLUS;;;;;;;;Siozwo
;Wariviron;;;DOUBLELOW;TIRAMOX-S;;;;CLOAPIN;DEUSTIN;;AZI-V;;;;CAPTOPRIL/HYDROCHLOROTHIAZIDE ARROW;Carvedilol Kwizda;;;;CEFTRIAXONE RPG;Taro-Ciprofloxacin;;Ziana;;;;Gedali;;Angitil XL;Sedicin;;;;Simplene;;;Guansha;;;Fentadolon;DIFUCOZOLE;;Furomed Wolff;Motazol;;;Heparin Vem;HYCOTUSS;;;;;LANSOPRAZOLE PHR LAB;;LEVETIRACETAM ALTER;LYROXACIN;LIDOCA;;;;;MLOID;;Metrolyl;;;;;Morph Basf;;;;;Nitro Pflaster;;;;;;Nasex;;;;;Detelier;;SIMVASTATIN AHNGOOK;;;;;;;SUPERCET SEMI;;;;;;;;Flo Xylo-Pos
;Zovirax Duo;;;ENPIDUET;YUCLA;;;;DAEWON ASPIRIN;ADUET;;AMASIN;;;;CAPTOPRIL/HYDROCHLOROTHIAZIDE BIOGARAN;Dimetil;;;;CEFTRIAXONE TEVA;Ciaxone;;Cleocin-T;;;;Dianshu;;Calcicard;Sanatos Severe Cold & Cough Nighttime;;;;Bronitin;;;Akne Cordes;;;Fentamedica Matrix;DISFLU;;Furosal;Mometazole;;;Kelofibrase;Tusnel HC;;;;;LANSOPRAZOLE QUALIMED;;LEVETIRACETAM CRISTERS;PROVIT;XYLOCONTACT;;;;;PD;;Norzol;;;;;Msiw Krugmann;;;;;Nitro Praecordin N;;;;;;Guaiphen PD;;;;;Xisita;;ILYANGBIO SIMVASTATIN;;;;;;;TAISON SEMI;;;;;;;;Dr.Theiss Nasenspray
;Apo-Acyclovir;;;FINEDIPINE;IL SUNG AUGMENTIN;;;;PLVIX A;ARVATIN;;AROWON;;;;CAPTOPRIL/HYDROCHLOROTHIAZIDE ZENTIVA;ALVOGEN CARVEDILOL;;;;Ceftriaxon Devatis;CIFLO;;Clindagel;;;;Xiluoan;;Uard;Dimetapp Children's Multi-Symptom Cold and Flu;;;;Lignospan;;;Ery Diolan;;;Fentanyl Aristo;FILUCO;;Spiro F;BETADERM-G;;;Logomed Venen;Genocidin Tuss;;;;;LANSOPRAZOLE RATIOPHARM;;LEVETIRACETAM EG;RILEVO;XYLONOR;;;;;MEPHSOL;;Noritate;;;;;Morphin Abl;;;;;Nitrolingual Poh Mpa;;;;;;Dacex A;;;;;Ouhuada;;SIMVAS;;;;;;;TAMIDOL;;;;;;;;Nasenspray Accedo
;Ipg-Valacyclovir;;;HYTOPPIN;K-MENTINE;;;;RINAS;ATATIN;;AZIMYCIN;;;;LOPRIL;CAVEDIA;;;;Ceftriaxon Eberth;CIFLONEW;;Cleocin;;;;Aacidexam;;Retalzem;Wal-Dryl PE;;;;P2E1;;;Ery Reu;;;Fnetanyl-Hexal Sublingual;FUROX;;Spiro Furosemid;FULUSON-G;;;Ostochont;KG-Dal HD;;;;;LANSOPRAZOLE SANDOZ;;LEVETIRACETAM RANBAXY;WITHUS LEVOFLOXACIN;YRANOL EUGENOLE;;;;;METHYLON;;Elyzol;;;;;Morphin Al;;;;;Nitroperlinit;;;;;;Duratan DM;;;;;Shanweide;;SIMVASTAR;;;;;;;TRA;;;;;;;;Nasic
;Herpirax;;;AMBP S;LAMOCRIN NEO;;;;SUPERPIRIN;ATOTATIN;;RICHTHROMAX;;;;Acenorm;KYONGBO CARVEDILOL;;;;Ceftriaxon Stragen;CIPMAXIN;;Dalacin T;;;;Dexagenta-POS;;Zildil;Somnapure;;;;Primatene Mist Inhaler;;;Erybeta;;;Pat-Fentanyl Mat;MYCONAZOLE;;FURIX;STASONE-G;;;Phlogase;KG-Tussin;;;;;LANSOPRAZOLE ZYDUS;;Kerron;LEVOFLOXACINE HOSPIRA;ZIACAINE;;;;;PROND;;Acea;;;;;Onkomorphin;;;;;Nikor;;;;;;Alacol DM;;;;;Fuwei;;SIMVASTATIN DONGSUNG;;;;;;;TRACET;;;;;;;;Xylo Apogen
;CLORAC;;;AMEVICA;OMETIN DUO;;;;WHITE ASPIRIN;ATURENTO;;ZIROMAX;;;;Topace;CARNONE;;;;;CIPROCOS;;Evoclin;;;;Tresaderm;;DILTIAZEM ARROW;Mersynonight;;;;Sensorcaine with Epinephrine;;;Erysec;;;Ionsys;TINAZOLE;;ALDALIX;ASADA;;;Peutadyn H;Lortab ASA;;;;;Lanzopran;;Kevtam;LEVOFLOXACINE ISOMED;Haemorrhoid And Pruritis Relief;;;;;SOLENILONE;;Fushuda;;;;;Oramorph Lt;;;;;Nitrangin;;;;;;Tussall ER;;;;;Qidi;;SIMVASTATIN YUHAN;;;;;;;TRACOMPA;;;;;;;;Xylo-I-Med
;ACYLKIT;;;AMIFORGE;PAMOCKLE;;;;YOOYOUNG ASPIRIN;FAROTIN;;ZITHRON;;;;Captopril Hct Sandoz;CARVETA;;;;;CIPROXINA;;Qinlin;;;;Dexium;;Hebeishuang;Wal-Dryl-D Allergy;;;;Iontocaine;;;Erythro;;;;TRIFLUCAN;;Diurapid;DERMOGEN;;;Reso Nit;Margesic-H;;;;;Lanso Tad;;Levactam;LEVOFLOXACINE TEVA;Paraderm;;;;;PREVANTAN;;Shuruite;;;;;Sevredol Dx;;;;;Neos Nitro;;;;;;Genetuss 2;;;;;Jiuao;;CALLSDOWN;;;;;;;TRAMADOL HCL HANALL;;;;;;;;Otrivin Allergy And Cold Decongestant
;ACYROVA;;;AMLOBA;AMODEX;;;;YOUNGIL ASPIRIN;INDUET;;Zithromax;;;;Captopril Pb;CARVEE;;;;;CYFLOC;;Xinyikang;;;;Glensoludex;;Taiweite;Dytan-DM;;;;Adrenalin Sintetica;;;Erythro Basan;;;;FLUCONAZOLE ACTAVIS;;Furosemid Al;JEBENDA;;;Thrombareduct Sandoz;Maxi-Tuss SA;;;;;Lansoprazol Aaa;;Levecetam;Levofloxacin Aristo;Sore Throat Lozenge;;;;;KONISOLONE;;Metrozol;;;;;Sevredol Hp;;;;;Nitrorectal;;;;;;Dexcon DM;;;;;Mtw Ranitidin;;EZESIMVA;;;;;;;TRIMACET;;;;;;;;Otrivin Menthol
;ACYVE;;;AMVALT;AMOXICILLINE ACIDE CLAVULANIQUE ALMUS;;;;CLOGREL A;LIPITAN;;Yiqing;;;;Captopril-Hct Acis;CARVENAL;;;;;CYROCACIN;;Yijunding;;;;Anemul;;Tianerxin;Benadryl Allergy Cold Reformulated Jun 2007;;;;Jext;;;Erythro Hefa;;;;FLUCONAZOLE EVOLUGEN;;Apo Furosemide;OCUGENTA;;;Thrombimed;Medcodin;;;;;Lansoprazol Hexal;;Levetiracetam Abz;Levofloxacin Eberth;Lenzagel;;;;;Methylprednisolon Hikma;;Fossyol;;;;;Sevredol Up;;;;;Nitrosalbe Ct;;;;;;Trituss;;;;;Rani Nerton;;VAST;;;;;;;X-PAIN SEMI;;;;;;;;Xylometazolin
;HACYVIR;;;ANOFORGE;AMOXICILLINE ACIDE CLAVULANIQUE ARROW;;;;CLOVEIN DUO;LIPITOP;;Junjie;;;;Captowieb;CARVETREN;;;;;EPROSIN;;Zhuoli;;;;Dissiden;;Qianke;Sominex;;;;EpiPen Jr.;;;Erythrogenat;;;;Femazole;;Dom-Furosemide;VIGENTA;;;Thrombocut;Mintex HC;;;;;Lansoprazol Ksk;;Levetiracetam Axcount;Levofloxacin Hetero;Cicloferon;;;;;;;Metronidaz;;;;;STOMOL;;;;;Seda Nitrolingual;;;;;;Dexcon PE;;;;;Rani Puren;;VYTEB;;;;;;;TRAMADOL CRISTERS L;;;;;;;;
;Viralief;;;BC LOW;AMOXICILLINE RATIOPHARM;;;;DUALET;LIPOMET;;Qinuo;;;;Captodoc;DIRANT;;;;;KINOBES;;Tianquanweikang;;;;Dexamonozon;;Aikelang;Respa-SA;;;;Primatene Mist;;;Erytop Stada;;;;Ozole;;Nu-Furosemide;Genoptic;;;Trauma Actavis;Tri Vent HC;;;;;Dom-Lansoprazole;;Levetiracetam Double-E Pharma;Levofloxacin Hexal;Doloproct;;;;;;;Metronidazol Al;;;;;BC MORPHINSULFATE;;;;;Stenoppressin;;;;;;Tussidex;;;;;Raniberl;;ZOVATORIN;;;;;;;TRAMADOL QUALIMED;;;;;;;;
;Cymex;;;BESDIPINE;AMOXICILLINE SANDOZ;;;;ERAVIX PLUS;SPEETIN;;Kanglijian;;;;Captopril Abz;NEWCARVELO;;;;;LITE CIFLOX;;Sheyue;;;;Dexatopic;;Beiluoxin;Alka-Seltzer Plus Night Time Effervescent;;;;Eppy;;;Medismon;;;;Diflucan Derm;;Furoquid;Gentacidin;;;Venoplant Topisch;Coldcough XP;;;;;Hp-Pac;;Levetiracetam Heumann;Levofloxacin Hospira;Inverma V-Creme;;;;;;;Metronidazol Demo;;;;;DAEWON MORPHINE SULFATE HYDRATE;;;;;Spenglersan Blutdruck Set;;;;;;Dacex PE;;;;;Ranibeta;;JS SIMVASTATIN;;;;;;;TRAMADOL TEVA;;;;;;;;
;Pinewood Cold Sore;;;CASTIN;AMOXICILLINE ZYDUS;;;;ASTECT;KWANGDONG ATORVASTATIN;;Weizong;;;;Captopril Al;CARVELA;;;;;ROSACIN;;Jingeduona;;;;Dexawieb;;Adizem-XL;Altaryl;;;;Anapen;;;Monomycin;;;;Flucobeta;;;Gentasol;;;Turgostad;GeneCof XP;;;;;;;Levetiracetam Hikma;Levofloxacin Lyomark;Geiscold;;;;;;;Metronimerck;;;;;MYUNGMOON MORPHINE HCL;;;;;Turicard;;;;;;Maxiphen DM;;;;;Ranimerck;;LIPISTAN;;;;;;;TRAMADOL/PARACETAMOL ARROW;;;;;;;;
;Lypsyl Cold Sore;;;DAVIDIPINE;AMOXICILLINE-ACIDE CLAVULANIQUE QUALIMED;;;;GLOASPIRIN;LIPAR;;Qimaixing;;;;Apo-Capto;CARVENIL;;;;;UFEXIL;;Jianqi;;;;Dexinolon;;Progor;Benadryl Allergy Sinus;;;;Adrenaline (Tartrate) Sterop;;;Neo Erycinum;;;;Fluconazol Accord;;;Palacos LV-40 with Gentamicin;;;Zuk Hepa;Protex D;;;;;;;Levetiracetam Stada;Levofloxacin Normon;Medivitan;;;;;;;Metronour;;;;;MORPHINE HCL;;;;;Vertigo Hevert;;;;;;Nalda-Relief Pediatric;;;;;Raniprotect;;SIMVASTIN;;;;;;;TRAMADOL/PARACETAMOL BIOGARAN;;;;;;;;
;Aviral;;;DONGWHA AMLODIPINE MESYLATE;AMOXICILLINE/ACIDE CLAVULANIQUE ACTAVIS;;;;HUVIST ASPIRIN;LIPITOL;;Bokang;;;;Med Captopril;DUVELOL;;;;;Ciloxan;;Aodi;;;;Dexa Allvoran;;Diltiazem M;Benadryl Allergy Sinus Headache;;;;Articadent;;;Paediathrocin;;;;Fluconazol B. Braun;;;Palacos R-40 with Gentamicin;;;CHOONGWAE HEPARIN SODIUM;Nalex DH;;;;;;;Levetiracetam Ucb;Apo-Levofloxacin;Lemocin;;;;;;;Rathimed;;;;;MORPHINE SULFATE DAEWON;;;;;NITROGLYCERIN HANA;;;;;;Naldelate;;;;;Ranitidin Actavis;;SIMROX F;;;;;;;TRAMADOL/PARACETAMOL CRISTERS;;;;;;;;
;Ranovir;;;DUALPECOR;AMOXICILLINE/ACIDE CLAVULANIQUE DSM SINOCHEM;;;;PLPIRIN;MAXVATIN;;Lilikai;;;;Pms-Captopril;VASODILREN;;;;;Cilodex;;Clintabs;;;;Dexa Brachialin;;Diltiazem Siga;Coricidin Night Time Cold Relief;;;;Marcain with Adrenaline;;;Pharyngocin;;;;Fluconazol Basics;;;Cidomycin Paediatric;;;CIRKAN;Protuss;;;;;;;Leveticeram Abbott;Phl-Levofloxacin;Licain-Actavis;;;;;;;Sanatrichom;;;;;Cyclimorph;;;;;TRINIPATCH;;;;;;Nalspan;;;;;Ranitidin Awd;;SIMVATROL;;;;;;;TRAMADOL/PARACETAMOL TEVA;;;;;;;;
;Acycril;;;EXCOMBI;AMOXICILLINE/ACIDE CLAVULANIQUE GSK;;;;PRAVIX DUO;RIPIA;;Yiouqing;;;;Nu-Capto;CARVEDILOL ZENTIVA;;;;;Ciproxin Infusion;;PledgaClin;;;;Dexa Gentamicin;;Diltiuc;Mapap PM;;;;Adrenalin Carino;;;Synergomycin;;;;Fluconazol Hexal;;;Lidaslon;;;HEPARINE SODIQUE PANPHARMA;Quindal HD;;;;;;;Act Levetiracetam;Ntp-Levofloxacin;Lido-Alleman;;;;;;;METRYNAL;;;;;Painbreak;;;;;TRINITRINE MYLAN;;;;;;Nasatuss;;;;;Ranitidin Siga;;VYSIV;;;;;;;MONOALGIC L;;;;;;;;
;Astric;;;EXFOS;AMOXICILLINE/ACIDE CLAVULANIQUE RANBAXY;;;;COPREGREL;AROTO;;Puyang;;;;;Volirop;;;;;Kunning;;Aclinda;;;;Dexa M;;Dilzicardin;Masophen PM;;;;Adrenalin Ifp;;;ANTIBIOTREX;;;;Fluconazol Hikma;;;Riftamycin;;;Heparin-Natrium Braun;T-Gesic;;;;;;;Auro-Levetiracetam;Ducressa;Lidocain Roewo;;;;;;;TERGYNAN;;;;;Morphin Eins Ps Pharma;;;;;DIAFUSOR;;;;;;Otigesic;;;;;Ranitidin Volkspharma;;LODALES;;;;;;;TAKADOL;;;;;;;;
;Pharrax;;;EXNIN;Amohexal;;;;KUKJE ASPIRIN;ASQUARE;;Baikederui;;;;;Carvedi-Denk;;;;;Bameiluo;;Clin Sanorania;;;;Dexa Norgesic;;Dilti Basf;Nu-Med;;;;Bronchovydrin;;;Eryaknen;;;;Fluconazol Stada;;;Xinta;;;Heparin-Natrium Leo;Crantex HC;;;;;;;Priva-Levetiracetam;Oxalux;Lidocain-Presselin;;;;;;;METROGENE;;;;;Morphin Heumann;;;;;Gtn-Pohl;;;;;;Phenylfenesin;;;;;Ulcolind;;SIMVASTATINE CRISTERS;;;;;;;OROZAMUDOL;;;;;;;;
;Actios;;;EXPARALL;Amoxyclav;;;;ASPEGIC ADULTES;ATOLOW;;Qitai;;;;;Apo-Carvedilol;;;;;Xinjieming;;Clindabeta;;;;Dexa Ophtal;;CARDIAZEM;Sudafed PE Severe Cold;;;;Bismolan;;;Udima;;;;Mycosyst;;;Guanxinke;;;Thrombocutan;Bromph HD;;;;;;;Ran-Levetiracetam;LEVOTU;Lidocain-Welk;;;;;;;METRONIDAZOLE B BRAUN;;;;;Morphin Hexal;;;;;Minitrans 10;;;;;;Poly-Tussin;;;;;ALBINS;;SIMVASTATINE EG;;;;;;;Dolevar;;;;;;;;
;Viruhexal;;;HIFORGE;Clamohexal;;;;ASPEGIC NOURRISSONS;ATORIN;;Azithromycin Apotex;;;;;Jamp-Carvedilol;;;;;Ciprofloxacin Aris;;Clindadura;;;;Dexa Ophtiole;;HERBEN;Rindal HPD;;;;Dyspneal;;;Erybid;;;;Dom-Fluconazole;;;Duracoll;;;Calcilean;Rindal HPD;;;;;;;Phl-Levetiracetam;CRALEVO;Lidocainkreussler;;;;;;;METRONIDAZOLE BIOSEDRA;;;;;Morphin Merck;;;;;Crc-Plex;;;;;;Aldex;;;;;ALLOX;;SIMVASTATINE ZENTIVA;;;;;;;Tram-Ac;;;;;;;;
;Vicclox;;;INFOSGE;Clamoxyl Duo;;;;ASPIRINE MERCK MEDICATION FAMILIALE;AVA-Q;;Azibact;;;;;Ntp-Carvedilol;;;;;Ciprovert;;Clindamycin 1a;;;;Dexa Ratiopharm;;MONO TILDIEM L;Unisom with Pain Relief;;;;Haemoricet;;;Erythro-Base;;;;Clotrimaderm-Fluconazole;;;Cidomycin;;;;Notuss PD;;;;;;;Nu-Levetiracetam;EMFLOC;Lidoject Sine;;;;;;;METRONIDAZOLE LAVOISIER;;;;;Doloral;;;;;Mylan-Nitro Sublingual Spray;;;;;;Phena-Plus;;;;;INBIONET RANITIDINE HCL;;Juvicor;;;;;;;Tramadol Aristo;;;;;;;;
;Deerliwei;;;MR FORGE;Clavycillin;;;;PARACETAMOL MACOPHARMA;DOUBLE-A;;Azithromycin Orifarm;;;;;;;;;;Ciproflox Ct;;Clindamycin Heumann;;;;Dexa Sine;;DILTIAZEM EG;Triaminic Cough & Runny Nose;;;;Mydrial;;;Erythromid;;;;Mar-Fluconazole;;;Genticin;;;;Donatussin MAX;;;;;;;Van-Levetiracetam;LEFLOX;Pendysin;;;;;;;RODOGYL;;;;;Naus-Over;;;;;Ingr-Bosan;;;;;;AccuHist PDX;;;;;KEIBITIDINE;;Simvatrust;;;;;;;Tramadol Hikma;;;;;;;;
;Jieluowei;;;MYUNGMOON AMLODIPINE;Yomax;;;;PARACETAMOL TEVA;VAROSTATIN;;ZITROSIN;;;;;;;;;;Gyracip;;Copal;;;;Frefaldon Dexa;;DILTIAZEM GNR;Advil PM;;;;F.D CAINE;;;Emycin;;;;Fem-V Plus;;;Cidomycin Intrathecal;;;;Tussigon;;;;;;;Torrent-Levetiracetam;LEFLOXIN;Posterisan Akut;;;;;;;SPIRAMYCINE/METRONIDAZOLE ARROW;;;;;Morphine Sr;;;;;Coro-Nitro;;;;;;Q-Tuss;;;;;NECKCINA;;Simvar;;;;;;;Tramadol-Dolgit Tabs;;;;;;;;
;Likexin;;;NOVATENSION;Amoxicillin Stada;;;;PRAVADUAL;YUHAN ATORVA;;AZITOPS;;;;;;;;;;Gyrastop;;Jutaclin;;;;Isopto;;DILTIAZEM RATIOPHARM;Dytan-AT;;;;FOSICAINE;;;Ilosone Pulvule;;;;Femina;;;Betagentam;;;;Ugesic;;;;;;;;LEVOFLCIN;Osmotipax Ohrentropfen;;;;;;;SPIRAMYCINE/METRONIDAZOLE RATIOPHARM;;;;;Morphine Sulphate Bp;;;;;Percutol;;;;;;Quindal;;;;;QUTIDIN;;Simcor;;;;;;;Mint-Tramadol/Acet;;;;;;;;
;Dongyaoqirui;;;TELMINUVO;Amoxihexal;;;;METASPIRINE;LDILOW;;AJUSTIN;;;;;;;;;;CIPROCTAN;;FULLGRAM;;;;Lokalisone;;Coras;Alka-Seltzer PM;;;;LIGNOSPAN STANDARD;;;Ilotycin Cryst Op;;;;J-FLU;;;Copal;;;;Vendone;;;;;;;;NEOBIT;Parodontal;;;;;;;IMIZINE;;;;;Teva-Morphine Sr;;;;;Minitran;;;;;;Quintex;;;;;RANITIONE;;Lipiduc;;;;;;;Mar-Tramadol/Acet;;;;;;;;
;Atemian;;;LOSASC;Bioclavid;;;;MODIXIS;LIPIDO;;AZITHROMYCINE PFIZER;;;;;;;;;;CYROXACIN;;Clindatech;;;;Nasicortin;;Vasocardol;Pediatex CT;;;;ZAIRESTESIN A;;;Ilotycin Gluceptate Ampoule;;;;FLUWIN;;;Gencin;;;;MonteFlu HC;;;;;;;;NEWREFLOXACIN;Xylocitin;;;;;;;Metrogalen;;;;;;;;;;Transderm Nitro;;;;;;Zotex DM;;;;;RANTIN;;Sigalip;;;;;;;Jamp-Acet-Tramadol;;;;;;;;
;Zhongbaoweiping;;;NORVATIN;Augmentan;;;;Astrix;NEWTOR;;AZITHROMYCINE RANBAXY;;;;;;;;;;AJU CIPROFLOXACIN;;Clindamyk;;;;Spondylon;;Diltiazem Abz;Sudafed PE Nighttime Decongestant;;;;ADRENALINE RENAUDIN;;;Sans-Acne;;;;FULCONA;;;Genta Ct;;;;Narcof;;;;;;;;Beidaruotong;After Sun Soothing Spray;;;;;;;Metronidazol Aristo;;;;;;;;;;Nitrotab;;;;;;Rindal-HD;;;;;RASHUTE;;Simvadura;;;;;;;Priva-Tramadol/Acet;;;;;;;;
;Jieke;;;NOTOVA;Amoxi-Clav;;;;Cardiprin;ATORVASTATINE ALMUS;;Azith;;;;;;;;;;CIFLOX-Q;;Clindamycin-Actavis;;;;Suprason;;Diltiazem Stada;Tylenol Allergy Multi-Symptom Nighttime;;;;ALPHACAINE;;;STINOSEC;;;;FURUCOZOLE;;;Gentamicin Aaa;;;;Mintuss MS;;;;;;;;Tonglin;Betacaine;;;;;;;Metronidazol-Rotexmedica;;;;;;;;;;Nitrocot;;;;;;Rolatuss with Hydrocodone;;;;;RATINNIS;;Simvagamma;;;;;;;Pms-Tramadol-Acet;;;;;;;;
;Aciclovir Apotex;;;NOVASTIN;Apo-Amox;;;;Codox;ATORVASTATINE ARROW;;Azithrobeta;;;;;;;;;;CIPROURO;;Clindasol;;;;Sokaral;;Act Diltiazem;PediaCare Children's NightRest Multi-Symptom Cold;;;;UBISTESIN ADRENALINEE;;;Erythroped PI;;;;Galpharm Single Dose Thrush Treatment;;;Gentamicin Ratiopharm;;;;Liquicough HC;;;;;;;;Zuokang;Burncare Spray;;;;;;;Flagystatin;;;;;;;;;;Sustachron ER;;;;;;Ru-Tab;;;;;S-ALBI D;;Simvalip;;;;;;;Seglentis;;;;;;;;
;Ab Aciclovir;;;OLMEDIQUAL;Apo-Amoxi Clav;;;;Codral;ATORVASTATINE GNR;;Azithromycin Aristo;;;;;;;;;;CYCIN;;Clindamycin 1a Pharma;;;;Spersadex;;Gen-Diltiazem;Goody's PM;;;;Orabloc;;;Erythrocin Stearate;;;;Mainifen;;;Gemcitabin Ratiopharm;;;;Exetuss HC;;;;;;;;Luopuxing;Medi-Quik;;;;;;;;;;;;;;;;;Suscard Buccal;;;;;;Scot Tussin Original;;;;;SCD RANITIDINE;;Simvastatin Acis;;;;;;;T-A;;;;;;;;
;Aciclo Ct;;;SEVIDUO;Dom-Amoxicillin;;;;Diasp Sr;ATORVASTATINE MYLAN;;Azithromycin Dr. Eberth;;;;;;;;;;KORUS CIPROFLOXACIN;;Clindamycin Abz;;;;Uro Stilloson;;Pms-Diltiazem Cd;Endal CD;;;;Scandicain;;;E-Mycin;;;;Kangrui;;;Heraeus Pmma;;;;Poly Hist HC;;;;;;;;Zuoke;Neo Bex;;;;;;;;;;;;;;;;;Nitroderm;;;;;;Sil Tex;;;;;YUHAN RANITIDINE HCL;;Simvastatin Aurus;;;;;;;T-A SEMI;;;;;;;;
;Herpofug;;;SEVITENTION;Novo-Clavamoxin;;;;Piax;ATORVASTATINE PHR LAB;;Azithromycin Dura;;;;;;;;;;MIRAE CIPROFLOXACIN;;Clindamycin Genevida;;;;DAEWON DEXAMETHASONE;;Penta-Diltiazem;Panadol NightPain;;;;Ad Tonic;;;T-Stat;;;;Qiande;;;Herafill;;;;ExeClear;;;;;;;;Dinuoxin;Laryng O Jet Kit;;;;;;;;;;;;;;;;;Angiocardyl;;;;;;Sinupan;;;;;BUBIS;;Zocor Forte;;;;;;;ARTCET;;;;;;;;
;Herpotern;;;AMLOBESYL;Lin-Amox;;;;Acesal;ATORVASTATINE RATIO;;Azithromycin Hec;;;;;;;;;;KIPOCIN;;Turimycin;;;;DEXATOP;;Nu-Diltiaz;Lloydspharmacy Antihistamine;;;;Candopt;;;Ilosone;;;;Huqi;;;Palasept;;;;Nariz HC;;;;;;;;Aixing;Lidomax;;;;;;;;;;;;;;;;;Aquo Trinitrosan;;;;;;Statuss Green;;;;;BISCRA;;Act Simvastatin;;;;;;;ARTCET SEMI;;;;;;;;
;Juviral;;;AMLODAPINE;Ratio-Aclavulanate;;;;Boxazin Plus C;ATORVASTATINE SANDOZ;;Ultreon;;;;;;;;;;MEGAROXIN;;Sobelin;;;;SAMNAM DEXAMETHASONE;;Nu-Diltiaz-Cd;Benylin Chesty Coughs;;;;Ev Tox;;;Erythroped PI SF;;;;Younian;;;GENTAMICIN SHINPOONG;;;;Z-Cof HCX;;;;;;;;Likechang;Lyracaine;;;;;;;;;;;;;;;;;Cardiacum Heel;;;;;;L-All 12;;;;;GASPORIN F;;Apo-Simvastatin;;;;;;;ASTRASET;;;;;;;;
;Supraviran;;;AMLOMAX;Pro-Amox-250;;;;Bayer-Aspirin;TAHOR;;Act Azithromycin;;;;;;;;;;PRODIN;;Auro-Clindamycin;;;;TOBACIN D;;;Boots Night Cold & Flu Relief;;;;Crc-Plex;;;Stiemycin;;;;Binli;;;HI-DERM;;;;NUDAL HD;;;;;;;;Bituo;Safetec Sting Relief;;;;;;;;;;;;;;;;;Cefangipect;;;;;;Tri-Phen-Chlor;;;;;HWABIS;;Ava-Simvastatin;;;;;;;BEARTRA;;;;;;;;
;ACYROVIN;;;AMLOSYL;Ntp-Amoxicillin;;;;Aspirin Effect;Lorstat;;Gd-Azithromycin;;;;;;;;;;CHOONGWAE CIPROFLOXACIN;;Clindamycin Sdz;;;;LITE TODEX;;;Nirolex Night Cold and Flu;;;;Immplex;;;Erythrocot;;;;Kangliyin;;;DEMACOT;;;;Quintex HS;;;;;;;;Qisheng;Polysporin Burn Formula;;;;;;;;;;;;;;;;;Corangin;;;;;;Carbetaplex;;;;;PHARVIS RANITIDINE;;Mar-Simvastatin;;;;;;;BEARTRA SEMI;;;;;;;;
;C-TROVY;;;AMPIDIPINE;Amoklavin Duo;;;;Ass Stada;Atoris;;Zithro;;;;;;;;;;CIPROCIN HC OTIC SUSP;;Taro-Clindamycin/Benzoyl Peroxide Gel;;;;VITODEX;;;Asthphyllin;;;;Karticaine;;;Eyemycin;;;;Fluc Hexal;;;SILKRON-G;;;;M-End Max;;;;;;;;Shayanlong;Pms-Lidocaine Viscous;;;;;;;;;;;;;;;;;Foehn Wetteren Mao;;;;;;Uni-Tricof HC;;;;;RANIKIM;;Jamp-Simvastatin;;;;;;;COSSET SEMI;;;;;;;;
;KDC ACYCLOVIR;;;ANYTIN;A-MOX;;;;Clopidogrel Abz;Atorvasa;;AZMAC;;;;;;;;;;CYROCAN;;;;;;CILOXADEX;;;Rescalmin;;;;Vactox;;;Theramycin;;;;Fluconazol Gry;;;LAVENDA;;;;Quala HC;;;;;;;;Tuojia;Percutaneous Sheath Intro Kit;;;;;;;;;;;;;;;;;Gilustenon;;;;;;Donatussin Drops;;;;;RANITIDINE HCI WOORIDUL;;Ipg-Simvastatin;;;;;;;CRACET SEMI;;;;;;;;
;PHARVIS ACYCLOVIR;;;A-TWIN;K-MENTIN DUO;;;;Die Jaenisch Apotheken Paracetamol;Atorvastatin Aaa-Pharma;;IKSU AZITHRO;;;;;;;;;;DONGKOO CIPROXIN;;;;;;FRAMYXONE;;;Xinfei;;;;Systox;;;Emcin Clear;;;;Fungustatin;;;TRONAIN;;;;Baltussin HC;;;;;;;;Anshili;Watkins Burn;;;;;;;;;;;;;;;;;Loion;;;;;;Rhinabid;;;;;RASUBI D;;Riva Simvastatin;;;;;;;CRASET;;;;;;;;
;ZIOS;;;COZAAR XQ;ACLAMOX;;;;Dolevar;Atorvastatin Al;;ROSZIA;;;;;;;;;;GLOCIPROCIN;;;;;;STERDEX;;;Pediaclear Cough;;;;Medihaler-Epi;;;Erythrolar;;;;AHNGOOK FLUCONAZOLE;;;Gentaved 100;;;;M Clear Jr Reformulated Oct 2007;;;;;;;;Hengao;X3 On The Go First Aid Burn Relief Spray;;;;;;;;;;;;;;;;;Nitro Dur;;;;;;Dallergy Drops;;;;;RATUDIN;;Pms-Simvastatin;;;;;;;DANOPHEN;;;;;;;;
;ACYCLIZ;;;DUKARB;AMOCRANEO;;;;Cervopyrin;Atorvastatin Dexcel;;ZENTAS;;;;;;;;;;SAMSUNG CIPROFLOXACIN;;;;;;DECTANCYL;;;Robitussin Night Time Cough & Chest Congestion;;;;Septocaine;;;Ery;;;;CANDINOL;;;Vetromax;;;;Triaminic Expectorant DH;;;;;;;;Ningsha;Xylocard One GM;;;;;;;;;;;;;;;;;Nitro Mack;;;;;;West-Decon;;;;;NEWBIS;;Q-Simvastatin;;;;;;;DOUBLESET;;;;;;;;
;HERPECID;;;EXDIPIN;AMOCSULTAM;;;;Godamed;Atorvastatin Stada;;ZITHROCIN;;;;;;;;;;CIFLOX;;;;;;DEXAMETHASONE MYLAN;;;Tekral;;;;Epifrin;;;Lijunsha;;;;DIMOOROCAN;;;Tri-Otic for Canines;;;;Hydrocof-HC;;;;;;;;Qiangpuxin;Solarcaine First Aid;;;;;;;;;;;;;;;;;Nitrokor;;;;;;Quad Tann;;;;;RACETINEM;;Ratio-Simvastatin;;;;;;;DUODYNE SEMI;;;;;;;;
;ACYCO;;;TELMISTA X;AMOKCLEDUO;;;;Gpa-Paracetamol;Atorvastatin Tad;;Zmax;;;;;;;;;;CIPROFLOXACINE ALTER;;;;;;Ell-Cranell;;;Theraflu Nighttime Severe Cold & Cough;;;;Citanest Forte;;;Dafaxin;;;;FLCONAZOLE;;;Betagen brand of Betamethasone and Gentamicin;;;;Liquitussin HC;;;;;;;;Yajianchang;Shave Zone;;;;;;;;;;;;;;;;;Nitrofortin;;;;;;Ny-Tannic;;;;;RANIGEN D;;Phl-Simvastatin;;;;;;;GOODTRASET SEMI;;;;;;;;
;ACYVIR;;;TWINTERA;AMOLACTAM;;;;Grippex;Lidorat;;Azyter;;;;;;;;;;CIPROFLOXACINE EG;;;;;;Dexabene;;;Airacof;;;;E-Pilo-1;;;Erythroforte;;;;FLNIZOLE;;;Dexamytrex;;;;Hycodan;;;;;;;;Laiwoxing;Vexa;;;;;;;;;;;;;;;;;Nitroglin;;;;;;Aridex;;;;;RANIMET;;Septa-Simvastatin;;;;;;;KORIDOL;;;;;;;;
;KUKJE ACYCLOVIR;;;UNIBESYL;AMORACILLIN;;;;Gripphexal;Sortis;;Zedbac;;;;;;;;;;CIPROFLOXACINE KABI;;;;;;Dexamethason Acis;;;Wal-Dryl-D;;;;Eppy/N;;;Aknederm;;;;FLUKAN;;;Diprogenta;;;;Rezira;;;;;;;;Puyate;Recticare Wipes;;;;;;;;;;;;;;;;;Neuro Do;;;;;;Bromtuss DM;;;;;RANISEN;;F-SIMVA C;;;;;;;MYSET;;;;;;;;
;A-CLO;;;VALADIPINE;AMOXITAM;;;;Helm;Act Atorvastatin;;Xishumei;;;;;;;;;;Cifran;;;;;;Isopto-Max;;;Caldyphen with Antihistamine;;;;Lignostab-A;;;Econoped;;;;HUNIZ FLUCONAZOLE;;;Infectogenta;;;;HYCODONE;;;;;;;;Eyflox;Dermacool;;;;;;;;;;;;;;;;;Nitradisc;;;;;;X-Hist DM;;;;;RATINY;;LOW-LD;;;;;;;ONETRASET;;;;;;;;
;ASIFOL;;;VALSAPIN;AUGME NEO;;;;Hermasalin;Apo-Amlodipine-Atorvastatin;;Sushuang;;;;;;;;;;Ciloquin;;;;;;Lipotalon;;;Wal-Phed PE Severe Cold;;;;Mydricaine 2;;;Durapaediat;;;;HUTECS FLUCONAZOLE;;;Sulmycin;;;;Alor;;;;;;;;CRALOCIN;Lidbree;;;;;;;;;;;;;;;;;Naranocor;;;;;;Histadec;;;;;SUBIRA;;COSIVA;;;;;;;TRACEPHEN SEMI;;;;;;;;
;DAEWHA ACYCLOVIR;;;VALSAPINE;AUGMEN NEO;;;;Logomed Fieber-Zaepfchen;Apo-Atorvastatin;;Yansha;;;;;;;;;;Loxip;;;;;;Nystalocal;;;Wal-Som Maximum Strength;;;;Marcain;;;Ery 1a Pharma;;;;PLUNAZOLE;;;Dom-Gentamicin-Betamethasone;;;;Vituz;;;;;;;;CRAPROXIN;Niravi;;;;;;;;;;;;;;;;;Reminitrol;;;;;;Max HC;;;;;ALBINE;;LIPECOR;;;;;;;TRACETA;;;;;;;;
;HAWON ACYCLOVIR;;;MELODIPINE-S;AUGMENTIN DUO FORTE;;;;Para-Caf;Gd-Atorvastatin;;Pannuo;;;;;;;;;;Profloxin;;;;;;Solupen Sine;;;HC Derma-Pax;;;;Epilido;;;Erythromycin Ratio;;;;PRINAZOLE;;;Pms-Gentamicin;;;;Novahistex Dh;;;;;;;;CULEVOX;Abreva Rapid Pain Relief;;;;;;;;;;;;;;;;;Trinitrosan;;;;;;Exetuss;;;;;ELTIDINE;;SIMPECTIN;;;;;;;TRADID SEMI;;;;;;;;
;ACICLOVIR CRISTERS;;;NEWDROPINE;AUGMENTO DUO;;;;Paracet-I-Med 125;Novo-Atorvastatin;;Junweiqing;;;;;;;;;;Cipro-Denk;;;;;;Endomethasoneory;;;Bayer Select Night Time Pain;;;;Vivacaine;;;Erythromycin Ratiopharm;;;;DICONAZOLE;;;Sandoz Gentamicin;;;;Ratio-Calmydone;;;;;;;;K-LEVO;Numit;;;;;;;;;;;;;;;;;Vitafolia Migraekur;;;;;;Rynessa;;;;;GADIN;;SIMPOL;;;;;;;TRAMAPHEN;;;;;;;;
;ACICLOVIR EG;;;NEXDIPINE;AUGMEX FORTE;;;;Paracet-I-Med 500;Mylan-Atorvastatin;;Yasida;;;;;;;;;;Ciprobay;;;;;;Decadron Phosphate Eye Ear;;;Siladyl;;;;Carbostesin-adrenalin;;;Lederpaediat;;;;DIFNAZOL;;;Gentaspray;;;;ZYDON;;;;;;;;LEFOCIN;Collutabs;;;;;;;;;;;;;;;;;Ypsiloheel;;;;;;Dynex LA;;;;;GLOBIS;;SIMTAMI;;;;;;;WITHUCET SEMI;;;;;;;;
;ACICLOVIR RPG;;;NORVALOC;AUGTIN DUO;;;;Ostendpyrin;Jamp-Atorvastatin;;Xinpite;;;;;;;;;;Ciprofloxacin Heumann;;;;;;Dioptrol;;;Unisom Sleep;;;;Adrenalin Alpha;;;Sanasepton;;;;DIFUCAN;;;Otomax;;;;Vazotuss HC;;;;;;;;LEVAROX;ZTlido;;;;;;;;;;;;;;;;;NITROGLYCERIN MYUNGMOON;;;;;;Prohist;;;;;HUNITIN;;SIMVADUO;;;;;;;WOOLPAIN;;;;;;;;
;ACICLOVIR SANDOZ;;;NOVAPIN;AUGTIN NEO;;;;Paracetamol 500 Fair-Med;Ran-Atorvastatin;;Aoliping;;;;;;;;;;Ciprofloxacin Infomed;;;;;;Neodecadron;;;Nytol;;;;Adrenalin Hu;;;Semibiocin;;;;FLUSTAR;;;Mometamax;;;;B-Tuss;;;;;;;;LEVOAYIN;Omeza;;;;;;;;;;;;;;;;;ANGIDERM;;;;;;Aldex DM;;;;;WITH D;;SIMVALOW;;;;;;;Zydol;;;;;;;;
;VALACICLOVIR SANDOZ;;;OLESC;AUGUCILLIN;;;;Paracetamol 500 Hubertus Apotheke;Reddy-Atorvastatin;;Luobeier;;;;;;;;;;Ciprofloxacin Lyomark;;;;;;Septomixine Forte;;;Midol PM Reformulated Apr 2011;;;;Epiglaufrin;;;Septix;;;;FLEX;;;;;;;Liquicet;;;;;;;;LEVOMICIN;CAMBRICAINA;;;;;;;;;;;;;;;;;Epinitril;;;;;;Nariz;;;;;ZAN-Q 75;;VAYDUO;;;;;;;Tramake;;;;;;;;
;Aciclovir Intravenous Pfizer;;;PAMICA;CLAMONEX OTIN;;;;Paracetamol Ap Saft;Lypqozet;;Qilongmai;;;;;;;;;;Ciprofloxacin Real;;;;;;Ducressa;;;Panadol PM;;;;Glycirenan;;;ERYTHROMYCINE BAILLEUL;;;;FLUCONAZOLE DONGSUNG;;;;;;;Levall 5.0;;;;;;;;NEVOLAXIN;GREEN ARDOCAIN;;;;;;;;;;;;;;;;;CORDIPATCH;;;;;;Deconsal DM;;;;;ZYNIQ;;VYZETINE;;;;;;;Tramalgin;;;;;;;;
;Acivir;;;ROVATO;CLAMOXEN;;;;Paracetamol Axcount;Atorvator;;Liqi;;;;;;;;;;Panotile Cipro;;;;;;Dexa;;;Rest Simply;;;;Hostacain;;;Ees;;;;FLUGA;;;;;;;Histex HC;;;;;;;;PROCIN;LICARLO;;;;;;;;;;;;;;;;;NATISPRAY;;;;;;Hydro-PC II;;;;;UNIBIS D;;Zocor;;;;;;;Oldaram;;;;;;;;
;Antiviral Cold Sore;;;S-AMPIN;CLAMOXEN NEO;;;;Paracetamol Basi;Ezetast;;Lipuxin;;;;;;;;;;Auro-Ciprofloxacin;;;;;;Dextenza;;;Rx-Act Pain Relief PM;;;;Suprexon;;;Gallimycin;;;;FLUNA;;;;;;;Vicodin;;;;;;;;RP LEVOFLOXACIN;LIDOPLAST;;;;;;;;;;;;;;;;;Anginine;;;;;;Respa-A.R.;;;;;ZANSTA;;Simvador;;;;;;;Marol;;;;;;;;
;Zolaten;;;SEVISTAR;COEUN;;;;Paracetamol Dura;Chorit;;Yinpeikang;;;;;;;;;;Dom-Ciprofloxacin;;;;;;TOBACIN-D;;;Onetab Cold and Flu;;;;LIDOCAINE HCL EPINEPHRINE HUONS;;;Eryhexal;;;;FUROZOL;;;;;;;M-Clear Reformulated Oct 2007;;;;;;;;UNILEVO;LIDOPRIL;;;;;;;;;;;;;;;;;Gallolingual;;;;;;Tussafed EX;;;;;NEXINA D;;Lipovas;;;;;;;Qimanding;;;;;;;;
;Alinivir;;;UNASARTAN;CROANAN DUO;;;;Paracetamol Gsk;E-DUET;;Baqi;;;;;;;;;;Priva-Ciprofloxacin;;;;;;TORABINDEX;;;Wal-Dryl Severe Allergy & Sinus;;;;JEIL EPINEPHRINE;;;Erythromycin Denk;;;;FURUZOL;;;;;;;Pseudatex HC;;;;;;;;HAWON LEVOFLOXACIN;PCAINE;;;;;;;;;;;;;;;;;Nitroderm Tts;;;;;;De-Chlor G;;;;;RABITRA;;Yixin;;;;;;;Qutongkang;;;;;;;;
;Aciclovir Aristo;;;AXELER;CURAMUS NEO;;;;Paracetamol Hikma;ALIPID;;Fuqixing;;;;;;;;;;Q-Ciprofloxacin;;;;;;Hexadrol;;;Nightcalm;;;;BOSMIN;;;Erythromycin Rotexmedica;;;;KONIZOL;;;;;;;Endal-HD Reformulated Nov 2007;;;;;;;;CRAFROXIN;SINSIN LIDOPAIN;;;;;;;;;;;;;;;;;Nitrolingual Akut Spray;;;;;;Tussi-12D;;;;;RANIBIS;;Xinyouzhi;;;;;;;Antian;;;;;;;;
;Aciclovir Hikma;;;COVERAM;JENIMAX;;;;Paracetamol Salinen-Apotheke;AMOSTATIN;;Ximei;;;;;;;;;;Ciprofloxacine AB;;;;;;AK-Dex;;;Anaesthecomp;;;;EPINEPHRINE DAIHAN;;;Erythromycin Stragen;;;;LEADCOZOLE;;;;;;;Zotex HC;;;;;;;;CRAVIT;XILONIBSA;;;;;;;;;;;;;;;;;Nitrolingual Mite;;;;;;Amerituss AD;;;;;RANIZAN;;Lishuda;;;;;;;Jitongan;;;;;;;;
;ACLOVA;;;AMLODIPINE CRISTERS;NEWMOKCRA;;;;Neuralgin Schmerztabletten;ANATA;;Qixian;;;;;;;;;;CT-CIN;;;;;;Neo-Decadron;;;Asthmastop;;;;NOVOCOL;;;Inderm;;;;LUCONAZOL;;;;;;;Atuss EX Reformulated Feb 2008;;;;;;;;DAEWOONG LEVOFLOXACIN;Pliaglis;;;;;;;;;;;;;;;;;Nitronal Spray;;;;;;V-Tan DM;;;;;TINOQ;;Xindasu;;;;;;;Yibang;;;;;;;;
;ACYRAX;;;AMLODIPINE RANBAXY;NEWMOKCRA DUO;;;;Mono Praecimed;ASTAN;;Azithromycin 1a Pharma;;;;;;;;;;CIFLOXIN;;;;;;Decadron;;;Betadorm D;;;;BUPIVACAINE AGUETTANT;;;Skid;;;;SINCONAZOLE;;;;;;;Zamicet;;;;;;;;DONGKOO LEVOFLOXACIN HYDRATE;Zingo;;;;;;;;;;;;;;;;;Ero-Bosan;;;;;;Vistuss;;;;;TRIBIS;;Ezesimin;;;;;;;Trapadex;;;;;;;;
;ZODIAC;;;NATRIXAM;OMETIN NEO;;;;Migraene Neuridal;ATORTIN;;Azithromycin Accedo;;;;;;;;;;CIFTEC;;;;;;Neopolydex;;;Befelka;;;;ARTINIBSA;;;Erythro-Es;;;;CANDINO;;;;;;;Hydron CP;;;;;;;;LETROXIN;Xylocaine with Epinephrine;;;;;;;;;;;;;;;;;Nitroject;;;;;;Guiaplex HC;;;;;RANITIDINE ARROW;;Simvaaps;;;;;;;Pontalsic;;;;;;;;
;Virovir;;;Amline;PLEMING;;;;Migralave + Mcp;CADURAT;;Azithromycin Ct;;;;;;;;;;CIPROC;;;;;;Cilodex;;;Bronchisan;;;;PRIMACAINE ADRENALINE;;;Novo-Rythro Estolate;;;;CIFLUCO;;;;;;;Atuss HD Extended Release;;;;;;;;LEVO FRESH;Lidocream;;;;;;;;;;;;;;;;;Mylan-Nitro Patch;;;;;;Deconhist;;;;;RANITIDINE EG;;Simvastatin Axsan;;;;;;;Brimisol PR;;;;;;;;
;Soothelip;;;Cadivast;PLEMING DUO;;;;Titralgan;CIRCUET;;Azithromycin Eberth;;;;;;;;;;CIPROTWO;;;;;;Sofradex;;;Dabylen Asthma;;;;NORADRENALINE RENAUDIN;;;Nu-Erythromycin-S;;;;FLUCOPAM;;;;;;;Procof D;;;;;;;;LEVO F;Lidocort;;;;;;;;;;;;;;;;;;;;;;;Baltussin;;;;;RANITIDINE RANBAXY;;Simvastatin Azupharma;;;;;;;Mtw Tramadol;;;;;;;;
;Soraway Cold Sore;;;Norvapine;SINCLAMOK;;;;Togal Kombi;DIPINSTA;;Azithromycin Hecpharm;;;;;;;;;;CIROSIN;;;;;;Glymesason;;;Diphenhydramin Prk;;;;DELTAZINE;;;;;;;FRONAN;;;;;;;Bromplex HD;;;;;;;;LEVOBACTER;Lidomar;;;;;;;;;;;;;;;;;;;;;;;P-Hist;;;;;RANITIDINE ZENTIVA;;Simvastatin Bluefi;;;;;;;T Long;;;;;;;;
;Zobiclobill;;;Reaptan;SULTAMON;;;;Togal Paracetamol;DUTADINE;;Azithromycin Kwizda;;;;;;;;;;CIROXIN;;;;;;Bisuo DS;;;Docpelin Nachtsterne;;;;Cocaine Hydrochloride And Adrenaline Acid Tartrate Apf;;;;;;;LUCOZOL;;;;;;;Dynatuss HC;;;;;;;;LEVOCID;Xylocard;;;;;;;;;;;;;;;;;;;;;;;Pediacare Infants Decongestant;;;;;Ranitidine Forte;;Simvastatin Ct;;;;;;;Travex;;;;;;;;
;Virlex;;;Amlodoc;A-CRAN DUO;;;;Togal Seltzer Ass;HANTOVA;;Zitromax;;;;;;;;;;FLOCY;;;;;;Zalucs;;;Grippostad;;;;Ubistesin;;;;;;;FLUCONAZOLE KABI;;;;;;;Lortuss HC;;;;;;;;LEVOFACIN;Mylocaine;;;;;;;;;;;;;;;;;;;;;;;Tylenol Cold Infants Reformulated Jun 2007;;;;;Ranitidin Abz;;Simvastatin Hormosan;;;;;;;Tramamerck;;;;;;;;
;Qinglin;;;Amlodipin Aaa;Amix;;;;Arco Pain;LITOATIN;;AZETO;;;;;;;;;;FUROXIN;;;;;;Dexart;;;Insekten;;;;Ganda;;;;;;;FLUCONAZOLE PFIZER;;;;;;;Mintuss MR;;;;;;;;REVOPRAN;Truxacaine;;;;;;;;;;;;;;;;;;;;;;;Cardec Drops Reformulated Jun 2007;;;;;Ranitidin Atid;;Simvastatin Saar;;;;;;;Tramawieb;;;;;;;;
;Bangna;;;Amlodipin Aiwa;Zoxycil;;;;Aspirin Regular Strength;LIVADUET;;DAEWOONG AZITHROMYCIN;;;;;;;;;;VISIPRO;;;;;;Methaderm;;;Keldrin;;;;Xylonest;;;;;;;FLUCONAZOLE ZYDUS;;;;;;;Ed-Tuss HC;;;;;;;;WONFLOXINE;LidaMantle;;;;;;;;;;;;;;;;;;;;;;;Brom Tann PE;;;;;Ranitidin Axcount;;SIMVARAN;;;;;;;Tramadol Biomo;;;;;;;;
;Shaweiluo;;;Amlodipin Besilat Heumann;Trimox;;;;Aspirin With Stomach Guard;RETOVA;;AZITHROMYCINE CRISTERS;;;;;;;;;;Cipro;;;;;;Dexaltin;;;Logomed Beruhigung;;;;Ana-Kit;;;;;;;Afeme Duo;;;;;;;Hycoclar Tuss;;;;;;;;LECROCIN;Senatec;;;;;;;;;;;;;;;;;;;;;;;Balacall DM;;;;;Act Ranitidine;;BITEROL;;;;;;;Tramadol Ct;;;;;;;;
;Aibeiqing;;;Amlodipin Dura;Co-amoxiclav;;;;Asa Daily Low Dose;Youjia;;AZITHROMYCINE EVOLUGEN;;;;;;;;;;Ciproxin Flexibag;;;;;;Baycadron;;;Moradorm;;;;Endangitin;;;;;;;Canesoral;;;;;;;M-Clear;;;;;;;;LEFOXIN;EMLA;;;;;;;;;;;;;;;;;;;;;;;Zicam Cold and Flu Daytime;;;;;Dom-Ranitidine;;SIMSVA;;;;;;;Tramadol Heumann;;;;;;;;
;Luofu;;;Amlodipin Hexal;Amoxident;;;;Asa Extra Strength;Lipertance;;AZITHROMYCINE ZYDUS;;;;;;;;;;Ciproxan;;;;;;Afpred;;;Novo Dolestan;;;;Epi E-Z Pen;;;;;;;Flufeme;;;;;;;M-End;;;;;;;;LESACIN;Lidosite;;;;;;;;;;;;;;;;;;;;;;;Brovex PBC;;;;;Pms-Ranitidine;;SIMVALORD;;;;;;;Tramadol Vem;;;;;;;;
;Zhuli;;;Amlodipin Stada;HeliCl;;;;Entrophen;Atorasat;;Zedd;;;;;;;;;;Otiprio;;;;;;Arthrisinal;;;Plantival;;;;Gynopt;;;;;;;Vagiclear;;;;;;;Norco;;;;;;;;LEVOA;Savlon;;;;;;;;;;;;;;;;;;;;;;;Liquibid DR;;;;;Ran-Ranitidine;;SIMVANEX;;;;;;;Trace;;;;;;;;
;Likeping;;;Amlodipin Winthrop;Sawacillin;;;;Equate;Atorvastatin Apotex;;Zitrocin;;;;;;;;;;Linqing;;;;;;Cortisumman;;;Pellisal;;;;F Alleropt;;;;;;;Flucoderm;;;;;;;Zydone;;;;;;;;LEVOCRA;Soothake;;;;;;;;;;;;;;;;;;;;;;;Sine-Off Maximum Strength Reformulated Sep 2008;;;;;Nu-Ranit;;SIMVASTATIN SCHNELL;;;;;;;Trama Kd;;;;;;;;
;Kangdawei;;;Amlodipin [Besilat] Abz;Shuxianlin;;;;Nezger;Atorva;;Azithromycin - 1 A Pharma;;;;;;;;;;Beisite;;;;;;Corti Wespuril;;;Pellit;;;;Posicaine N;;;;;;;Fluconazol Abz;;;;;;;Anexsia;;;;;;;;LEVOFLOXACIN DONGSUNG;Dequa;;;;;;;;;;;;;;;;;;;;;;;Aquatab C Reformulated Oct 2008;;;;;Boots Heartburn Relief;;VYSTA;;;;;;;Trama Sanorania;;;;;;;;
;Aciclovir Hemopharm;;;Ramipril Hexal;Amoxian;;;;Madelon;ATOTIN-M;;Azithromycin Abz;;;;;;;;;;Sipule;;;;;;Corti Biciron;;;Psilo;;;;Novocain;;;;;;;Fluconazol Acis;;;;;;;Bancap HC;;;;;;;;SAMSUNG LEVOFLOXACIN;Care Haemorrhoid Relief;;;;;;;;;;;;;;;;;;;;;;;AlleRx PM Reformulated Apr 2008;;;;;Mylanta;;EASYSIMVA;;;;;;;ATRA SEMY;;;;;;;;
;Aciclovir Klast;;;Triveram;Laideyi;;;;Muscle & Back Pain Asa Methocarbamol & Acetylsalicylic Acid;ATORVAN;;Azithromycin Hexal;;;;;;;;;;Saikexing;;;;;;Dexamethason Berco;;;Spondylon;;;;Universaltox;;;;;;;Novo-Fluconazole;;;;;;;Chlorgest HD;;;;;;;;LEVOFLOXACINE ACTAVIS;Polyfusor LG;;;;;;;;;;;;;;;;;;;;;;;Beechams Cold & Flu;;;;;Acidsoothe;;HANKOOK SIMVASTATIN;;;;;;;ACCETRA;;;;;;;;
;Aciclovir Lindo;;;Tonotec;Abiclav;;;;Muscle Relaxant And Analgesic;A-STIN;;Infectoazit;;;;;;;;;;Daweibang;;;;;;Dexapos;;;Solvenerv N;;;;Virotox;;;;;;;Monicure;;;;;;;Chlorphen HD;;;;;;;;LEVOFLOXACINE ARROW;Boots Anaesthetic Sore Throat Relief;;;;;;;;;;;;;;;;;;;;;;;Lloydspharmacy Max Strength Cold and Flu Relief;;;;;HUVIS-D;;HUNIZ SIMVASTATIN;;;;;;;ACETADOL;;;;;;;;
;Aciclovir Siga;;;Dom-Amlodipine;Amoxicillin Basics;;;;Muscle Relaxant And Back Pain Relief Regular Strength;AVATIN;;Apo-Azithromycin;;;;;;;;;;Ciprofloxacin Almus;;;;;;Dexasalyl;;;Toquizon;;;;Taro-Epinephrine Auto-Injector;;;;;;;Riva Fluconazole;;;;;;;Cleartuss DH;;;;;;;;LEVOFLOXACINE BIOGARAN;Neriza;;;;;;;;;;;;;;;;;;;;;;;Boots Ultra Cold & Flu Relief All in One;;;;;ALBICHEM;;ROCO;;;;;;;AMITRAM SEMI;;;;;;;;
;Aciclovir Temmler;;;Q-Amlodipine;Amoxicillin Billix;;;;London Drugs Coated Daily Low-Dose Asa;DUORIX;;Novo-Azithromycin Pediatric;;;;;;;;;;Ciprofloxacin Awd;;;;;;Dexa Bronchis;;;Tussoretard;;;;;;;;;;;Phl-Fluconazole;;;;;;;Cotuss-V;;;;;;;;LEVOFLOXACINE EVOLUGEN;Penles;;;;;;;;;;;;;;;;;;;;;;;Numark Max-Strength Sinus Relief;;;;;ALBISONDI;;CHOLESNONE;;;;;;;ARAPHEN;;;;;;;;
;Aciclovir Vp;;;Pms-Amlodipine;Amoxicillin Denk;;;;Herbopyrine;LIPITIN;;Ipg-Azithromycin;;;;;;;;;;Ciprofloxacin Biomo;;;;;;Dexa Effekton;;;Vivinox Schlaf;;;;;;;;;;;Nu-Fluconazole;;;;;;;Damason-P;;;;;;;;LEVOFLOXACINE KABI;Burn Jel;;;;;;;;;;;;;;;;;;;;;;;Lloydspharmacy Cold Relief;;;;;ALBIZENDI;;IMPECTWIN;;;;;;;CETADOL SEMI;;;;;;;;
;Aci Sanorania;;;Pms-Amlodipine-Atorvastatin;Amoxicillin Pb;;;;Rivasa Fc;LIPODIPIN;;Phl-Azithromycin;;;;;;;;;;Ciprofloxacin Tad;;;;;;Dexa Ehrl;;;Visanocor;;;;;;;;;;;Femzole Duo;;;;;;;DuoCet;;;;;;;;LEVOFLOXACINE MYLAN;Satohap Pain Relieving;;;;;;;;;;;;;;;;;;;;;;;Beechams Max Strength All In One;;;;;ALFOS;;NEWVASTIN;;;;;;;DURACET;;;;;;;;
;Virulax;;;Van-Amlodipine;Amoxicillin Plus Eup;;;;Ratio-Tecnal;NEW ATORTA;;;;;;;;;;;;Ciprox;;;;;;Dexa Polyspectran;;;Dytan-D Chewable;;;;;;;;;;;Canazole;;;;;;;Donatussin DC;;;;;;;;LEVOFLOXACINE PHR LAB;Mericaine Reformulated Oct 2015;;;;;;;;;;;;;;;;;;;;;;;Sudafed Mucus Relief;;;;;BISAL;;SIMSTATIN;;;;;;;HANTRACET SEMI;;;;;;;;
;Zoliparin;;;Camlostar;Amoxillat;;;;Phenaphen No 2;TUSTAPIN;;;;;;;;;;;;Cipro 1a Pharma;;;;;;Dexa Rhinospray;;;After Bite Plus;;;;;;;;;;;EXOMAX;;;;;;;Enplus-HD;;;;;;;;LEVOFLOXACINE RANBAXY;RectiCare Advanced Wipes;;;;;;;;;;;;;;;;;;;;;;;Beechams Breathe Cl Hot Honey & Lemon Menthol Flavour;;;;;BISRANDI;;SIMVAST;;;;;;;JENTRACET SEMI;;;;;;;;
;Lidovir;;;Appunto;Amoxiplus Ratiopharm;;;;Phl-Asa;ATORAN;;;;;;;;;;;;Ciproflox Puren;;;;;;Dermaphytex;;;Ivarest Maximum Strength;;;;;;;;;;;FLNAZOLE;;;;;;;H-C Tussive;;;;;;;;LEVOFLOXACINE RATIOPHARM;Doans Pain Relieving;;;;;;;;;;;;;;;;;;;;;;;Max Strength Decongestant;;;;;DACTEL;;SIMVASTATIN C-TRI;;;;;;;TRADOL;;;;;;;;
;ACROVIN;;;Besidep;Amoxyliquid;;;;Pain Aid;CADUEL;;;;;;;;;;;;Ciproflox Tad;;;;;;Ell Cranell Dexa;;;Paedamin Children's Antihistamine;;;;;;;;;;;FLUDAZOLE;;;;;;;Histussin D;;;;;;;;Levam;Yabing;;;;;;;;;;;;;;;;;;;;;;;Paramed Cold Relief;;;;;ELTIDIN C;;SIMVATEROL;;;;;;;TRAIM SEMI;;;;;;;;
;ACYCAN;;;Amlocor;Amoclanhexal Eup;;;;Viva Asa;DUE A;;;;;;;;;;;;BEARCIN;;;;;;Fissan;;;Snuzaid;;;;;;;;;;;FLULAZOLE;;;;;;;Hyco-DH;;;;;;;;Levofloxacin Abz;Enna;;;;;;;;;;;;;;;;;;;;;;;Robitussin Chesty Cough;;;;;HUVIS;;TAIGUK SIMVASTATIN;;;;;;;TRASPEN;;;;;;;;
;COVIR;;;Olmesartan / Amlodipine / HCTZ Krka;Amoxi Abz;;;;Zee-Seltzer Antacid and Pain Reliever;AMVASTIN;;;;;;;;;;;;CIFLAXIN;;;;;;Ichtho;;;Abopretten;;;;;;;;;;;FLUMAX;;;;;;;Hyco-pap;;;;;;;;Levofloxacin Al;Emerxil;;;;;;;;;;;;;;;;;;;;;;;Uniflu;;;;;JANPRO;;UNISIMVA;;;;;;;TRIMACET SEMI;;;;;;;;
;WOORIDUL ACYCLOVIR;;;Consensi;Amoxi Basan;;;;PLAVEL DUO;ATOCEL-S;;;;;;;;;;;;CIPLOXCIN;;;;;;Sanamethason;;;Bur-Dorm;;;;;;;;;;;FLUNACAN;;;;;;;Hydropane;;;;;;;;Levofloxacin Aurobindo;Hemosedan;;;;;;;;;;;;;;;;;;;;;;;Lloydspharmacy n-Drowsy Decongestant with Paracetamol;;;;;JINRADINE;;SIMVASTATINE BOUCHARA RECORDATI;;;;;;;UPTRACET;;;;;;;;
;CHO-A ACYCLOVIR;;;A-NOVA;Amoxi Clavulan Al;;;;Ex-Pain;ATOREN;;;;;;;;;;;;CIPROBAY HC OTIC;;;;;;Saocin D;;;Dr. Niederstadts Schlaf-Tabletten;;;;;;;;;;;FLUZIN;;;;;;;Hydrotropine;;;;;;;;Levofloxacin Hikma;Otocalmine;;;;;;;;;;;;;;;;;;;;;;;Sudafed Sinus Max Strength;;;;;NEW NASPORIN;;SIMVASTATINE ISOMED;;;;;;;YUNGTRACET SEMI;;;;;;;;
;BACOCILON;;;J-VIKAR HCT;Amoxi Hefa;;;;Caprin;ATRODE;;;;;;;;;;;;CYPRO;;;;;;Ultra Demoplas A;;;Dorm;;;;;;;;;;;MECONAZOLE;;;;;;;Hydrotuss;;;;;;;;Quinsair;Angiocine;;;;;;;;;;;;;;;;;;;;;;;Boots Max Strength Cold & Flu;;;;;RANICOS;;SIMVASTATINE PFIZER;;;;;;;ARAPHEN-SEMI;;;;;;;;
;BACYLO;;;NT-STA;Amoxi Lichtenstein;;;;Robaxisal;BORIATO;;;;;;;;;;;;NEWGENPHARM CIPROXIN;;;;;;Ultra Demoplas N;;;Cc-Nox;;;;;;;;;;;YUCONAZOL;;;;;;;Hypamine;;;;;;;;Levoquin;Zionodil;;;;;;;;;;;;;;;;;;;;;;;Fenox;;;;;RANTIS;;SIMVASTATINE PHR LAB;;;;;;;DIWAREN;;;;;;;;
;HANALL ACYCLOVIR;;;ADOBE;Aloxyn;;;;Alka-Seltzer Plus Cold;CADUESTIN;;;;;;;;;;;;SINIL CIPROFLOXACIN HCL;;;;;;DONGKWANG DEXTASONE;;;Lupovalin;;;;;;;;;;;Boots Pharmacy Thrush;;;;;;;TUSS AX;;;;;;;;CLEVOT;RectaGel;;;;;;;;;;;;;;;;;;;;;;;Boots Max Strength sinus relief;;;;;RIALBISDI;;SIMVASTATINE RATIOPHARM;;;;;;;ACEDOL SEMI;;;;;;;;
;JINACID;;;AMLODIZEN;Co Amoxiclav Bluefish;;;;Easprin;CARODIET;;;;;;;;;;;;ACIREN;;;;;;ERIZAS;;;Leodorm;;;;;;;;;;;Meidike;;;;;;;Iotussin D Liquid;;;;;;;;CLOXACIN;Lidum;;;;;;;;;;;;;;;;;;;;;;;Sandol;;;;;RULATIN;;SIMVASTATINE RPG;;;;;;;BEARCET;;;;;;;;
;ACICLOVIR QUALIMED;;;AMOCK;Easymox;;;;YSP Aspirin;COLDUET;;;;;;;;;;;;ARLICO CIPROFLOXACIN HCL;;;;;;SINIL DEXAMETHASONE;;;Reisegold;;;;;;;;;;;Dafukang;;;;;;;HIST-PLUS;;;;;;;;LEFLOCIN;Cutiecaine;;;;;;;;;;;;;;;;;;;;;;;Mydrin;;;;;ZANCI Q;;SIMVASTATINE TEVA;;;;;;;CLTRA;;;;;;;;
;ACICLOVIR RATIOPHARM;;;AMROVIKAR HCT;Infectomycin;;;;Zero-Order Release;DUODIPIN;;;;;;;;;;;;CIPLUS;;;;;;DEXAMETA;;;Urbadorm;;;;;;;;;;;Weikeheng;;;;;;;KG-Tuss HD;;;;;;;;LEVOLOCIN;Burn Jel Plus;;;;;;;;;;;;;;;;;;;;;;;Ophmic;;;;;Taladine;;Ransim;;;;;;;SYNERJET;;;;;;;;
;ACICLOVIR ZENTIVA;;;BIRODI;Silamox;;;;Endodan Reformulated May 2009;GLOSTA;;;;;;;;;;;;CIPOXCIN;;;;;;TOBESON;;;Allergy, Sinus And Headache Relief Medication;;;;;;;;;;;Fuda;;;;;;;Dolorex Forte;;;;;;;;LEVOYURO;Strepsils Pain Relief;;;;;;;;;;;;;;;;;;;;;;;RectiCare Advance Cream;;;;;Ranitil;;Simvahexal;;;;;;;TAMITRA SEMI;;;;;;;;
;ACICLOVIR ZYDUS;;;CADUO;Ulcolind;;;;Genace brand of acetaminophen/aspirin/caffeine;K-DUET;;;;;;;;;;;;CIPUROCIN;;;;;;LIMETHASON;;;Allernix;;;;;;;;;;;Yiqifu;;;;;;;Rhinacon DH;;;;;;;;Oftaquix;Strepsils Pain Relief Plus;;;;;;;;;;;;;;;;;;;;;;;Advil Sinus Congestion and Pain;;;;;Gelaishi;;Zimstat;;;;;;;SYNERJET SEMI;;;;;;;;
;KENDIX;;;CARDIREX;Uro Clamox;;;;Alka-Seltzer Plus Night Time Effervescent;LIPICURE;;;;;;;;;;;;CIROCTAN;;;;;;OKLEX;;;Anti-Itch Plus;;;;;;;;;;;Kedakang;;;;;;;Maxi Tuss HCG;;;;;;;;Jierong;Aknebersol;;;;;;;;;;;;;;;;;;;;;;;Ertongkedalin;;;;;Aikewei;;Goltor;;;;;;;A-CET SEMI;;;;;;;;
;VALACICLOVIR TEVA;;;CARENET;BICRA DUO;;;;Aspidrox;NEUSTATIN-A;;;;;;;;;;;;CYRUS;;;;;;POLYDEXA;;;Balminil;;;;;;;;;;;Sanweikang;;;;;;;Marcof Expectorant;;;;;;;;Nuopulun;Anaesthecomp;;;;;;;;;;;;;;;;;;;;;;;Erkean;;;;;Yizhenkang;;Simvabeta;;;;;;;ANTIPYRA;;;;;;;;
;Acihexal;;;CJ TELMIAMLO;AUCLAN DUO;;;;Aspir-Low;SANDOZ ATORVASTATIN;;;;;;;;;;;;EPROCIN;;;;;;MAXIDROL;;;Benadryl Cream;;;;;;;;;;;Kaixing;;;;;;;Maxi-Tuss HC;;;;;;;;Lifuxing;Antiproktan;;;;;;;;;;;;;;;;;;;;;;;Kedalin;;;;;Puertai;;Simvadoc;;;;;;;CLTRA SEMI;;;;;;;;
;Ozvir;;;CRADIPAIR;AUCLATIN NEO;;;;Aspir-trin;K-TORVA;;;;;;;;;;;;CIFEX;;;;;;Dexmethsone;;;Benadryl Spray;;;;;;;;;;;Fupengxing;;;;;;;Med-Hist Expectorant;;;;;;;;Laixili;Asthmalyticum;;;;;;;;;;;;;;;;;;;;;;;Sudafed Sinus Pain Relief;;;;;Milinda;;Simvaliquid Geriasan;;;;;;;EUROCET;;;;;;;;
;Aciclovir Akut Creme - 1a Pharma;;;DIONOVA;AUGMENTAM;;;;Axotal;LIPISANTE;;;;;;;;;;;;CIPAXIN;;;;;;Dexaflam;;;Flu Relief;;;;;;;;;;;Huashixin;;;;;;;Medtuss HD;;;;;;;;Hailun;Batrax;;;;;;;;;;;;;;;;;;;;;;;Phenylephrine Thea;;;;;Raniwieb;;Simvastatin Aaa-Pharma;;;;;;;TRADOM;;;;;;;;
;Herpolips;;;DIROSTA;CLARIN NEO;;;;Alka-Seltzer Plus Cold Medicine;LIVATIN;;;;;;;;;;;;CIPROCIN;;;;;;Dexagel;;;Extra Strength Allergy Formula;;;;;;;;;;;Azocan;;;;;;;Cordron HC;;;;;;;;Lelang;Bipensaar;;;;;;;;;;;;;;;;;;;;;;;Notuss PE;;;;;Rani Abz;;Simvastatin Aurobindo;;;;;;;TRAMACET SEMI;;;;;;;;
;Lippenherpescreme Elac;;;DUKFORGE;CROANAN NEO;;;;Entaprin;ATORSTAN;;;;;;;;;;;;CIROK;;;;;;Dexahexal;;;Ergodryl;;;;;;;;;;;Canex;;;;;;;P-V-Tussin;;;;;;;;Yulixing;Dexamonozon;;;;;;;;;;;;;;;;;;;;;;;Rutuss with Hydrocodone;;;;;Rani Basf;;Simvastatin Dura;;;;;;;TRAMAROL SEMI;;;;;;;;
;Virupos;;;DUO V;GLOCILLIN;;;;Fortabs;ATORVIN;;;;;;;;;;;;CITOPCIN;;;;;;Otriven;;;Dm Cough;;;;;;;;;;;Con Ac;;;;;;;Panacet;;;;;;;;Shuaiwei;Delta Demoplas;;;;;;;;;;;;;;;;;;;;;;;Tuss-PD;;;;;Rani Sanorania;;Simvastatin Krewel;;;;;;;ULTPEN;;;;;;;;
;Alti-Acyclovir;;;EMVIKAR HCT;HUNIZ CLADUO;;;;Halfprin;ATOSPO;;;;;;;;;;;;CYSFEC;;;;;;Monodex;;;Dormirax;;;;;;;;;;;Flucolich;;;;;;;Poly Tussin XP;;;;;;;;Zhangfuyitai;Dexa Brachialin;;;;;;;;;;;;;;;;;;;;;;;Lusair;;;;;Ranitab;;Simvastatin Krka;;;;;;;ULTRAPIN SEMI;;;;;;;;
;Ratio-Acyclovir;;;EUROVATIN;HYCLA DUO;;;;Idenal;DAEWOONGBIO ATORVASTATIN;;;;;;;;;;;;PROXACINBY;;;;;;Psorimed;;;Cough, Cold & Flu;;;;;;;;;;;Fluconazol 1a Pharma;;;;;;;Protuss D;;;;;;;;Tuobilai;Dexa Norgesic;;;;;;;;;;;;;;;;;;;;;;;Robitussin Children's Cough & Cold CF;;;;;Ranitidin Accedo;;Simvastatin Ksk;;;;;;;UTOPAIN SEMI;;;;;;;;
;Ntp-Acyclovir;;;EXPERA;INSICLAN;;;;Laniroif;DUOSC;;;;;;;;;;;;ILYANGBIO CIPROFLOXACIN HCL;;;;;;Accufix Dec Model 033;;;Complete One Cold And Flu Pe Night;;;;;;;;;;;Fluconazol Ct;;;;;;;Tussinate;;;;;;;;Hailijian;Depotpen;;;;;;;;;;;;;;;;;;;;;;;Ru Hist D;;;;;Ranitidin Axsan;;Simvastatin Q-Pharm;;;;;;;ZIMURADOL;;;;;;;;
;;;;LEVODIPINE;LAMOXILIN;;;;Lortab ASA;VATOR;;;;;;;;;;;;CIROPAN;;;;;;Dexamethasone Sod Phos;;;Nite Time;;;;;;;;;;;Fluconazol Isis;;;;;;;Canges HC;;;;;;;;Saishike;Glutisal;;;;;;;;;;;;;;;;;;;;;;;Blanex-A;;;;;Ranitidin Ct;;Simvastatin Real;;;;;;;TRACEPHEN;;;;;;;;
;;;;LEVOVALSA;NEWBATAXIN;;;;Magnaprin;TORVIS;;;;;;;;;;;;TAIGUK CIPROFLOXACIN HCL;;;;;;Ratio-Dexamethasone;;;Regular Strength Dormex;;;;;;;;;;;FLURAN;;;;;;;KGS HC;;;;;;;;Levofloxacin 1a Pharma;Insekten;;;;;;;;;;;;;;;;;;;;;;;Tylenol Children's Plus Cold & Cough;;;;;Ulcocur;;Simvastatin-Corax;;;;;;;TRACOM SEMI;;;;;;;;
;;;;MACSEVIKAR;NEWCLA;;;;Norwich Aspirin;LIPINON;;;;;;;;;;;;UNICIPROSACIN;;;;;;Ocudex;;;Trialyn;;;;;;;;;;;BM CONAZOLE;;;;;;;Tussin V;;;;;;;;Levofloxacin Bluefish;Mebucain;;;;;;;;;;;;;;;;;;;;;;;Pyrichlor;;;;;ALBI-S;;Ran-Simvastatin;;;;;;;TRAMIPHEN;;;;;;;;
;;;;MISARTANT TWIN;OMECLE NEO;;;;Sloprin;LIPITEROL;;;;;;;;;;;;CIPROFLOXACINE EVOLUGEN;;;;;;Odan-Dexamethasone;;;Sleep-Eze Eze;;;;;;;;;;;DIFRAZOL;;;;;;;Tussive HC;;;;;;;;Levofloxacin Hameln;Medambun;;;;;;;;;;;;;;;;;;;;;;;Contac Cold and Flu Non Drowsy Maximum Strength;;;;;ALBITHUS D;;Ntp-Simvastatin;;;;;;;JENTRACET;;;;;;;;
;;;;NEWVIKAR PLUS;SULTACILLIN;;;;Soma Compound;OLPIT;;;;;;;;;;;;CIPROFLOXACINE PANMEDICA;;;;;;Sandoz Dexamethasone;;;ZZZTime;;;;;;;;;;;DIFULAN;;;;;;;Uni Tuss HC;;;;;;;;GLOBIT;Medi;;;;;;;;;;;;;;;;;;;;;;;Rescon Jr Reformulated Feb 2010;;;;;ANACID;;Simtorsi;;;;;;;MADOPHEN;;;;;;;;
;;;;OLMEDIKAR HCT;ACICLA DUO;;;;St. Joseph Aspirin;RADOVA;;;;;;;;;;;;CIPROFLOXACINE QUALIMED;;;;;;DEXASOLONE;;;Z-Sleep;;;;;;;;;;;FLUCONAZOL HANALL;;;;;;;Gentex HC;;;;;;;;JEIL CRAVIT;Neuro Demoplas;;;;;;;;;;;;;;;;;;;;;;;Cyntex;;;;;LBUS;;Ezetimibe / Simvastatine Teva;;;;;;;MUPAIN SEMI;;;;;;;;
;;;;OLMELOPINE HCT;AMOCTASIM NEO;;;;Synalgos-DC;RICHWOOD ATORVA;;;;;;;;;;;;CIPROFLOXACINE RANBAXY;;;;;;Ocu-Dex;;;Aleve PM;;;;;;;;;;;FLUDICAN;;;;;;;Vanex-HD;;;;;;;;LESACRA;Neuro Fortamin;;;;;;;;;;;;;;;;;;;;;;;TL-Hist DM;;;;;RADINE;;Ezetimibe / Simvastatine EG;;;;;;;TAMADOL;;;;;;;;
;;;;OLMESAPIN;AMOXA-DUO;;;;Uni-Case;ATORVASTATINE EG;;;;;;;;;;;;CIPROFLOXACINE SANDOZ;;;;;;Dexasone;;;Tact;;;;;;;;;;;FUGAZOLE;;;;;;;Vetuss HC Syrup;;;;;;;;LEVOFLO;Otodolor;;;;;;;;;;;;;;;;;;;;;;;V-Cof;;;;;RANIBIT;;Flolipid;;;;;;;TARAMADOL SEMI;;;;;;;;
;;;;PLUSFORGE;AMOXAPEN;;;;Equagesic;ATORVASTATINE RPG;;;;;;;;;;;;CIPROFLOXACINE ZYDUS;;;;;;Maxidex;;;Sudafed PE Sinus Congestion plus Allergy;;;;;;;;;;;FURAZOL;;;;;;;Vicodin Tuss;;;;;;;;LEVOFLOXACIN HANALL;Proctis;;;;;;;;;;;;;;;;;;;;;;;Childrens Tylenol Plus Cold & Allergy;;;;;RANI-M;;C-T TORIN;;;;;;;UTREN;;;;;;;;
;;;;ROSUAMPIN;AUGMEX NEO;;;;Solprin;Cadatin;;;;;;;;;;;;C-Flox;;;;;;Decaspray;;;Endal-HD Reformulated Nov 2007;;;;;;;;;;;FURUCAN;;;;;;;Vicoprofen;;;;;;;;LEVOTAMIN;Spondylon;;;;;;;;;;;;;;;;;;;;;;;Giltuss Ped-C;;;;;RANISCA;;K-SIMVA;;;;;;;WOOLPOWERSET;;;;;;;;
;;;;SAMVIKAR HCT;AUGUMAC DUO;;;;Alka-Seltzer PM;Trovas;;;;;;;;;;;;Cirofaxin;;;;;;Decadron-LA;;;Tylenol Severe Allergy;;;;;;;;;;;TRIFUCAN FORTE;;;;;;;HyTan;;;;;;;;LUCE-L;Supramycin;;;;;;;;;;;;;;;;;;;;;;;Linhist LA;;;;;RANITI M;;NT-SIMVAS;;;;;;;CONTRAMAL;;;;;;;;
;;;;SERACAN HCT;CLAOXIN DUO;;;;Anacin Aspirin Regimen;Torvastat;;;;;;;;;;;;Roflo;;;;;;Dexacidin;;;Dimetapp Nighttime Cold & Congestion;;;;;;;;;;;DIROCAN;;;;;;;Hydrofed;;;;;;;;AFLOC;Trachisan;;;;;;;;;;;;;;;;;;;;;;;Ala-Hist PE;;;;;RP RANITIDINE HCL;;BYTARIN;;;;;;;TOPALGIC;;;;;;;;
;;;;SEVIDIPIN HCT;CRAMON NEO;;;;Goody's Body Pain;Liptruzet;;;;;;;;;;;;Ciprobeta;;;;;;Dexasol;;;40 Winks;;;;;;;;;;;FLUCOZOLE;;;;;;;De-Chlor HC;;;;;;;;FLOXPICUR;Uro Stilloson;;;;;;;;;;;;;;;;;;;;;;;Endacon;;;;;ALBID;;EZYSIMVA;;;;;;;TRAMADOL ARROW;;;;;;;;
;;;;SEVIOL;CROANAN-DUO;;;;Aspirin Extra;Atorvastatin Abz;;;;;;;;;;;;Ciprodura;;;;;;Dexasporin;;;Tusstat;;;;;;;;;;;FULUCOZOL;;;;;;;Vitussin;;;;;;;;HIGHLOXIN;Xylestesin;;;;;;;;;;;;;;;;;;;;;;;Robitussin Night Time Cough, Cold & Flu;;;;;ALBIS D;;ILVASTIN;;;;;;;TRAMADOL RANBAXY L;;;;;;;;
;;;;SEVIONE HCT;GLOCILLIN DUO;;;;Aspegic;Atorvastatin Aristo;;;;;;;;;;;;Ciprofloxacin Abz;;;;;;Neo-Dexair;;;Aler-Dryl;;;;;;;;;;;CANDINAZOLE;;;;;;;Atuss MR;;;;;;;;J-PLO;Visthesia;;;;;;;;;;;;;;;;;;;;;;;Alka-Seltzer Plus Flu Reformulated Jan 2011;;;;;GASPORIN;;NEW SIMVAD;;;;;;;TRAMADOL/PARACETAMOL ABBOTT;;;;;;;;
;;;;SIAMLOPINE;AMOCTAM;;;;Imazin;Atorvastatin Aurobindo;;;;;;;;;;;;Ciprofloxacin Aiwa;;;;;;Eyetrol;;;Bydramine;;;;;;;;;;;CLEACOZOLE;;;;;;;Hydrocod CP and Pseud;;;;;;;;LENACIN;Tecnu First Aid;;;;;;;;;;;;;;;;;;;;;;;Tussanil;;;;;GAZETE;;RIPIDATINE;;;;;;;TRAMADOL/PARACETAMOL GERDA;;;;;;;;
;;;;SYNTEXPIN;AMOXALIN;;;;Askit;Atorvastatin Heumann;;;;;;;;;;;;Ciprofloxacin Aristo;;;;;;Martapan;;;Di-Delamine;;;;;;;;;;;FUCOZOLE;;;;;;;Tussicare DH;;;;;;;;LEVOFCIN;Derma Numb;;;;;;;;;;;;;;;;;;;;;;;Wal-Four;;;;;ABIX;;SIMSTIN;;;;;;;TRAMADOL/PARACETAMOL KRKA;;;;;;;;
;;;;TELDIPINE;AMOXIC;;;;Codis;Liprimar;;;;;;;;;;;;Ciprofloxacin Claris;;;;;;Dexa-Rhina Duo;;;Doans PM;;;;;;;;;;;KANAZOL;;;;;;;Phena-HC;;;;;;;;LEVOPLUS;LIDOCAGLE;;;;;;;;;;;;;;;;;;;;;;;Dimetapp Children's Cold and Allergy Reformulated Jan 2011;;;;;ALFENS;;SIMVAMIB;;;;;;;TRAMADOL/PARACETAMOL MYLAN;;;;;;;;
;;;;TELMICOM;AUCMECTIN;;;;Radian B Muscle;Orvatez;;;;;;;;;;;;Ciprofloxacin Ksk;;;;;;Dexafree;;;Hydramine;;;;;;;;;;;LONAZOL;;;;;;;Naierke;;;;;;;;NEWMOSIN;LIDOCAINEEPINEPHRINE YUHAN;;;;;;;;;;;;;;;;;;;;;;;Neotuss Plus;;;;;ALNIZ;;SIMVAS C;;;;;;;TRAMADOL/PARACETAMOL RANBAXY;;;;;;;;
;;;;TELMIONES PLUS;AUGUMENTAM;;;;Aspav dispersible;Orbeos;;;;;;;;;;;;Ciprohexal;;;;;;Dexsol;;;Bromanate AF;;;;;;;;;;;Q FLUCONAZOLE;;;;;;;Phendal-HD;;;;;;;;LENOXACIN;KOREAPHARMA LIDOCAINE HCI;;;;;;;;;;;;;;;;;;;;;;;Tussi-Pres PE;;;;;ALTIDI 75;;SIMVATIN C;;;;;;;MONOCRIXO L;;;;;;;;
;;;;TELMIROAD Q;BACTACILLIN;;;;Gencardia;Stapressial;;;;;;;;;;;;Infectocipro;;;;;;Delmusatt;;;Midol PM;;;;;;;;;;;ILYANGBIO FLUCONAZOLE;;;;;;;Histuss;;;;;;;;LEPREX;LIDOCAINE HCL DAIHAN;;;;;;;;;;;;;;;;;;;;;;;Wal-Phed PE;;;;;ALTOBIS;;SIMVATWO;;;;;;;IXPRIM;;;;;;;;
;;;;TELMISAPIN;CAMODIX;;;;Iskia;Tioblis;;;;;;;;;;;;Keciflox;;;;;;Visualin;;;Tussinate;;;;;;;;;;;MYLUCAN;;;;;;;Zolvit;;;;;;;;LEROXACIN;TAEJOON LIDOCAINE VISCOUS;;;;;;;;;;;;;;;;;;;;;;;Prohist LQ;;;;;BISRAN;;ZOTTA;;;;;;;Tramadol Hydrochloride Sr;;;;;;;;
;;;;TELMITWIN;CIMOX;;;;Bamier;Auro-Atorvastatin;;;;;;;;;;;;Act Ciprofloxacin;;;;;;Voalla;;;Benadryl Allergy Cold;;;;;;;;;;;ONEFLU;;;;;;;Dicodid;;;;;;;;LEVICIN;JEIL LIDOCAINE;;;;;;;;;;;;;;;;;;;;;;;Entex LQ;;;;;CROWN RANITIDINE HCL;;Ranzolont;;;;;;;Tramahexal;;;;;;;;
;;;;TELOSTOP PLUS;HUONS AMOXICLA;;;;Siyue;Gd-Amlodipine/Atorvastatin;;;;;;;;;;;;Bio-Ciprofloxacin;;;;;;Mainvate;;;Twilite;;;;;;;;;;;PHARVIS FLUCONAZOLE;;;;;;;Zyfrel;;;;;;;;LEVOFLOX;LIDOTOP;;;;;;;;;;;;;;;;;;;;;;;Sanatos Day;;;;;EDIS;;Lipovatol;;;;;;;Tramadura;;;;;;;;
;;;;TRUE SET;NECMOCLEAN DUO;;;;Delishu;Dom-Atorvastatin;;;;;;;;;;;;Mint-Ciprofloxacin;;;;;;Aphtasolon;;;Diphenyl;;;;;;;;;;;RP FLUCONAZOLE;;;;;;;Ibudone;;;;;;;;LEVOFLOXIN;AURIGOUTTE;;;;;;;;;;;;;;;;;;;;;;;Rompe Pecho-SF;;;;;GATIS;;Jianzhiting;;;;;;;Tramagit;;;;;;;;
;;;;TWINECO;NOVOCLAN DUO;;;;Asipan;Ratio-Atorvastatin;;;;;;;;;;;;Jamp-Ciprofloxacin;;;;;;Eurason;;;Derma-Pax;;;;;;;;;;;DINAZOL;;;;;;;Codofen;;;;;;;;LEVORACIN;BIOGAZE;;;;;;;;;;;;;;;;;;;;;;;Wal-Flu Flu and Sore Throat;;;;;LADITIN;;Baozhineng;;;;;;;Tramabeta;;;;;;;;
;;;;TWYN DOWN;OMECLE;;;;Sierli;Ntp-Atorvastatin;;;;;;;;;;;;Ratio-Ciprofloxacin;;;;;;Stmerin;;;Simply Sleep;;;;;;;;;;;FLUCONA;;;;;;;Coristine;;;;;;;;LEVOXACIN;COLLUDOL;;;;;;;;;;;;;;;;;;;;;;;Rx-Act Sinus & Allergy PE;;;;;MARUTIN;;Xinglu;;;;;;;Tramadoc;;;;;;;;
;;;;UNISARTAN;PRICLAN;;;;Annituo;Camdis;;;;;;;;;;;;Pro-Ciprofloxacin;;;;;;Mesadoron;;;Benadryl-D Allergy and Sinus;;;;;;;;;;;FLUSCAN;;;;;;;Mercodol With Decapryn;;;;;;;;NOFAXIN;ALVOGYL;;;;;;;;;;;;;;;;;;;;;;;Nasopen-CH;;;;;RABISCURE;;Zhitai;;;;;;;Tramadol Acis;;;;;;;;
;;;;UROFORGE;RICHMENTIN;;;;Niukete;Atorvastatin AB;;;;;;;;;;;;Phl-Ciprofloxacin;;;;;;Santeson;;;Benadryl Severe Allergy Sinus Headache Reformulated Jun 2007;;;;;;;;;;;FLUTECAN;;;;;;;Pdp-Hydrocodone;;;;;;;;TALERIN;ANESDERM;;;;;;;;;;;;;;;;;;;;;;;Dallergy Reformulated Nov 2011;;;;;RANIDINE;;Mixilun;;;;;;;Tramadol Actas;;;;;;;;
;;;;ZARATAN XQ;ILDONG AMOXICILLIN;;;;Asa EG;ADWIN;;;;;;;;;;;;Nu-Ciprofloxacin;;;;;;Dersone;;;Dermarest Insect Bite Spray;;;;;;;;;;;FURACAN;;;;;;;Xylon;;;;;;;;CELLTRION LEVOFLOXACIN;PANOTILE;;;;;;;;;;;;;;;;;;;;;;;Sudafed Blocked Nose & Headache;;;;;RANIT;;Suzhi;;;;;;;Act Tramadol/Acet;;;;;;;;
;;;;Istin;MOXICLA;;;;Asaflow;A-TOVA;;;;;;;;;;;;;;;;;;NEOFORDEX;;;Cold and Flu Relief;;;;;;;;;;;FUZOLE;;;;;;;Hysingla;;;;;;;;CROXACIN;EMLAPATCH;;;;;;;;;;;;;;;;;;;;;;;Cetegrippal;;;;;RANITIGEN;;Cholemed;;;;;;;Auro-Tramadol/Acetaminophen;;;;;;;;
;;;;Unisia;PENCLA;;;;Perdolan Compositum;LIPITO-M;;;;;;;;;;;;;;;;;;Monofree Dexamethason;;;Nirolex Night Time Coughs;;;;;;;;;;;INOCONAZOLE;;;;;;;Flowtuss;;;;;;;;UROLEVO;LIDOCAINE PRILOCAINE BIOGARAN;;;;;;;;;;;;;;;;;;;;;;;Dexafat;;;;;RESTIDINE;;Simvastatin Wolff;;;;;;;J-ATCET;;;;;;;;
;;;;TRIPLIXAM;SULBAKCIN;;;;Alka-Seltzer Plus Day Cold;ATORVADID;;;;;;;;;;;;;;;;;;Dexamgel;;;Benylin Mucus Cough;;;;;;;;;;;PLUCO;;;;;;;Atuss HS;;;;;;;;LEFLOXCIN;VOCADYS;;;;;;;;;;;;;;;;;;;;;;;Duraforte;;;;;SEIREN;;Simva Aristo;;;;;;;ACETRAM SEMI;;;;;;;;
;;;;Pingneng;AHACOOL DUO;;;;Alacetan;ATOVADIPINE;;;;;;;;;;;;;;;;;;De Icol;;;Medised;;;;;;;;;;;FLUCONAZOLE AGUETTANT;;;;;;;Tussiclear DH;;;;;;;;LENOVO;XOGEL ENFANT;;;;;;;;;;;;;;;;;;;;;;;Dolo Mobilat;;;;;INBIS D;;Simvastatin Accord;;;;;;;ACTRA;;;;;;;;
;;;;Xinluoping;AMICLLAN DUO;;;;Antineuralgie;CALOPINE;;;;;;;;;;;;;;;;;;Detobra;;;Covonia;;;;;;;;;;;FLUCONAZOLE ARROW;;;;;;;Monte-G HC;;;;;;;;LEVOTACIN;XYLOROLLAND;;;;;;;;;;;;;;;;;;;;;;;Neo Delphicort;;;;;RABIS;;Simvastatin Key Pharma;;;;;;;ALPHACET SEMI;;;;;;;;
;;;;Keping;AMOCLA;;;;Ausbuettels Ass;DUOACTIN;;;;;;;;;;;;;;;;;;Hemady;;;Olbas;;;;;;;;;;;FLUCONAZOLE MYLAN;;;;;;;Novasus;;;;;;;;LEVOFLOXACINE ALMUS;YRANICID ARSENICAL;;;;;;;;;;;;;;;;;;;;;;;Ozabran;;;;;RAMITIDINE;;Zemox;;;;;;;AMITRAM;;;;;;;;
;;;;Sevikar / HCT;AMOCTASIM;;;;Aspirin Pp;IRETO;;;;;;;;;;;;;;;;;;Ozurdex;;;Dozol;;;;;;;;;;;FLUCONAZOLE QUALIMED;;;;;;;Tussplex;;;;;;;;LEVOFLOXACINE BLUEFISH;ZIAGEL ENFANT;;;;;;;;;;;;;;;;;;;;;;;Procto Celestan;;;;;ALBITRI;;DUOSIMVA;;;;;;;ARTMA;;;;;;;;
;;;;Olmesartan / Amlodipine Sandoz;AMOKCLE;;;;Aspirin Ri;LIVATO;;;;;;;;;;;;;;;;;;DexaJect;;;Contac;;;;;;;;;;;FLUCONAZOLE RENAUDIN;;;;;;;ZHist;;;;;;;;LEVOFLOXACINE EG;ONCTOSE;;;;;;;;;;;;;;;;;;;;;;;Rhinotussal;;;;;CAMILLAN;;ITORIN;;;;;;;ASTRASET SEMI;;;;;;;;
;;;;Amturnide;AMOREX DUO;;;;Aspirine L;RIPIATO;;;;;;;;;;;;;;;;;;Ambene;;;Lloydspharmacy Extra Strength Sleep Aid;;;;;;;;;;;FLUCONAZOLE TEVA;;;;;;;Hydromet;;;;;;;;LEVOFLOXACINE KRKA;Animine;;;;;;;;;;;;;;;;;;;;;;;Rhinex;;;;;ELBIS;;SIMCOL;;;;;;;ATMASET SEMI;;;;;;;;
;;;;Amlodipin 1a Pharma;BICRA;;;;Aspirine Pp;TOSTAPIN;;;;;;;;;;;;;;;;;;Auxiloson;;;CalCold Six Plus;;;;;;;;;;;Di-Con One;;;;;;;Pancof XP Reformulated Feb 2008;;;;;;;;LEVOFLOXACINE ZYDUS;Burn And Bite;;;;;;;;;;;;;;;;;;;;;;;Sanaven;;;;;WIRADIN;;SIMVATA;;;;;;;ATRACOOL SEMI;;;;;;;;
;;;;Amlodipin Accedo;CLAMO DUO;;;;Aspirine Ri;Liputuo;;;;;;;;;;;;;;;;;;Baycuten A;;;Benylin Dry Coughs;;;;;;;;;;;Canifug;;;;;;;Pancof HC Reformulated Feb 2008;;;;;;;;Levitis;Lignocaine Hydrochloride And Fluorescein Sodium Minims;;;;;;;;;;;;;;;;;;;;;;;Vibrocil;;;;;TRAVIS;;SIMVAZET;;;;;;;CETRA SEMI;;;;;;;;
;;;;Amlodipin Dexcel;CLAMONEX DUO;;;;Ass Atid;Atorvastatin Beta;;;;;;;;;;;;;;;;;;Corti Attritin;;;Boots Skin Allergy Relief;;;;;;;;;;;Fluconazol Aurus;;;;;;;De-Chlor HD;;;;;;;;Levofloxacin Bioeq Pharma;Nurocain With Adrenaline;;;;;;;;;;;;;;;;;;;;;;;Visadron;;;;;ZETIS;;CHOLSTEROL;;;;;;;COMPA;;;;;;;;
;;;;Amlodipin Heumann;CRAMOTIN DUO;;;;Ass Elac;Atorvastatin Biomo;;;;;;;;;;;;;;;;;;Dexamethason Wolff;;;Tixycolds;;;;;;;;;;;Fluconazol Derm 50 - 1 A Pharma;;;;;;;Entex HC Discontinued;;;;;;;;Levofloxacin Denk;Virasolve;;;;;;;;;;;;;;;;;;;;;;;Delsym Night Time Cough and Cold Reformulated Jan 2012;;;;;S-ALBI;;EVATORIN;;;;;;;GREENCET;;;;;;;;
;;;;Amlolich;CROANAN;;;;Ass Fridetten;Atorvastatin Docpharm;;;;;;;;;;;;;;;;;;Dexa An;;;Venasmin;;;;;;;;;;;Fluconazol Kabi;;;;;;;Hydron EX;;;;;;;;Levofloxacin Dura;Unburn;;;;;;;;;;;;;;;;;;;;;;;Stonarhini;;;;;ZANCI-Q;;SIMROX A;;;;;;;KYUNGDONG CAMPEX;;;;;;;;
;;;;Amlo Wolff;FAMOX;;;;Ass Heumann;Atorvastatin Ratiopharm;;;;;;;;;;;;;;;;;;Dexa Clinit;;;Air-Salonpas;;;;;;;;;;;Fluconazol Redibag;;;;;;;M-End Reformulated Oct 2008;;;;;;;;Levofloxacin Heumann;Doloracin with Lidocaine;;;;;;;;;;;;;;;;;;;;;;;Alka-Seltzer Plus Cold and Cough Effervescent;;;;;RANITIDINE TEVA;;SIMVACRIN;;;;;;;SERIKIN;;;;;;;;
;;;;Candeamlo Hexal;MAXICLAN NEO;;;;Ass Lichtenstein;Atorvastatin 1a Pharma;;;;;;;;;;;;;;;;;;Dexa Hp;;;Baijiahei;;;;;;;;;;;Flunazul;;;;;;;Hydone Formula Liquid;;;;;;;;Levofloxacin Ibisqus;Xolido;;;;;;;;;;;;;;;;;;;;;;;Vazobid-PD;;;;;Reflux Relief Extra Strength;;SIMVARO;;;;;;;TRABAN;;;;;;;;
;;;;Sigamlo;MOXAMENTIN DUO;;;;Ass Phamos;APITO;;;;;;;;;;;;;;;;;;Dexa Inject;;;Diphamine;;;;;;;;;;;Apo-Fluconazole;;;;;;;De-Chlor NX;;;;;;;;Levofloxacin Macleods;Ejacuprae Inverma;;;;;;;;;;;;;;;;;;;;;;;Robitussin Peak Cold Daytime Cold Plus Flu;;;;;Ulcaid;;SIMVASTATIN HANLIM;;;;;;;TRADID;;;;;;;;
;;;;Valsimia;MOXIBLE DUO;;;;Ass Plus C Ct;AROSTIN;;;;;;;;;;;;;;;;;;Dexa Loscon;;;Advil PM Liqui Gels;;;;;;;;;;;Jamp-Fluconazole;;;;;;;JayCof-HC;;;;;;;;Levofloxacin Phares;Emla Pflaster;;;;;;;;;;;;;;;;;;;;;;;Alka-Seltzer Plus Night Cold and Flu;;;;;Rani-Nerton;;SIMVASTEROL;;;;;;;TRAMAPHEN SEMI;;;;;;;;
;;;;AFORGE;POTACIN;;;;Ass Wepa;CARDIPAIR;;;;;;;;;;;;;;;;;;Dexa Lt;;;Delsym Children's Nighttime Cough and Cold;;;;;;;;;;;Priva-Fluconazole;;;;;;;Ed-TLC;;;;;;;;Levofloxacin Stada;Heweneural;;;;;;;;;;;;;;;;;;;;;;;Panatuss DXP Pediatric Reformulated Jun 2012;;;;;Ranimon;;SIMVATATIN;;;;;;;TRIMAPHEN SEMI;;;;;;;;
;;;;AMLODI;UMOXEN;;;;Asasantin;CODUWON;;;;;;;;;;;;;;;;;;Dexa Phlogont;;;Wal-Dryl Childrens;;;;;;;;;;;Pro-Fluconazole;;;;;;;Hexatussin;;;;;;;;Ava-Levofloxacin;Licain;;;;;;;;;;;;;;;;;;;;;;;Atopalm Hemorrhoidal;;;;;Ranitidin Axea;;SIMVA M;;;;;;;ULTRANEW;;;;;;;;
;;;;AMLOSPINE S;AMOXICILLINE ACIDE CLAVULANIQUE MYLAN;;;;Boxonal;LATOVA;;;;;;;;;;;;;;;;;;Dexa Turipol;;;Benadryl-D Fastmelt Allergy and Sinus;;;;;;;;;;;Pms-Fluconazole;;;;;;;Hycoclear;;;;;;;;Auro-Levofloxacin;Lidocain Accord;;;;;;;;;;;;;;;;;;;;;;;Alka-Seltzer Plus Day Severe Cold, Cough And Flu;;;;;Ranitidin Basics;;SIMVACOTIN;;;;;;;YUYU ACETRAMA;;;;;;;;
;;;;AMOPIN;AMOXICILLINE ALMUS;;;;Chephapyrin;ONEDUET;;;;;;;;;;;;;;;;;;Dexabeta;;;Atopalm Itch Relief;;;;;;;;;;;Taro-Fluconazole;;;;;;;Hydrotuss HD;;;;;;;;Dom-Levofloxacin;Lidocaton;;;;;;;;;;;;;;;;;;;;;;;Alka-Seltzer Plus Night Severe Cold, Cough and Flu;;;;;Ranitidin Hikma;;SIMVALOTIN;;;;;;;ZIPAN PLUS;;;;;;;;
;;;;AMORTAN;AMOXICILLINE EG;;;;Coffetylin;TWOMIX;;;;;;;;;;;;;;;;;;Dexacorm;;;Anacin PM Aspirin Free;;;;;;;;;;;;;;;;;;Nalex Expectorant;;;;;;;;Pms-Levofloxacin;Orofar-L Mundspray;;;;;;;;;;;;;;;;;;;;;;;Norel CS;;;;;Ranitidin Pb;;SISTAR;;;;;;;Nobligan retard;;;;;;;;
;;;;AMOSARTANQ;AMOXICILLINE PANPHARMA;;;;Colfarit;ARTIN;;;;;;;;;;;;;;;;;;Dexacrinin;;;Banophen Cream;;;;;;;;;;;;;;;;;;Tuss-DS;;;;;;;;;Parodontal-Mundsalbe;;;;;;;;;;;;;;;;;;;;;;;Hemaway;;;;;Ranitidin Stada;;BIZETA;;;;;;;Mabron;;;;;;;;
;;;;AMROKAN;AMOXICILLINE RANBAXY;;;;Delgesic;ARVA;;;;;;;;;;;;;;;;;;Dolo Posterine;;;Bayer Aspirin PM;;;;;;;;;;;;;;;;;;A-G Tussin;;;;;;;;;Mydocalm;;;;;;;;;;;;;;;;;;;;;;;Mucinex Sinus-Max Day;;;;;Ranitidoc;;VYSTIN;;;;;;;Yinjia;;;;;;;;
;;;;AUKOSARTAN;AMOXICILLINE TEVA;;;;Doloresum;ATOSAN;;;;;;;;;;;;;;;;;;Dolo Tendin;;;Scot-Tussin Allergy;;;;;;;;;;;;;;;;;;Atuss EX;;;;;;;;;Milgamma;;;;;;;;;;;;;;;;;;;;;;;BR CO-A;;;;;Bci Ranitidine;;ZOVATIN;;;;;;;Xiliximeng;;;;;;;;
;;;;DIROBA;AMOXICILLINE/ACIDE CLAVULANIQUE ALTER;;;;Dolviran;AVATIN PLUS;;;;;;;;;;;;;;;;;;Epidermison A;;;Sleeptabs;;;;;;;;;;;;;;;;;;Atuss G;;;;;;;;;Xylestesin-A;;;;;;;;;;;;;;;;;;;;;;;RHINOCOLD;;;;;Myl-Ranitidine;;VYLOW;;;;;;;Tongting;;;;;;;;
;;;;DUOFORGE;AMOXICILLINE/ACIDE CLAVULANIQUE BIOGARAN;;;;Docpelin Ass;DAVIATO;;;;;;;;;;;;;;;;;;Haemichthol Dexa;;;Diphenhist with Zinc;;;;;;;;;;;;;;;;;;Atuss MS;;;;;;;;;Xylocain Pumpspray;;;;;;;;;;;;;;;;;;;;;;;SANTEN MYDRIN-P;;;;;Ratio-Ranitidine;;SIMPEX;;;;;;;Beiping;;;;;;;;
;;;;EMVIKAR;AMOXICILLINE/ACIDE CLAVULANIQUE CRISTERS;;;;Dorocoff Ass;ATORVATIN;;;;;;;;;;;;;;;;;;Ichthalgan;;;Leg Ease;;;;;;;;;;;;;;;;;;Co-Tussin;;;;;;;;;Bradosol;;;;;;;;;;;;;;;;;;;;;;;COLMIN-A;;;;;Phl-Ranitidine;;SIMVAGEN;;;;;;;Qutong;;;;;;;;
;;;;EVERDIPINE;AMOXICILLINE/ACIDE CLAVULANIQUE EG;;;;Eudorlin;ATOSEN;;;;;;;;;;;;;;;;;;Incut Sine;;;Robitussin Peak Cold Nighttime Multi-Symptom Cold;;;;;;;;;;;;;;;;;;Codamine;;;;;;;;;Burn Relief Gel;;;;;;;;;;;;;;;;;;;;;;;Baczol Expectorant;;;;;Tria-Ranitidine;;SIMVAMEDI;;;;;;;Taideluo;;;;;;;;
;;;;EXDUO;AMOXICILLINE/ACIDE CLAVULANIQUE ZENTIVA;;;;Elmigrin;ATOVAN;;;;;;;;;;;;;;;;;;Millicorten;;;Kids-Eeze Allergy;;;;;;;;;;;;;;;;;;Codiclear DH;;;;;;;;;Expanded Multi-Med Kit;;;;;;;;;;;;;;;;;;;;;;;Codral;;;;;ALBICURE;;SIMVASTATINE ALMUS;;;;;;;Naotai;;;;;;;;
;;;;EXLOPINE;Cilamox;;;;Fibrex;OLPIN;;;;;;;;;;;;;;;;;;Neo Myx;;;Dermamycin;;;;;;;;;;;;;;;;;;Codotuss;;;;;;;;;Hawaiian Tropic;;;;;;;;;;;;;;;;;;;;;;;Codral Cold And Flu;;;;;ALBISO;;SIMVASTATINE BIOGARAN;;;;;;;Tramium;;;;;;;;
;;;;HUONS AMLODIPINE;Curam;;;;Fortalidon;RIPIEN;;;;;;;;;;;;;;;;;;Psorigerb;;;Bayer Aspirin PM Reformulated Nov 2011;;;;;;;;;;;;;;;;;;Comtussin HC;;;;;;;;;Family Medic First Aid Treatment;;;;;;;;;;;;;;;;;;;;;;;Congested Cold And Cough Elixir;;;;;ALBIST;;SIMVASTATINE EVOLUGEN;;;;;;;Tradonal;;;;;;;;
;;;;KRANOS;Fisamox;;;;Grippostad;RYVANTIN;;;;;;;;;;;;;;;;;;Proct Anex;;;Panadol Night;;;;;;;;;;;;;;;;;;Cyndal HD;;;;;;;;;No-Ad Sunburn Relief Gel;;;;;;;;;;;;;;;;;;;;;;;Chesty Cough;;;;;ARABIS;;SIMVASTATINE MYLAN;;;;;;;ConZip;;;;;;;;
;;;;LEVOTENSION;Moxiclav Duo;;;;Ilvico;S-DUOACTIN;;;;;;;;;;;;;;;;;;Spersadexolin;;;CalCold;;;;;;;;;;;;;;;;;;Lorcet;;;;;;;;;Pre-Wax Spray;;;;;;;;;;;;;;;;;;;;;;;Decongestant And Antihistamine Elixir;;;;;ARABIS D;;SIMVASTATINE SANDOZ;;;;;;;Tramadol Basics;;;;;;;;
;;;;M-LODIPINE;Ranmoxy;;;;Ipa Ass;ILYANGBIO ATORVASTATIN CALCIUM;;;;;;;;;;;;;;;;;;Uromontavit;;;Arbid;;;;;;;;;;;;;;;;;;Dolacet;;;;;;;;;Res-Q Analgesic Soothing Gel;;;;;;;;;;;;;;;;;;;;;;;Decongestant And Antihistamine Mixture;;;;;BISTIDIN;;SIMVASTATINE ZYDUS;;;;;;;Tramadol Librapharma;;;;;;;;
;;;;NEWDIPINE;Amoxiclav;;;;Mega Dolor;LIPICLEAN;;;;;;;;;;;;;;;;;;Ultra Demoplas Pfz;;;Benadryl N;;;;;;;;;;;;;;;;;;Duradal HD;;;;;;;;;Polysporin Antibiotic;;;;;;;;;;;;;;;;;;;;;;;Duro-Tuss Pe Dry Cough Plus Nasal Decongestant;;;;;ENPISDI;;Simvasyn;;;;;;;Tramadol Ratiopharm;;;;;;;;
;;;;NOVALTAN;Amoclav;;;;Mein Ass;NEWPEX DUO;;;;;;;;;;;;;;;;;;DEXA-S;;;Bronchovalun;;;;;;;;;;;;;;;;;;Duratuss HD;;;;;;;;;Polysporin Cold Sore;;;;;;;;;;;;;;;;;;;;;;;Lemsip Max;;;;;IBIS;;Simvabell;;;;;;;Tramadol Siga;;;;;;;;
;;;;NOVDIPINE;Amoxi Ksk;;;;Melabon;RESTEROL;;;;;;;;;;;;;;;;;;FORUS;;;Codyl;;;;;;;;;;;;;;;;;;Endagen-HD;;;;;;;;;Water-Jel Burn Jel;;;;;;;;;;;;;;;;;;;;;;;Lemsip Multi-Relief Cold And Flu;;;;;MEDIRA;;Simva Basics;;;;;;;Tral Ac;;;;;;;;
;;;;OCODIPINE;Amoxi-Consentis;;;;Mentopin;ADUO;;;;;;;;;;;;;;;;;;HUONS DEXAMETHASONE PHOSPHATE DISODIUM;;;Dexa Bronchis;;;;;;;;;;;;;;;;;;Endal-HD;;;;;;;;;Xylonor Spray;;;;;;;;;;;;;;;;;;;;;;;Junior Cold And Flu Medicine;;;;;RABICRA;;Simva Tad;;;;;;;Trama Dors;;;;;;;;
;;;;OLMEDIPIN;Amoxi-Ct;;;;Monacant;APECOR;;;;;;;;;;;;;;;;;;TOBRICHI;;;Dolo Attritin;;;;;;;;;;;;;;;;;;Entuss Expectorant;;;;;;;;;Zilactin-L Early Relief Cold Sore;;;;;;;;;;;;;;;;;;;;;;;Maxiclear;;;;;RABICRADI;;Simvastatin Aristo;;;;;;;ATNOLCET;;;;;;;;
;;;;TDS AMLODIPINE BESYLATE;Amoxicillin Abz;;;;Mindelheimer;ARITO;;;;;;;;;;;;;;;;;;ANADEXA;;;Ekzesin;;;;;;;;;;;;;;;;;;Entuss D;;;;;;;;;Smartshield After Sun;;;;;;;;;;;;;;;;;;;;;;;Nasal Decongestant Plus Pain Relief Pe;;;;;RABIT;;Simvastatin Atid;;;;;;;CAMPEX;;;;;;;;
;;;;TELMIDIQUAL;Amoxicillin Acis;;;;Polabletten;LIPOACTIN;;;;;;;;;;;;;;;;;;BUKWANG DEXAMETHASONE;;;Gujaphenyl Asthma;;;;;;;;;;;;;;;;;;Fentuss Expectorant;;;;;;;;;eLenza Patch;;;;;;;;;;;;;;;;;;;;;;;Panadol Flu Strength Day And Night Pe;;;;;RACETIN;;Simvastatin Axcount;;;;;;;ANTIPYRA SEMI;;;;;;;;
;;;;TELSALOPINE;Amoxicillin Aristo;;;;Paracetamol 1a Pharma;NEWSTA;;;;;;;;;;;;;;;;;;DEXIROL;;;Haesin;;;;;;;;;;;;;;;;;;G-Tuss;;;;;;;;;Biochemistry Heel No Pain;;;;;;;;;;;;;;;;;;;;;;;Sinus Allergy And Pain Relief Pe;;;;;RARABIS;;Simvastatin Bluefish;;;;;;;CORIDOL;;;;;;;;
;;;;TERAMTWYN;Amoxicillin Axcount;;;;Paracetamol Apo Rot;TOVASTIN;;;;;;;;;;;;;;;;;;NEODEX;;;Halbmond;;;;;;;;;;;;;;;;;;Guiaphen HD;;;;;;;;;Bacitraycin Plus Max Strength;;;;;;;;;;;;;;;;;;;;;;;Sinus And Pain;;;;;SBR;;Bci Simvastatin;;;;;;;DOLACET SEMI;;;;;;;;
;;;;TWINSPIN;Amoxiclav Basics;;;;Rio Josipyrin;BONTEFEL;;;;;;;;;;;;;;;;;;EYEDEXIN;;;Marament;;;;;;;;;;;;;;;;;;Hi-Tuss HC;;;;;;;;;Alocane Plus;;;;;;;;;;;;;;;;;;;;;;;Nalgestic;;;;;TIDIBIS;;Dom-Simvastatin;;;;;;;DUALCET SEMI;;;;;;;;
;;;;VALDIPINE;Amoxidura Plus;;;;Sp Schmerz;ATORVASTATINE ACCORD;;;;;;;;;;;;;;;;;;TORAVINDEX;;;Makatussin;;;;;;;;;;;;;;;;;;Histinex D;;;;;;;;;Derma Ice;;;;;;;;;;;;;;;;;;;;;;;Centussin;;;;;TRIBISDI;;Nu-Simvastatin;;;;;;;EUROCET SEMI;;;;;;;;
;;;;VALSAR-M;Amoxiwieb;;;;Solpyron;ATORVASTATINE BGR;;;;;;;;;;;;;;;;;;RITODEX;;;Nervo Opt;;;;;;;;;;;;;;;;;;Histussin-HC;;;;;;;;;Silvera;;;;;;;;;;;;;;;;;;;;;;;Delsym Cough Plus Cold Night Time;;;;;WITWO;;Taro-Simvastatin;;;;;;;HISET;;;;;;;;
;;;;VAROSC;Baktocillin;;;;Werodon Ass;ATORVASTATINE BLUEFISH;;;;;;;;;;;;;;;;;;TOBADEX;;;Pheramin;;;;;;;;;;;;;;;;;;Hy-Phen;;;;;;;;;Topicaine;;;;;;;;;;;;;;;;;;;;;;;Mucinex Children's Night Time Multi-Symptom Cold;;;;;ZNATINI;;Simvastatin-Odan;;;;;;;K-MADOL;;;;;;;;
;;;;YUYUFORGE;Infectomox;;;;Wick Daymed;ATORVASTATINE CRISTERS;;;;;;;;;;;;;;;;;;CHIBRO CADRON;;;Silternum;;;;;;;;;;;;;;;;;;Hycomine;;;;;;;;;Trachitol;;;;;;;;;;;;;;;;;;;;;;;Wal-Flu Daytime Severe Cold and Cough;;;;;Pylorid;;;;;;;;;MADOPHEN SEMI;;;;;;;;
;;;;AMBES;Jamp-Amoxicillin;;;;Bayer Migraine;ATORVASTATINE KRKA;;;;;;;;;;;;;;;;;;PERCUTALGINE;;;Saocin D;;;;;;;;;;;;;;;;;;Hycomine Compound;;;;;;;;;Licain Puren;;;;;;;;;;;;;;;;;;;;;;;Mucinex Sinus-Max Pressure and Pain;;;;;Tritec;;;;;;;;;NOTONGPHEN PLUS MINI;;;;;;;;
;;;;AMBP;Pro Amox;;;;Thrombass;Atozet;;;;;;;;;;;;;;;;;;EUCARYL;;;Sedativum;;;;;;;;;;;;;;;;;;Hydrogesic;;;;;;;;;Tridacaine;;;;;;;;;;;;;;;;;;;;;;;Protuss Tablet;;;;;Rantec;;;;;;;;;OLFEN SEMI;;;;;;;;
;;;;AMDIPINE;Pms-Amclav;;;;Bromo Seltzer Antacid Pain Reliever;Atorvachol;;;;;;;;;;;;;;;;;;PULPOMIXINE;;;Tiffanova;;;;;;;;;;;;;;;;;;Hydromide;;;;;;;;;Xogel;;;;;;;;;;;;;;;;;;;;;;;Sanatos Cold Multi-Symptom Daytime;;;;;Wal-Zan;;;;;;;;;TARACET;;;;;;;;
;;;;AMLOVALTAN;Pms-Amoxicillin;;;;ANAPIRIN;Bansep;;;;;;;;;;;;;;;;;;MEPACYL;;;Vivisun Antiallerg;;;;;;;;;;;;;;;;;;Hytussin;;;;;;;;;Skin Assist First Aid;;;;;;;;;;;;;;;;;;;;;;;Wal-Phed PE Cold Multi-Symptom Nighttime;;;;;Zaedoc;;;;;;;;;TRACAN;;;;;;;;
;;;;AMOSTAR;Penta-Amoxicillin;;;;AUSTIN ASPIRIN;Ator Pfizer;;;;;;;;;;;;;;;;;;ROCKLES;;;Vesurpal;;;;;;;;;;;;;;;;;;Iodal HD;;;;;;;;;Ziagel;;;;;;;;;;;;;;;;;;;;;;;Wal-Phed PE Triple Relief;;;;;Histac;;;;;;;;;ULTRA-MET;;;;;;;;
;;;;AMVALSAN;Dura Ax;;;;CLEANVIX DUO;Atorvastatin Basics;;;;;;;;;;;;;;;;;;Aknichthol;;;Visano;;;;;;;;;;;;;;;;;;HIST-HC;;;;;;;;;Lidozen;;;;;;;;;;;;;;;;;;;;;;;Diophenyl;;;;;Boots Htburn Relief;;;;;;;;;UTOPAIN;;;;;;;;
;;;;AMVASTA;Umbrellin;;;;CLOMIX;Atorvastatin Ct;;;;;;;;;;;;;;;;;;Dexa Aiwa;;;Ivarest;;;;;;;;;;;;;;;;;;Xodol;;;;;;;;;Bio-Kool;;;;;;;;;;;;;;;;;;;;;;;Diorouge;;;;;Lloydspharmacy Ranitidine Indigestion Relief and Prevention;;;;;;;;;WITHUCET;;;;;;;;
;;;;ANAFURGE;Amoxapin;;;;RINPIS-F;Atorvastatin Puren;;;;;;;;;;;;;;;;;;Dexa Edo;;;Tact Cool Jelly;;;;;;;;;;;;;;;;;;Mintuss EX;;;;;;;;;Alocaine;;;;;;;;;;;;;;;;;;;;;;;Cough, Cold & Allergy Relief;;;;;Ranitizane;;;;;;;;;WONTRAN;;;;;;;;
;;;;ANYDIPINE S;Clavacillin;;;;ADINOX;Sincronium;;;;;;;;;;;;;;;;;;Dexamethason Abz;;;Counteract PM;;;;;;;;;;;;;;;;;;Vidone;;;;;;;;;BurnX;;;;;;;;;;;;;;;;;;;;;;;Cold Chest Congestion Pe Regular Strength;;;;;Lanbaixing;;;;;;;;;APENTRA;;;;;;;;
;;;;ATODUET;C-MOX;;;;ASPHARM;Ach-Atorvastatin Calcium;;;;;;;;;;;;;;;;;;Dexamethason Law;;;Adedorm;;;;;;;;;;;;;;;;;;XPECT HC;;;;;;;;;ADOCAINEZ;;;;;;;;;;;;;;;;;;;;;;;Daytime Cold Relief;;;;;Yishuangbi;;;;;;;;;ATRA;;;;;;;;
;;;;ATSTA;AIRCLA DUO;;;;ASPIDO;Mylan-Amlodipine/Atorvastatin;;;;;;;;;;;;;;;;;;Dexamethason-Mp Ampullen;;;Dormocaps;;;;;;;;;;;;;;;;;;Hycet;;;;;;;;;ENCAINE;;;;;;;;;;;;;;;;;;;;;;;Daytime Cough & Cold;;;;;Jindele;;;;;;;;;ENSITRA;;;;;;;;
;;;;BERODIPIN;AMOBACTAM;;;;CLOREN;Riva Atorvastatin;;;;;;;;;;;;;;;;;;Dexamytrex;;;Gib Diphenhydramin;;;;;;;;;;;;;;;;;;Tusdec HC;;;;;;;;;OKTOKAIN;;;;;;;;;;;;;;;;;;;;;;;Neo Citran;;;;;Jinglu;;;;;;;;;DOLTRAMCET;;;;;;;;
;;;;CADIEN;AMOCTRAN;;;;CLOSONE;;;;;;;;;;;;;;;;;;;Fortecortin;;;Hemodorm;;;;;;;;;;;;;;;;;;Hydron KGS;;;;;;;;;Neosporin Plus Maxium Strength Ointment;;;;;;;;;;;;;;;;;;;;;;;Neo Tuss;;;;;Shandekang;;;;;;;;;I-SET SEMI;;;;;;;;
;;;;DAEWOONGBIO AMLODIPINE;AMOPIDIN;;;;BORYUNGBIO ASTRIX;;;;;;;;;;;;;;;;;;;Tuttozem N;;;Noctiphen;;;;;;;;;;;;;;;;;;Medipain 5;;;;;;;;;Vagisil;;;;;;;;;;;;;;;;;;;;;;;Neocitran Extra Strength Cold & Sinus Night;;;;;Rx-Act Heartburn Relief;;;;;;;;;J-TRA SEMI;;;;;;;;
;;;;DEUSTIN;AMOSULTAM;;;;CLOPINA PLUS;;;;;;;;;;;;;;;;;;;Dom-Dexamethasone;;;Schlafkapseln;;;;;;;;;;;;;;;;;;Welltuss HC;;;;;;;;;Oraqix;;;;;;;;;;;;;;;;;;;;;;;Neocitran Thin Strips Daytime Cough And Cold;;;;;Ran Lichtenstein;;;;;;;;;KJ SEMI;;;;;;;;
;;;;DIODIPINE;AMOXA DUO;;;;CLOPIREL DUO;;;;;;;;;;;;;;;;;;;Pro-Dexamethasone;;;Schlaf Tabletten Flora-Apotheke;;;;;;;;;;;;;;;;;;Z Tuss;;;;;;;;;AneCream;;;;;;;;;;;;;;;;;;;;;;;Nezger;;;;;Ranicux;;;;;;;;;MAXNOPHEN;;;;;;;;
;;;;DUALSTAR;AMOXAN DUO;;;;DIPYANOX;;;;;;;;;;;;;;;;;;;Phl-Dexamethasone;;;Sedopretten;;;;;;;;;;;;;;;;;;Brovex HC;;;;;;;;;Xylocaine;;;;;;;;;;;;;;;;;;;;;;;Nighttime Cold Medicine;;;;;Ranidura;;;;;;;;;MEDICET;;;;;;;;
;;;;EMDIVIKAR;AMOXAN NEO;;;;MYUNGMOON ASPIRIN;;;;;;;;;;;;;;;;;;;Pms-Dexamethasone;;;Reisetabletten Stada;;;;;;;;;;;;;;;;;;Notuss;;;;;;;;;Sure-Amp Lignocaine hydrochloride;;;;;;;;;;;;;;;;;;;;;;;Hot Cold And Flu Relief Extra Strength;;;;;Ranitidin 1a Pharma;;;;;;;;;MYTICET;;;;;;;;
;;;;EXFORTE;AMOXISULTAM;;;;MYUNGMOON DIPYRIN;;;;;;;;;;;;;;;;;;;Odan-Trol;;;Ratioallerg Heuschnupfenspray;;;;;;;;;;;;;;;;;;Oncet;;;;;;;;;Anestacaine;;;;;;;;;;;;;;;;;;;;;;;Jack & Jill;;;;;HURAN;;;;;;;;;PARAMACET ER SEMI;;;;;;;;
;;;;EXONE;AUGME DUO;;;;PIDOGEL DUO;;;;;;;;;;;;;;;;;;;Sandoz Opticort;;;Solamin;;;;;;;;;;;;;;;;;;Pancof HC;;;;;;;;;Dermaflex;;;;;;;;;;;;;;;;;;;;;;;Rhume Extra Fort Jour;;;;;ALBITRI D;;;;;;;;;PENCLEAR;;;;;;;;
;;;;ADUET;BACTAMOX;;;;CIRCLEVEIN;;;;;;;;;;;;;;;;;;;;;;Allergy Extra Strength;;;;;;;;;;;;;;;;;;Q-Tuss with Hydrocodone;;;;;;;;;Dilocaine;;;;;;;;;;;;;;;;;;;;;;;Ratio-Coristex-Dh;;;;;INOTIDINE;;;;;;;;;STARICET;;;;;;;;
;;;;ALODIPINE;COSMENTIN;;;;CLAVIXIN DUO;;;;;;;;;;;;;;;;;;;;;;Dreamol;;;;;;;;;;;;;;;;;;S-T Forte;;;;;;;;;Ela-Max;;;;;;;;;;;;;;;;;;;;;;;Phenyltrope;;;;;RADUBAEDIN;;;;;;;;;I-SET;;;;;;;;
;;;;AMLOCK;CRACIZEN;;;;COSMAX ASPIRIN;;;;;;;;;;;;;;;;;;;;;;Extra Strength Dormex;;;;;;;;;;;;;;;;;;S-T Forte 2;;;;;;;;;Lignospan;;;;;;;;;;;;;;;;;;;;;;;Nyquil Sinus;;;;;RANIGEN;;;;;;;;;J-TRA;;;;;;;;
;;;;AMLODIP;CRAMAX NEO;;;;CUROVIX DUO;;;;;;;;;;;;;;;;;;;;;;Extra Strength Neocitran Flu;;;;;;;;;;;;;;;;;;SRC Expectorant;;;;;;;;;Lidodan;;;;;;;;;;;;;;;;;;;;;;;Triaminic Chest And Nasal Congestion;;;;;RANITIDINE HCL HANALL;;;;;;;;;NEWTRA;;;;;;;;
;;;;AMLO-M;HICRADUO;;;;YUNGJIN ASPIRIN;;;;;;;;;;;;;;;;;;;;;;Extra Strength Total Symptom Relief Sugar-Free;;;;;;;;;;;;;;;;;;Dytan-HC;;;;;;;;;Terramycin IM;;;;;;;;;;;;;;;;;;;;;;;Tylenol Children's Plus Flu;;;;;RENITINE;;;;;;;;;PENIMADOL;;;;;;;;
;;;;AMLOSK;SULBAXIN FOR CHILDREN;;;;ANTIGRIPPINE;;;;;;;;;;;;;;;;;;;;;;Dormiphen;;;;;;;;;;;;;;;;;;Excof;;;;;;;;;Synera;;;;;;;;;;;;;;;;;;;;;;;DayQuil Cold & Flu Relief;;;;;ALBIQ;;;;;;;;;A-TRA SEMI;;;;;;;;
;;;;AMLOTELMI;TAMCILLIN;;;;ASPIRINE RICHARD;;;;;;;;;;;;;;;;;;;;;;Cough, Cold And Flu Relief Complete Night Super Strength;;;;;;;;;;;;;;;;;;Uni-Lev 5.0;;;;;;;;;Licodaine;;;;;;;;;;;;;;;;;;;;;;;Poly Hist Forte Reformulated Nov 2013;;;;;ALBITIN;;;;;;;;;ATRACET SEMI;;;;;;;;
;;;;AMLOVAN;TUMEN;;;;PARACETAMOL ACTAVIS;;;;;;;;;;;;;;;;;;;;;;Children'S Allergy Relief;;;;;;;;;;;;;;;;;;Trimal DH;;;;;;;;;Iontocaine;;;;;;;;;;;;;;;;;;;;;;;Histex DM;;;;;ALVIZEN;;;;;;;;;DOLTRAMCET SEMI;;;;;;;;
;;;;AMOTENSION;AUGMENTIN DUO;;;;PARACETAMOL B BRAUN;;;;;;;;;;;;;;;;;;;;;;Damylin;;;;;;;;;;;;;;;;;;Tusana D;;;;;;;;;Medijel;;;;;;;;;;;;;;;;;;;;;;;Sanatos Severe Cold & Cough Nighttime;;;;;ALBIMUS;;;;;;;;;DUALCET;;;;;;;;
;;;;AMSARTAN;A-CLAN DUO;;;;PARACETAMOL RATIOPHARM;;;;;;;;;;;;;;;;;;;;;;Nadryl;;;;;;;;;;;;;;;;;;Z-Cof HC;;;;;;;;;Minims lidocaine and fluorescein;;;;;;;;;;;;;;;;;;;;;;;Alka-Seltzer Plus Severe Sinus and Cold;;;;;ALBIRA;;;;;;;;;TRACETPHEN;;;;;;;;
;;;;ARB-XG;Amoram;;;;SEDASPIR;;;;;;;;;;;;;;;;;;;;;;Neocitran Thin Strips Nighttime Cough;;;;;;;;;;;;;;;;;;TUSS HC;;;;;;;;;Boots Mouth Ulcer;;;;;;;;;;;;;;;;;;;;;;;Dr. Cocoa Daytime Cough and Cold;;;;;ALBITIN D;;;;;;;;;TRAMADOL HCL SINIL;;;;;;;;
;;;;ARODIP;Augmentin;;;;NOVACETOL;;;;;;;;;;;;;;;;;;;;;;Nighttime Cold And Flu-In-One Extra Strength;;;;;;;;;;;;;;;;;;Tussadur-HD;;;;;;;;;Covonia;;;;;;;;;;;;;;;;;;;;;;;Triaminic Children's Multi-Symptom Fever Cold;;;;;HYBIS;;;;;;;;;TRAPHEN SEMI;;;;;;;;
;;;;A-VASTA;Dispermox;;;;HUVANOF;;;;;;;;;;;;;;;;;;;;;;Pulmorex Expectorant;;;;;;;;;;;;;;;;;;Tussend;;;;;;;;;Lypsyl Cold Sore;;;;;;;;;;;;;;;;;;;;;;;Dimetapp Children's Multi-Symptom Cold and Flu;;;;;KYONGBO RANITIDINE;;;;;;;;;TRASPEN SEMI;;;;;;;;
;;;;CADENZA;Sumox;;;;Aspalgin;;;;;;;;;;;;;;;;;;;;;;Pdp-Diphenhydramine;;;;;;;;;;;;;;;;;;Tussend Expectorant;;;;;;;;;Steriflex;;;;;;;;;;;;;;;;;;;;;;;Wal-Dryl PE;;;;;LOCID;;;;;;;;;TRIDOL;;;;;;;;
;;;;CANDEAMLO;Senox;;;;Aspro Protect;;;;;;;;;;;;;;;;;;;;;;Total Cold & Flu;;;;;;;;;;;;;;;;;;Simuc-HD;;;;;;;;;Premjact;;;;;;;;;;;;;;;;;;;;;;;Mydcombi;;;;;RANIX;;;;;;;;;TRIMADOL;;;;;;;;
;;;;DIROFORGE;Galenamox TP;;;;Codiphen;;;;;;;;;;;;;;;;;;;;;;Triaminic Nighttime Cough And Cold;;;;;;;;;;;;;;;;;;Dynex HD;;;;;;;;;Stud;;;;;;;;;;;;;;;;;;;;;;;Boradrine;;;;;NEOTIDINE;;;;;;;;;TROCET SEMI;;;;;;;;
;;;;DOUBLE-LOW;Amiclav;;;;Thrombix Low Dose Aspirin;;;;;;;;;;;;;;;;;;;;;;Sting Kure;;;;;;;;;;;;;;;;;;Vanacet;;;;;;;;;Helmitin;;;;;;;;;;;;;;;;;;;;;;;Phenylip;;;;;RANASID;;;;;;;;;ULCET;;;;;;;;
;;;;EXROBIN;Rabecure;;;;Alor;;;;;;;;;;;;;;;;;;;;;;Simply Sleep Liqui-Gels;;;;;;;;;;;;;;;;;;Vanacon;;;;;;;;;Olives;;;;;;;;;;;;;;;;;;;;;;;BIPRIN F;;;;;RANIVIC S;;;;;;;;;UPTRACET SEMI;;;;;;;;
;;;;GLOPOJI;Pasetocin;;;;Goody's Migraine Relief;;;;;;;;;;;;;;;;;;;;;;Qlearquil Nighttime Allergy Relief;;;;;;;;;;;;;;;;;;Ventuss;;;;;;;;;Medcaine;;;;;;;;;;;;;;;;;;;;;;;Dytan-DM;;;;;RASUBI;;;;;;;;;TRAPLE M SEMI;;;;;;;;
;;;;INDUET;Aoguang;;;;Buscopan Plus;;;;;;;;;;;;;;;;;;;;;;Dr. Cocoa Nighttime Cough and Cold;;;;;;;;;;;;;;;;;;Vicotuss;;;;;;;;;Ora;;;;;;;;;;;;;;;;;;;;;;;Mapap Sinus Congestion and Pain;;;;;RIBOTINE;;;;;;;;;TRODON;;;;;;;;
;;;;KUKJE AMLODIPINE;Riao;;;;Bodyguard Ass;;;;;;;;;;;;;;;;;;;;;;Excedrin PM Triple Action;;;;;;;;;;;;;;;;;;Extendryl HC;;;;;;;;;Neisat;;;;;;;;;;;;;;;;;;;;;;;Little Noses Decongestant;;;;;ALBIS;;;;;;;;;ULTPEN SEMI;;;;;;;;
;;;;LODIEN;AmoclaneEG;;;;Azur;;;;;;;;;;;;;;;;;;;;;;Calagel Reformulated Jun 2019;;;;;;;;;;;;;;;;;;Hydro-Tussin HG;;;;;;;;;Aspercreme with Lidocaine;;;;;;;;;;;;;;;;;;;;;;;Qual-Tussin Pediatric;;;;;ALBIT;;;;;;;;;ULTRAN;;;;;;;;
;;;;NEWSC;Clavucid;;;;Basoplex Erkaeltungs-Kapseln;;;;;;;;;;;;;;;;;;;;;;Dormin;;;;;;;;;;;;;;;;;;Flutuss XP;;;;;;;;;Zensa;;;;;;;;;;;;;;;;;;;;;;;Didone;;;;;ALVIRO;;;;;;;;;WHITE TRAMA;;;;;;;;
;;;;NOVAMOPIN;Acellin;;;;Aspirin Direkt;;;;;;;;;;;;;;;;;;;;;;Childrens Tylenol Allergy-D;;;;;;;;;;;;;;;;;;Relasin HC;;;;;;;;;Kezepu;;;;;;;;;;;;;;;;;;;;;;;P-Tann D;;;;;BISONE;;;;;;;;;ITRAFEN SEMI;;;;;;;;
;;;;OLSDIPIN;Amoxiclav 1a Pharm;;;;Aspirin Protect;;;;;;;;;;;;;;;;;;;;;;Sudafed PE Nighttime Cold;;;;;;;;;;;;;;;;;;Drotuss CP;;;;;;;;;Tyrothricine-Lidocaine;;;;;;;;;;;;;;;;;;;;;;;Prolex D;;;;;EDIS D;;;;;;;;;LEGOCET SEMI;;;;;;;;
;;;;PRODIPINE;Amoxiclav Hikma;;;;Ass 100 Fair-Med;;;;;;;;;;;;;;;;;;;;;;Tylenol Cold Relief Nighttime;;;;;;;;;;;;;;;;;;Tussafed-HC;;;;;;;;;Syngel;;;;;;;;;;;;;;;;;;;;;;;Sinuvent PE;;;;;I RANITIDINE;;;;;;;;;MEDICET SEMI;;;;;;;;
;;;;TELMISRO;Amoxiclav Puren;;;;Ass Gamma;;;;;;;;;;;;;;;;;;;;;;Respa C&C;;;;;;;;;;;;;;;;;;De-Chlor MR;;;;;;;;;Golaseptine-Lidocaine;;;;;;;;;;;;;;;;;;;;;;;Triaminic Day Time Cold & Cough;;;;;WIBIS;;;;;;;;;PARACET;;;;;;;;
;;;;MAXVATIN;Amoximerck;;;;Ass Opt;;;;;;;;;;;;;;;;;;;;;;PediaCare Children's Allergy;;;;;;;;;;;;;;;;;;Triant-HC;;;;;;;;;Regenecare;;;;;;;;;;;;;;;;;;;;;;;ChlorTan D;;;;;ZENITIN;;;;;;;;;STRONGCET;;;;;;;;
;;;;NEOFORGE;Amoxclav Sandoz;;;;Ass Sandoz;;;;;;;;;;;;;;;;;;;;;;Dytan-D;;;;;;;;;;;;;;;;;;Marcof;;;;;;;;;LMX;;;;;;;;;;;;;;;;;;;;;;;Nazarin HC;;;;;WIBIS D;;;;;;;;;SYNERJET ER;;;;;;;;
;;;;NEWDIPINE S;Amoxi 1a Pharma;;;;Ass Teva;;;;;;;;;;;;;;;;;;;;;;Tavist NightTime Allergy;;;;;;;;;;;;;;;;;;Tyrodone Expectorant;;;;;;;;;Lidoject;;;;;;;;;;;;;;;;;;;;;;;Nazarin;;;;;RABIONE;;;;;;;;;THERAPEN;;;;;;;;
;;;;NORMALOC;Amoxi Clavulan Aurobindo;;;;Ass+Dipyridamol Al;;;;;;;;;;;;;;;;;;;;;;Actifed Allergy Day/Night;;;;;;;;;;;;;;;;;;M Clear Jr;;;;;;;;;Nulbia;;;;;;;;;;;;;;;;;;;;;;;Tylenol Cold Multi-Symptom Nighttime Liquid;;;;;RACIDINE;;;;;;;;;TRAIM;;;;;;;;
;;;;NORVASC O;Amoxi Clavulan Stada;;;;Eurho Vital Paracetamol;;;;;;;;;;;;;;;;;;;;;;Allergia-C;;;;;;;;;;;;;;;;;;FluTuss HC;;;;;;;;;Arthrisinal;;;;;;;;;;;;;;;;;;;;;;;Deconsal II Reformulated May 2007;;;;;RANIKING;;;;;;;;;TRANOPHEN;;;;;;;;
;;;;OLOVICAR;Amoxi Diolan;;;;Doloversa;;;;;;;;;;;;;;;;;;;;;;Allermax;;;;;;;;;;;;;;;;;;Pediatex HC;;;;;;;;;Brachialin;;;;;;;;;;;;;;;;;;;;;;;Benadryl Allergy Cold Reformulated Jun 2007;;;;;RANITIDINE PHARMAKING;;;;;;;;;TRAVIT;;;;;;;;
;;;;ONOFORGE;Amoxi Lut;;;;Dipyridamol Ass Beta;;;;;;;;;;;;;;;;;;;;;;Banophen;;;;;;;;;;;;;;;;;;Atuss HX;;;;;;;;;Bismolan;;;;;;;;;;;;;;;;;;;;;;;Cardec DM Reformulated Jun 2007;;;;;RANITINA;;;;;;;;;ULTRAMAC SEMI;;;;;;;;
;;;;S-ALODIP;Amoxi Saar;;;;Doregrippin;;;;;;;;;;;;;;;;;;;;;;Benylin Multi-Symptom;;;;;;;;;;;;;;;;;;ZTuss;;;;;;;;;Cortigamma;;;;;;;;;;;;;;;;;;;;;;;Quartuss;;;;;WESUBI;;;;;;;;;ULTRASK SEMI;;;;;;;;
;;;;SANDOZ AMLODIPINE;Amoxi Wolff;;;;Clopidogrel Hydrochlorid Hexal;;;;;;;;;;;;;;;;;;;;;;Diphedryl;;;;;;;;;;;;;;;;;;Echotuss-HC;;;;;;;;;Dolo Attritin;;;;;;;;;;;;;;;;;;;;;;;Theraflu Severe Cold Nighttime;;;;;WONTAC;;;;;;;;;WELTRA SEMI;;;;;;;;
;;;;SARFORGE;Amoxibioci;;;;Ass Cc Biopharma;;;;;;;;;;;;;;;;;;;;;;Diphen;;;;;;;;;;;;;;;;;;Zutripro;;;;;;;;;Fissan;;;;;;;;;;;;;;;;;;;;;;;Carbetaplex TS;;;;;WOORIDUL RANITIDINE HCL;;;;;;;;;YUNGTRACET;;;;;;;;
;;;;SEVIONE;Amoxibiocin;;;;Germapyrin;;;;;;;;;;;;;;;;;;;;;;Diphenhist;;;;;;;;;;;;;;;;;;Panasal;;;;;;;;;Excitans;;;;;;;;;;;;;;;;;;;;;;;H C Tussive-NR;;;;;AZANTAC;;;;;;;;;ZYTRAM;;;;;;;;
;;;;STAFOZY;Dignoamoxicillin;;;;Gib Ass;;;;;;;;;;;;;;;;;;;;;;Diphenylin;;;;;;;;;;;;;;;;;;Caldomine Dh;;;;;;;;;Hydracillin;;;;;;;;;;;;;;;;;;;;;;;Nasohist;;;;;RANITIDINE BIOGARAN;;;;;;;;;TRAMADOL ACTAVIS;;;;;;;;
;;;;SYNECT;Flui Amoxicillin;;;;Gib Paracetamol;;;;;;;;;;;;;;;;;;;;;;Genahist;;;;;;;;;;;;;;;;;;Caldomine Dh Enfant;;;;;;;;;Hewedolor;;;;;;;;;;;;;;;;;;;;;;;Nasohist-DM;;;;;RANITIDINE QUALIMED;;;;;;;;;TRAMADOL BIOGARAN;;;;;;;;
;;;;TELMIDUET;Flanamox;;;;Hermamed;;;;;;;;;;;;;;;;;;;;;;Genapap PM;;;;;;;;;;;;;;;;;;Ibucodone;;;;;;;;;Juvederm;;;;;;;;;;;;;;;;;;;;;;;Codimal DH Reformulated Oct 2007;;;;;RANITIDINE RATIOPHARM;;;;;;;;;TRAMADOL SANDOZ;;;;;;;;
;;;;AMLODITAN;Moxillin;;;;Geloprosed;;;;;;;;;;;;;;;;;;;;;;Pardryl;;;;;;;;;;;;;;;;;;Robidone;;;;;;;;;Lidocard;;;;;;;;;;;;;;;;;;;;;;;Zyrphen;;;;;RANITIDINE SANDOZ;;;;;;;;;TRAMADOL ZENTIVA;;;;;;;;
;;;;AMLORIL;ACLA NEO;;;;Leodolor;;;;;;;;;;;;;;;;;;;;;;Siladryl;;;;;;;;;;;;;;;;;;Vasofrinic;;;;;;;;;Malinert;;;;;;;;;;;;;;;;;;;;;;;Tylenol Children's Multi-Symptom Cold Plus;;;;;Acid And Heartburn Relief;;;;;;;;;TRAMADOL/PARACETAMOL EG LABO;;;;;;;;
;;;;AMLOSPINE;AMOCLA DUO;;;;Paracetamol EAS;;;;;;;;;;;;;;;;;;;;;;Somnicaps;;;;;;;;;;;;;;;;;;Verdrocet;;;;;;;;;Locastad;;;;;;;;;;;;;;;;;;;;;;;Zinx PCM;;;;;Gastrogel-Ranitidine;;;;;;;;;TRAMADOL/PARACETAMOL PHR LAB;;;;;;;;
;;;;ASQUARE;AMOLANIC;;;;Paracetamol Abz;;;;;;;;;;;;;;;;;;;;;;Dytan-CS;;;;;;;;;;;;;;;;;;Obredon;;;;;;;;;Neuro Brachont;;;;;;;;;;;;;;;;;;;;;;;Polytan D;;;;;Heartburn And Acid Indigestion Relief;;;;;;;;;TRAMADOL/PARACETAMOL ZYDUS;;;;;;;;
;;;;COBISK;AMOXA;;;;Paracetamol Amneal;;;;;;;;;;;;;;;;;;;;;;Dytan-HC;;;;;;;;;;;;;;;;;;;;;;;;;;;Neo Novutox;;;;;;;;;;;;;;;;;;;;;;;Mintuss G;;;;;Rani-2;;;;;;;;;ZUMALGIC;;;;;;;;
;;;;CORFORGE;AMOXALIN NEO;;;;Paracetamol Apogen;;;;;;;;;;;;;;;;;;;;;;Diabetic Tussin Night Time Formula;;;;;;;;;;;;;;;;;;;;;;;;;;;Nolaid;;;;;;;;;;;;;;;;;;;;;;;Sil Tex Reformulated Feb 2008;;;;;Ranihexal;;;;;;;;;ZAMUDOL L;;;;;;;;
;;;;COTENSION;AMOXCLAN DUO;;;;Paracetamol Bene;;;;;;;;;;;;;;;;;;;;;;Aldex CT;;;;;;;;;;;;;;;;;;;;;;;;;;;Phenyl Attritin;;;;;;;;;;;;;;;;;;;;;;;Extendryl PEM;;;;;Ranital Forte;;;;;;;;;Durotram;;;;;;;;
;;;;DISTAR;AMOXICLE;;;;Paracetamol Det;;;;;;;;;;;;;;;;;;;;;;Elixsure Allergy;;;;;;;;;;;;;;;;;;;;;;;;;;;Restylane;;;;;;;;;;;;;;;;;;;;;;;Extendryl GCP;;;;;Ranitidin Al;;;;;;;;;Tramedo;;;;;;;;
;;;;DOUBLE-A;AMOXITIN DUO;;;;Paracetamol Hexal;;;;;;;;;;;;;;;;;;;;;;Calagel;;;;;;;;;;;;;;;;;;;;;;;;;;;Rectosellan;;;;;;;;;;;;;;;;;;;;;;;Levall Reformulated Feb 2008;;;;;Ranitidin Heumann;;;;;;;;;Adamon;;;;;;;;
;;;;TELODIPINE;AUGUTIN DUO;;;;Paracetamol Noridem;;;;;;;;;;;;;;;;;;;;;;Sudafed Sinus Nighttime Plus Pain Relief;;;;;;;;;;;;;;;;;;;;;;;;;;;Sagittaproct;;;;;;;;;;;;;;;;;;;;;;;Rescon Reformulated Jun 2008;;;;;Ranitidin W 300;;;;;;;;;Amadol;;;;;;;;
;;;;TELOSTAR;BEACLA;;;;Paracetamol Opt;;;;;;;;;;;;;;;;;;;;;;Numark Chesty Cough Expectorant;;;;;;;;;;;;;;;;;;;;;;;;;;;Saocin D;;;;;;;;;;;;;;;;;;;;;;;Maxiphen DM Reformulated Jul 2008;;;;;Zantic;;;;;;;;;Hexamadol;;;;;;;;
;;;;TWINCOMBI;CKD AMOXICILLIN;;;;Paracetamol Saft - 1 A Pharma;;;;;;;;;;;;;;;;;;;;;;Fedril Expectorant;;;;;;;;;;;;;;;;;;;;;;;;;;;Trachilid;;;;;;;;;;;;;;;;;;;;;;;Maxiphen Reformulated Jul 2008;;;;;Zantac Maximum Strength;;;;;;;;;Tramamed;;;;;;;;
;;;;VIVAS;DUOCLA NEO;;;;Paracetamol Sirup Gsk;;;;;;;;;;;;;;;;;;;;;;Kilkof;;;;;;;;;;;;;;;;;;;;;;;;;;;Ultra Demoplas A;;;;;;;;;;;;;;;;;;;;;;;ColdCough PD;;;;;Scheinpharm Ranitidine;;;;;;;;;Tramundin;;;;;;;;
;;;;TWINCOMBO;NANOCRA;;;;Paracetamol Tabletten;;;;;;;;;;;;;;;;;;;;;;Histalix Syrup;;;;;;;;;;;;;;;;;;;;;;;;;;;Ultra Demoplas N;;;;;;;;;;;;;;;;;;;;;;;ChlorDex GP;;;;;;;;;;;;;;Tramabian;;;;;;;;
;;;;TWINMAX;OUGUMOX;;;;Mipyrin;;;;;;;;;;;;;;;;;;;;;;Boots Pharmacy Cold & Flu;;;;;;;;;;;;;;;;;;;;;;;;;;;Severtos;;;;;;;;;;;;;;;;;;;;;;;C Tan D;;;;;;;;;;;;;;Tramadol Al;;;;;;;;
;;;;TWYNHEART;YUMOKS;;;;Migraenerton;;;;;;;;;;;;;;;;;;;;;;Benadryl Skin Allergy Relief;;;;;;;;;;;;;;;;;;;;;;;;;;;Band-Aid Hurt-Free;;;;;;;;;;;;;;;;;;;;;;;Drysec;;;;;;;;;;;;;;Tramadol Axcount;;;;;;;;
;;;;VAROFORGE;AMOXIDAL;;;;Rubiemol;;;;;;;;;;;;;;;;;;;;;;Sleepeaze;;;;;;;;;;;;;;;;;;;;;;;;;;;Hush Anesthetic;;;;;;;;;;;;;;;;;;;;;;;Sonahist DM;;;;;;;;;;;;;;Tramadol Denk;;;;;;;;
;;;;LEVOMOS;AMOXIVE;;;;Quadronal;;;;;;;;;;;;;;;;;;;;;;Adult Meltus Night Time;;;;;;;;;;;;;;;;;;;;;;;;;;;F.D CAINE;;;;;;;;;;;;;;;;;;;;;;;Hemorid Cream;;;;;;;;;;;;;;Tramadol Ethypharm;;;;;;;;
;;;;LIVIKAR;ANYCLA DUO;;;;Sinpro-N;;;;;;;;;;;;;;;;;;;;;;Dolvan;;;;;;;;;;;;;;;;;;;;;;;;;;;HAPPYCAIN;;;;;;;;;;;;;;;;;;;;;;;Hydro GP;;;;;;;;;;;;;;Tramadol-Saar;;;;;;;;
;;;;MEGAFORGE;BEARCLA DUO;;;;Togal Kopfschmerz-Brause + Vitamin C;;;;;;;;;;;;;;;;;;;;;;Cough Nurse Night Time Liquid;;;;;;;;;;;;;;;;;;;;;;;;;;;LIGNOSPAN STANDARD;;;;;;;;;;;;;;;;;;;;;;;Poly Tussin DM;;;;;;;;;;;;;;Tramadolor;;;;;;;;
;;;;NEW AMLODIP;CLAMOCILL;;;;Thomapyrin Intensiv;;;;;;;;;;;;;;;;;;;;;;Dreemon;;;;;;;;;;;;;;;;;;;;;;;;;;;LIDOCAINEHCL ARLICO;;;;;;;;;;;;;;;;;;;;;;;Pyril Tann-12;;;;;;;;;;;;;;Apo-Tramadol/Acetaminophen;;;;;;;;
;;;;NEWPLUSTA;CLAMONEXPOTIN;;;;Thrombo Ass;;;;;;;;;;;;;;;;;;;;;;Nytol One-A-Night;;;;;;;;;;;;;;;;;;;;;;;;;;;BERACAINE;;;;;;;;;;;;;;;;;;;;;;;Alka-Seltzer Plus Cold;;;;;;;;;;;;;;Riva Tramadol;;;;;;;;
;;;;NORVASC V;CLAVUTIN;;;;Alka Seltzer;;;;;;;;;;;;;;;;;;;;;;Hiship;;;;;;;;;;;;;;;;;;;;;;;;;;;ZAIRESTESIN A;;;;;;;;;;;;;;;;;;;;;;;Relahist-DM;;;;;;;;;;;;;;Tridural;;;;;;;;
;;;;NOVALOPINE;GOMCILLIN;;;;Antidol;;;;;;;;;;;;;;;;;;;;;;Travelmin;;;;;;;;;;;;;;;;;;;;;;;;;;;ZK-INA;;;;;;;;;;;;;;;;;;;;;;;Sudafed PE Children's Cold & Cough;;;;;;;;;;;;;;Zytram Xl;;;;;;;;
;;;;NOVASPIN;GUMENTIN;;;;Anacin Extra;;;;;;;;;;;;;;;;;;;;;;Sekiel;;;;;;;;;;;;;;;;;;;;;;;;;;;XOGEL ADULTE GINGIVAL;;;;;;;;;;;;;;;;;;;;;;;Despec PD;;;;;;;;;;;;;;Tramadol-Acet;;;;;;;;
;;;;NOVCAPINE;HUONS AMOXICILLIN;;;;Aspirin Arthritis Pain Relief;;;;;;;;;;;;;;;;;;;;;;Coughcode;;;;;;;;;;;;;;;;;;;;;;;;;;;AFTAGEL;;;;;;;;;;;;;;;;;;;;;;;M-End PE;;;;;;;;;;;;;;ACETRAM;;;;;;;;
;;;;OLVICA;ACICLA NEO;;;;Aspirin Backache;;;;;;;;;;;;;;;;;;;;;;The Itch Eraser;;;;;;;;;;;;;;;;;;;;;;;;;;;ANGI-SPRAY MAUX DE GORGE CHLORHEXIDINE;;;;;;;;;;;;;;;;;;;;;;;MINTUSS HC Reformulated Feb 2009;;;;;;;;;;;;;;DOUBLESET SEMI;;;;;;;;
;;;;PRETWIN;AMICLLAN;;;;Aspirin Coated Delayed Release Extra Strength;;;;;;;;;;;;;;;;;;;;;;Tainuoan;;;;;;;;;;;;;;;;;;;;;;;;;;;TITANOREINE;;;;;;;;;;;;;;;;;;;;;;;Biotuss Pediatric;;;;;;;;;;;;;;KYTRAM;;;;;;;;
;;;;PRIDIPINE;AMOCITIN;;;;Aspirin Coated Delayed Release Regular Strength;;;;;;;;;;;;;;;;;;;;;;R Calm;;;;;;;;;;;;;;;;;;;;;;;;;;;LIDOCAINE AGUETTANT;;;;;;;;;;;;;;;;;;;;;;;Crantex ER;;;;;;;;;;;;;;MULTICET;;;;;;;;
;;;;SINNORVAPIN;AMOXCL;;;;Aspirin Rapid Relief;;;;;;;;;;;;;;;;;;;;;;Azicalm;;;;;;;;;;;;;;;;;;;;;;;;;;;POST-PENGHA;;;;;;;;;;;;;;;;;;;;;;;Phenavent D;;;;;;;;;;;;;;NEWTRAM;;;;;;;;
;;;;STARDIPINE;AMOXIDAL DUO;;;;Aspirin Stomach Guard Extra Strength;;;;;;;;;;;;;;;;;;;;;;Trihistalex;;;;;;;;;;;;;;;;;;;;;;;;;;;PULPERYL;;;;;;;;;;;;;;;;;;;;;;;Guiafen II DM;;;;;;;;;;;;;;POTENDOL;;;;;;;;
;;;;TELASTAR;ANYCLA NEO;;;;Asasantine;;;;;;;;;;;;;;;;;;;;;;Noradran Bronchial;;;;;;;;;;;;;;;;;;;;;;;;;;;ZIAGEL ADULTE;;;;;;;;;;;;;;;;;;;;;;;Ryna-12X;;;;;;;;;;;;;;RAMADO;;;;;;;;
;;;;TELMIDIPINE;AUCLATIN;;;;Asatab;;;;;;;;;;;;;;;;;;;;;;Theraflu Warming Relief;;;;;;;;;;;;;;;;;;;;;;;;;;;Antiseptic Plus;;;;;;;;;;;;;;;;;;;;;;;Sina-12X;;;;;;;;;;;;;;RATCET;;;;;;;;
;;;;URODIPINE;CJ AMOCOMBI DUO;;;;C2 Buffered;;;;;;;;;;;;;;;;;;;;;;Wal-Flu Severe Cold and Cough;;;;;;;;;;;;;;;;;;;;;;;;;;;Dermasoothe;;;;;;;;;;;;;;;;;;;;;;;Viravan S;;;;;;;;;;;;;;RATCET MINI;;;;;;;;
;;;;AMLODIPINE ARROW;CLAMAX;;;;Extra Strength Midol;;;;;;;;;;;;;;;;;;;;;;Compoz;;;;;;;;;;;;;;;;;;;;;;;;;;;Lignocaine Hydrochloride Min-I-Jet;;;;;;;;;;;;;;;;;;;;;;;Sudafed PE Non-Drying Sinus;;;;;;;;;;;;;;STRONGCET SEMI;;;;;;;;
;;;;AMLODIPINE EG;CLAMONEX;;;;Coryphen;;;;;;;;;;;;;;;;;;;;;;Percogesic Reformulated Jan 2011;;;;;;;;;;;;;;;;;;;;;;;;;;;Lignocaine Pfizer;;;;;;;;;;;;;;;;;;;;;;;Hydrocodone CP;;;;;;;;;;;;;;ULTRON;;;;;;;;
;;;;AMLODIPINE PHR LAB;CLAOXIN NEO;;;;Novasen;;;;;;;;;;;;;;;;;;;;;;Wal-Dryl;;;;;;;;;;;;;;;;;;;;;;;;;;;Lignocaine With Chlorhexidine Gluconate Pfizer;;;;;;;;;;;;;;;;;;;;;;;Hydrocodone HD;;;;;;;;;;;;;;ULTRON SEMI;;;;;;;;
;;;;AMLODIPINE RATIOPHARM;CRAMOTIN;;;;Muscle Relaxant And Back Pain Relief Extra Strength;;;;;;;;;;;;;;;;;;;;;;Calohist;;;;;;;;;;;;;;;;;;;;;;;;;;;Lmx Topical Anaesthetic;;;;;;;;;;;;;;;;;;;;;;;Sinucon;;;;;;;;;;;;;;YUYU ACETRAMA SEMI;;;;;;;;
;;;;AMLODIPINE TEVA;KYMOXIN;;;;Lowprin;;;;;;;;;;;;;;;;;;;;;;Wal-Dryl Allergy;;;;;;;;;;;;;;;;;;;;;;;;;;;Sm-33;;;;;;;;;;;;;;;;;;;;;;;Tussar DM;;;;;;;;;;;;;;ZETRAPEN;;;;;;;;
;;;;AMLODIPINE ZYDUS;LACTAMOX NEO;;;;Lo-Asa;;;;;;;;;;;;;;;;;;;;;;Benekraft;;;;;;;;;;;;;;;;;;;;;;;;;;;LidoPro;;;;;;;;;;;;;;;;;;;;;;;Ah-Chew;;;;;;;;;;;;;;ZIPAN PLUS SEMI;;;;;;;;
;;;;Amlotrust;LAMOCRIN DUO;;;;M-Asa Croquable;;;;;;;;;;;;;;;;;;;;;;Counteract Night;;;;;;;;;;;;;;;;;;;;;;;;;;;Neuromed;;;;;;;;;;;;;;;;;;;;;;;Atuss DM;;;;;;;;;;;;;;Zydol SR;;;;;;;;
;;;;Deflectum;MAXICLAN DUO;;;;Pronal;;;;;;;;;;;;;;;;;;;;;;Acetadryl;;;;;;;;;;;;;;;;;;;;;;;;;;;Depulpin;;;;;;;;;;;;;;;;;;;;;;;Atuss HD;;;;;;;;;;;;;;Zamadol;;;;;;;;
;;;;Dynoval;PENIMENTIN;;;;Phenaphen No 4;;;;;;;;;;;;;;;;;;;;;;Rx-Act Flu & Severe Cold & Cough;;;;;;;;;;;;;;;;;;;;;;;;;;;Dexaflam;;;;;;;;;;;;;;;;;;;;;;;Bromophen TD;;;;;;;;;;;;;;Zamadol SR;;;;;;;;
;;;;Perivasc;KLAVON;;;;Tri-Buffered Asa;;;;;;;;;;;;;;;;;;;;;;Lunox;;;;;;;;;;;;;;;;;;;;;;;;;;;Dona;;;;;;;;;;;;;;;;;;;;;;;Chemdal;;;;;;;;;;;;;;Ultram;;;;;;;;
;;;;Tekamlo;KMOXILIN;;;;Togal Kopfschm;;;;;;;;;;;;;;;;;;;;;;Boxocalm;;;;;;;;;;;;;;;;;;;;;;;;;;;Jelliproct;;;;;;;;;;;;;;;;;;;;;;;Coldloc;;;;;;;;;;;;;;Zamadol Melt;;;;;;;;
;;;;Tribenzor;LACTAMOX DUO;;;;Arthriten Max;;;;;;;;;;;;;;;;;;;;;;Diphenhydramin Fair Med;;;;;;;;;;;;;;;;;;;;;;;;;;;Gelicain;;;;;;;;;;;;;;;;;;;;;;;Omnihist;;;;;;;;;;;;;;Tramacet;;;;;;;;
;;;;Twynsta;LIUMOX DUO;;;;CLOPIO-A;;;;;;;;;;;;;;;;;;;;;;Diabenyl;;;;;;;;;;;;;;;;;;;;;;;;;;;Lidocain Roth;;;;;;;;;;;;;;;;;;;;;;;Cerose-DM;;;;;;;;;;;;;;Maneo;;;;;;;;
;;;;Amlodipin(Besilat) Al;MARTINE;;;;CLASPIN;;;;;;;;;;;;;;;;;;;;;;Dentigoa;;;;;;;;;;;;;;;;;;;;;;;;;;;Otalgan;;;;;;;;;;;;;;;;;;;;;;;Codimal PH;;;;;;;;;;;;;;Dromadol;;;;;;;;
;;;;Amlodipin-Corax;MEDICLA DUO;;;;DANARIX;;;;;;;;;;;;;;;;;;;;;;Dormigoa;;;;;;;;;;;;;;;;;;;;;;;;;;;Xylocitin-Loc;;;;;;;;;;;;;;;;;;;;;;;Cyclomydril;;;;;;;;;;;;;;Tradorec XL;;;;;;;;
;;;;Amlodipin Awd;NEOCRA DUO;;;;PABAXIN;;;;;;;;;;;;;;;;;;;;;;Dormo;;;;;;;;;;;;;;;;;;;;;;;;;;;Toxavit;;;;;;;;;;;;;;;;;;;;;;;Dimetane Decongestant;;;;;;;;;;;;;;Tramquel SR;;;;;;;;
;;;;Amlodipin Q-Pharm;OMECLA DUO;;;;Excedrin Back & Body;;;;;;;;;;;;;;;;;;;;;;Emesan;;;;;;;;;;;;;;;;;;;;;;;;;;;Socketol;;;;;;;;;;;;;;;;;;;;;;;Donatussin;;;;;;;;;;;;;;Onetram;;;;;;;;
;;;;Flutensif;AMOBACIL;;;;postMI;;;;;;;;;;;;;;;;;;;;;;Lomapect;;;;;;;;;;;;;;;;;;;;;;;;;;;Antibiotic Cream Plus Pain Relief Kids;;;;;;;;;;;;;;;;;;;;;;;Duratex;;;;;;;;;;;;;;TRAMADOL/PARACETAMOL BIPHAR;;;;;;;;
;;;;Lizam;AMOXCLAN;;;;Percodan;;;;;;;;;;;;;;;;;;;;;;Meta Attritin;;;;;;;;;;;;;;;;;;;;;;;;;;;Antibiotic Plus Pain Relief;;;;;;;;;;;;;;;;;;;;;;;Vasosulf;;;;;;;;;;;;;;SKUDEXUM;;;;;;;;
;;;;Lidorat;AMOXICLA;;;;Alka-Seltzer;;;;;;;;;;;;;;;;;;;;;;Medapur;;;;;;;;;;;;;;;;;;;;;;;;;;;Caribbean Breeze;;;;;;;;;;;;;;;;;;;;;;;Efasin;;;;;;;;;;;;;;Yutong;;;;;;;;
;;;;Normopress;AMOXIS;;;;Farbital;;;;;;;;;;;;;;;;;;;;;;Palacril;;;;;;;;;;;;;;;;;;;;;;;;;;;Footworks Healthy;;;;;;;;;;;;;;;;;;;;;;;Emagrin Forte;;;;;;;;;;;;;;Timaer;;;;;;;;
;;;;Vocado;AUCLAN;;;;Empirin;;;;;;;;;;;;;;;;;;;;;;Roewo;;;;;;;;;;;;;;;;;;;;;;;;;;;Emla Patch;;;;;;;;;;;;;;;;;;;;;;;ENDAL HD PLUS;;;;;;;;;;;;;;Qizhi;;;;;;;;
;;;;Viacoram;AUGUCLA;;;;Miniprin;;;;;;;;;;;;;;;;;;;;;;Schlafetten Wepa;;;;;;;;;;;;;;;;;;;;;;;;;;;Complete;;;;;;;;;;;;;;;;;;;;;;;Hista-Vent DA;;;;;;;;;;;;;;Fengtongding;;;;;;;;
;;;;Apo-Amlodipine-Atorvastatin;AUGUTIN;;;;Anadin All-Night;;;;;;;;;;;;;;;;;;;;;;Sekundal;;;;;;;;;;;;;;;;;;;;;;;;;;;No-Ad Aloe Vera Gel Pure;;;;;;;;;;;;;;;;;;;;;;;Despec-SF;;;;;;;;;;;;;;Bingning;;;;;;;;
;;;;Bio-Amlodipine;AUMENTIN DUO;;;;Aspro Clear Maximum Strength;;;;;;;;;;;;;;;;;;;;;;Vivinox Sleep;;;;;;;;;;;;;;;;;;;;;;;;;;;Myelogram Tray;;;;;;;;;;;;;;;;;;;;;;;Hydrophene DH;;;;;;;;;;;;;;Maidaomalong;;;;;;;;
;;;;Mint-Amlodipine;CLACILLIN-DUO;;;;Anacin;;;;;;;;;;;;;;;;;;;;;;Verlapyrin;;;;;;;;;;;;;;;;;;;;;;;;;;;Jampocaine;;;;;;;;;;;;;;;;;;;;;;;Hyphen-HD;;;;;;;;;;;;;;Quming;;;;;;;;
;;;;Riva Amlodipine;ZAKUTEX;;;;Aspir-Mox;;;;;;;;;;;;;;;;;;;;;;Vanamine;;;;;;;;;;;;;;;;;;;;;;;;;;;Pre-Wax Pain Relief;;;;;;;;;;;;;;;;;;;;;;;Alacol;;;;;;;;;;;;;;Leshipukang;;;;;;;;
;;;;Phl-Amlodipine;MYUNGMOON AMOCLAN;;;;Bayer Aspirin;;;;;;;;;;;;;;;;;;;;;;Zzzquil;;;;;;;;;;;;;;;;;;;;;;;;;;;Res-Q Analgesic Pain Relief Spray;;;;;;;;;;;;;;;;;;;;;;;KG-Dal HD;;;;;;;;;;;;;;Algotra;;;;;;;;
;;;;Biramlo;NECMOCLEAN NEO;;;;Damason-P;;;;;;;;;;;;;;;;;;;;;;Sebrx;;;;;;;;;;;;;;;;;;;;;;;;;;;Safetec Burn Gel;;;;;;;;;;;;;;;;;;;;;;;Ricobid;;;;;;;;;;;;;;Rybix;;;;;;;;
;;;;Ramidipin;NEUPIRON;;;;Empirin with Codeine;;;;;;;;;;;;;;;;;;;;;;Tact Cream;;;;;;;;;;;;;;;;;;;;;;;;;;;Safetec Burn Spray;;;;;;;;;;;;;;;;;;;;;;;Liquibid-D;;;;;;;;;;;;;;Jutadol;;;;;;;;
;;;;Prestalia;OMECLE DUO;;;;Talwin Compound;;;;;;;;;;;;;;;;;;;;;;Robitussin Night Time Cough and Cold;;;;;;;;;;;;;;;;;;;;;;;;;;;Polyderm Antibiotic;;;;;;;;;;;;;;;;;;;;;;;Maxiphen;;;;;;;;;;;;;;Tramagetic;;;;;;;;
;;;;Amlodipine / Valsartan EG;TDCLA;;;;Entercote;;;;;;;;;;;;;;;;;;;;;;Vetadryl;;;;;;;;;;;;;;;;;;;;;;;;;;;Polysporin Kids;;;;;;;;;;;;;;;;;;;;;;;Albatussin PE;;;;;;;;;;;;;;Tramadol Gruenenthal;;;;;;;;
;;;;Amlodipine / Valsartan Sandoz;AMOXICILLINE ACIDE CLAVULANIQUE PANPHARMA;;;;Fiortal;;;;;;;;;;;;;;;;;;;;;;Mucinex Sinus-Max Night;;;;;;;;;;;;;;;;;;;;;;;;;;;Pharmassist Soothenel Gel;;;;;;;;;;;;;;;;;;;;;;;Sitrex;;;;;;;;;;;;;;Tramadol Pb;;;;;;;;
;;;;Viacorind;AMOXICILLINE ARROW;;;;Fiortal with Codeine;;;;;;;;;;;;;;;;;;;;;;Wal-Sleep Z;;;;;;;;;;;;;;;;;;;;;;;;;;;Pleura-Seal;;;;;;;;;;;;;;;;;;;;;;;M-Phen;;;;;;;;;;;;;;Tramadol Q;;;;;;;;
;;;;ABIPRE;AMOXICILLINE CRISTERS;;;;Gennin-FC;;;;;;;;;;;;;;;;;;;;;;Difenacol;;;;;;;;;;;;;;;;;;;;;;;;;;;Otizol Hc;;;;;;;;;;;;;;;;;;;;;;;Ricotuss D;;;;;;;;;;;;;;Tramadol Rotexmedica;;;;;;;;
;;;;E-DUET;AMOXICILLINE QUALIMED;;;;Isollyl;;;;;;;;;;;;;;;;;;;;;;Paedamin Children'S Decongestant And Antihistamine;;;;;;;;;;;;;;;;;;;;;;;;;;;Trianal;;;;;;;;;;;;;;;;;;;;;;;Maxi-Tuss SA;;;;;;;;;;;;;;Tramadol Temmler;;;;;;;;
;;;;I-DIPIN;AMOXICILLINE ZENTIVA;;;;Propoxyphene Compound 65;;;;;;;;;;;;;;;;;;;;;;Sleep Aid;;;;;;;;;;;;;;;;;;;;;;;;;;;Unburn-Gel;;;;;;;;;;;;;;;;;;;;;;;Brovex D;;;;;;;;;;;;;;Tradol Puren;;;;;;;;
;;;;ALOSARTAN;AMOXICILLINE/ACIDE CLAVULANIQUE ZYDUS;;;;Ridiprin;;;;;;;;;;;;;;;;;;;;;;Allegra Cooling Relief Anti-Itch;;;;;;;;;;;;;;;;;;;;;;;;;;;Stallion;;;;;;;;;;;;;;;;;;;;;;;Duonate 12 Pediatric;;;;;;;;;;;;;;Trama Basf;;;;;;;;
;;;;AMBASARTAN;Amclav;;;;Roxiprin;;;;;;;;;;;;;;;;;;;;;;Delsym Children's Nighttime Cough and Cold Reformulated Apr 2013;;;;;;;;;;;;;;;;;;;;;;;;;;;Comfortcaine;;;;;;;;;;;;;;;;;;;;;;;Ry-T-12;;;;;;;;;;;;;;Trama Dorsch;;;;;;;;
;;;;AMLOMESYL;Alphaclav Duo;;;;Laboprin;;;;;;;;;;;;;;;;;;;;;;Mucinex Fast-Max Night Time Cold and Flu;;;;;;;;;;;;;;;;;;;;;;;;;;;Glydo;;;;;;;;;;;;;;;;;;;;;;;Trituss A;;;;;;;;;;;;;;Tramadol 1a Pharma;;;;;;;;
;;;;AMLO S;Bgramin;;;;Levius;;;;;;;;;;;;;;;;;;;;;;Diphenhydramin-Hevert;;;;;;;;;;;;;;;;;;;;;;;;;;;RadiaGuard;;;;;;;;;;;;;;;;;;;;;;;Dmax Pediatric;;;;;;;;;;;;;;ATRACOOL;;;;;;;;
;;;;AMOLVIKA HCT;Maxamox;;;;Orphengesic;;;;;;;;;;;;;;;;;;;;;;Dormiagil;;;;;;;;;;;;;;;;;;;;;;;;;;;LidoPro Patch;;;;;;;;;;;;;;;;;;;;;;;Trital DM;;;;;;;;;;;;;;ACERANO SEMI;;;;;;;;
;;;;AMOSTATIN;Moxacin;;;;Platet;;;;;;;;;;;;;;;;;;;;;;Schlaf Tabletten Sisadorm;;;;;;;;;;;;;;;;;;;;;;;;;;;Lidotran;;;;;;;;;;;;;;;;;;;;;;;Giltuss;;;;;;;;;;;;;;ELIFEN SEMI;;;;;;;;
;;;;AROPIN;Amoxicillin Dura;;;;Heartline;;;;;;;;;;;;;;;;;;;;;;S 8;;;;;;;;;;;;;;;;;;;;;;;;;;;Theranal;;;;;;;;;;;;;;;;;;;;;;;Myci;;;;;;;;;;;;;;LANOPHEN;;;;;;;;
;;;;CADURAT;Amoxiclav-Ct;;;;Numark Extra Power Pain Reliever;;;;;;;;;;;;;;;;;;;;;;Tuttozem N;;;;;;;;;;;;;;;;;;;;;;;;;;;Trifena;;;;;;;;;;;;;;;;;;;;;;;Numonyl DX;;;;;;;;;;;;;;MEGACET SEMI;;;;;;;;
;;;;CIRCUET;Amoxidoc;;;;Aspro Cl;;;;;;;;;;;;;;;;;;;;;;Sodormwell;;;;;;;;;;;;;;;;;;;;;;;;;;;Nervoderm;;;;;;;;;;;;;;;;;;;;;;;Zotex;;;;;;;;;;;;;;ORPHEN;;;;;;;;
;;;;DAPIRO;Amoxiinfant;;;;Angettes;;;;;;;;;;;;;;;;;;;;;;Allergy Dye-Free;;;;;;;;;;;;;;;;;;;;;;;;;;;Mucosoothe;;;;;;;;;;;;;;;;;;;;;;;Dacex DM;;;;;;;;;;;;;;PENCURE;;;;;;;;
;;;;DIPINSTA;Zacpac;;;;Co-codaprin;;;;;;;;;;;;;;;;;;;;;;Benadryl Itch Stopping Gel;;;;;;;;;;;;;;;;;;;;;;;;;;;Lydexa;;;;;;;;;;;;;;;;;;;;;;;Certuss D;;;;;;;;;;;;;;SYNERJET ER SEMI;;;;;;;;
;;;;DUTADINE;Auro-Amoxicillin;;;;Contac;;;;;;;;;;;;;;;;;;;;;;Bye Bye;;;;;;;;;;;;;;;;;;;;;;;;;;;Alocane Max Strength;;;;;;;;;;;;;;;;;;;;;;;Nalex DH;;;;;;;;;;;;;;TRAMADOL HCL HUONS;;;;;;;;
;;;;ESCA;Riva Amoxicillin;;;;Enprin;;;;;;;;;;;;;;;;;;;;;;Cathejell;;;;;;;;;;;;;;;;;;;;;;;;;;;Lidogalen;;;;;;;;;;;;;;;;;;;;;;;P-Tex;;;;;;;;;;;;;;TRAVIT SEMI;;;;;;;;
;;;;EXLOW;Phl-Amoxicillin;;;;MigraMax;;;;;;;;;;;;;;;;;;;;;;Extra Strength Neocitran Total;;;;;;;;;;;;;;;;;;;;;;;;;;;Kool-Down;;;;;;;;;;;;;;;;;;;;;;;Phentex;;;;;;;;;;;;;;UTREN SEMI;;;;;;;;
;;;;HARODIN;Nu-Amox;;;;Molita;;;;;;;;;;;;;;;;;;;;;;Extra Strength Sleep Aid;;;;;;;;;;;;;;;;;;;;;;;;;;;Lipocaine;;;;;;;;;;;;;;;;;;;;;;;Phenylhistine;;;;;;;;;;;;;;ATNOLCET SEMI;;;;;;;;
;;;;HUEBICA;Amoxiclav Beta;;;;Takelda;;;;;;;;;;;;;;;;;;;;;;Dm Plus Cough;;;;;;;;;;;;;;;;;;;;;;;;;;;Uber Numb;;;;;;;;;;;;;;;;;;;;;;;Prolex PD;;;;;;;;;;;;;;DOLMA;;;;;;;;
;;;;HUEBICA HCT;Betacillin;;;;Nitogis;;;;;;;;;;;;;;;;;;;;;;Dormax;;;;;;;;;;;;;;;;;;;;;;;;;;;Tranzarel;;;;;;;;;;;;;;;;;;;;;;;Quindal HD;;;;;;;;;;;;;;DURACET SEMI;;;;;;;;
;;;;KOSARX;Forcid;;;;Zenaspirin;;;;;;;;;;;;;;;;;;;;;;Dormiphenrime;;;;;;;;;;;;;;;;;;;;;;;;;;;Absorbine Lidocaine;;;;;;;;;;;;;;;;;;;;;;;Montephen;;;;;;;;;;;;;;HISET SEMI;;;;;;;;
;;;;LITE TELMIAMLODIPINE;Amclavox Duo;;;;Bayer Womens;;;;;;;;;;;;;;;;;;;;;;Complete One Cold And Flu Nightime Extra Strength;;;;;;;;;;;;;;;;;;;;;;;;;;;Lidocare;;;;;;;;;;;;;;;;;;;;;;;Gentex LQ;;;;;;;;;;;;;;HYPERCET;;;;;;;;
;;;;LIVADUET;Coclavmox;;;;Lianjia;;;;;;;;;;;;;;;;;;;;;;Neocitran Extra Strength Total Cold;;;;;;;;;;;;;;;;;;;;;;;;;;;ACAINE;;;;;;;;;;;;;;;;;;;;;;;Rynatan Pediatric;;;;;;;;;;;;;;A-TRA;;;;;;;;
;;;;LOVASC;AUGMENTI-S;;;;Baiasipiling;;;;;;;;;;;;;;;;;;;;;;Night Cough Fastgels;;;;;;;;;;;;;;;;;;;;;;;;;;;ANES;;;;;;;;;;;;;;;;;;;;;;;Rynatuss;;;;;;;;;;;;;;CETAMADOLE SEMI;;;;;;;;
;;;;MAC DUO;AMOCLZEN;;;;Ainuosi;;;;;;;;;;;;;;;;;;;;;;Nighttime Symptom Relief Extra Strength Symptoms Of Cold And Cough;;;;;;;;;;;;;;;;;;;;;;;;;;;BERO;;;;;;;;;;;;;;;;;;;;;;;Spec-T Sore Throat/Decongestant;;;;;;;;;;;;;;FINEMI;;;;;;;;
;;;;NEWAMLOS;AMOMENTIN;;;;Daweiping;;;;;;;;;;;;;;;;;;;;;;Insomnal;;;;;;;;;;;;;;;;;;;;;;;;;;;DERMACAIN;;;;;;;;;;;;;;;;;;;;;;;Xpect PE;;;;;;;;;;;;;;HIGH-CONTI;;;;;;;;
;;;;NOBDIPINE S;AMOTAX;;;;Lilikai;;;;;;;;;;;;;;;;;;;;;;Junior Strength Allergy;;;;;;;;;;;;;;;;;;;;;;;;;;;EMBICAINE;;;;;;;;;;;;;;;;;;;;;;;Rhinabid PD;;;;;;;;;;;;;;HYCEPHEN;;;;;;;;
;;;;NOVADIC;AMOXKLIN DUO;;;;Xisiqi;;;;;;;;;;;;;;;;;;;;;;Pulmorex Dm;;;;;;;;;;;;;;;;;;;;;;;;;;;PRIDOCAINE;;;;;;;;;;;;;;;;;;;;;;;G Phen DM;;;;;;;;;;;;;;HYPERCET SEMI;;;;;;;;
;;;;NOVAKIM;ARI ACICLAN DUO;;;;BC Headache;;;;;;;;;;;;;;;;;;;;;;Salonpas Plaster;;;;;;;;;;;;;;;;;;;;;;;;;;;RIFRIL;;;;;;;;;;;;;;;;;;;;;;;Sudafed PE Severe Cold;;;;;;;;;;;;;;PAINLESS SEMI;;;;;;;;
;;;;OLMECFORCE H;AUGMEN;;;;Ecpirin;;;;;;;;;;;;;;;;;;;;;;Regular Strength Flu Relief Nightime;;;;;;;;;;;;;;;;;;;;;;;;;;;SUNGKWANG RIDOAR;;;;;;;;;;;;;;;;;;;;;;;Levall-12;;;;;;;;;;;;;;SUPERCET;;;;;;;;
;;;;OLOMAX;CLACILLIN NEO;;;;Alka-Seltzer Plus Night Cold;;;;;;;;;;;;;;;;;;;;;;Pms-Diphenhydramine;;;;;;;;;;;;;;;;;;;;;;;;;;;Peranex;;;;;;;;;;;;;;;;;;;;;;;Pulmari;;;;;;;;;;;;;;TARAMADOL;;;;;;;;
;;;;RODISTAR;CLAMO;;;;Pamprin Max Formula;;;;;;;;;;;;;;;;;;;;;;Sting Eze;;;;;;;;;;;;;;;;;;;;;;;;;;;Anamantle HC;;;;;;;;;;;;;;;;;;;;;;;Crantex HC;;;;;;;;;;;;;;LANOPHEN SEMI;;;;;;;;
;;;;ROSARBESYL;CLAMOXEN DUO;;;;Bayer Aspirin PM;;;;;;;;;;;;;;;;;;;;;;Sleep Eze D;;;;;;;;;;;;;;;;;;;;;;;;;;;Solarcaine;;;;;;;;;;;;;;;;;;;;;;;Alenaze-D;;;;;;;;;;;;;;MARITROL;;;;;;;;
;;;;ROSASKA;CRACIZEN DUO;;;;Rid-A-Pain;;;;;;;;;;;;;;;;;;;;;;Sleepaid Extra Strength;;;;;;;;;;;;;;;;;;;;;;;;;;;Duocaine;;;;;;;;;;;;;;;;;;;;;;;Rindal HPD;;;;;;;;;;;;;;PARAMACET;;;;;;;;
;;;;SAMVIKAR;CURAMUS;;;;Bayer Aspirin PM Reformulated Nov 2011;;;;;;;;;;;;;;;;;;;;;;Mucinex Fast-Max Cold & Flu Nighttime;;;;;;;;;;;;;;;;;;;;;;;;;;;Lidamantle HC;;;;;;;;;;;;;;;;;;;;;;;Tri-Gestan S;;;;;;;;;;;;;;RAPICET;;;;;;;;
;;;;SEVIDUO HCT;CURAMUS DUO;;;;Acetylsalicylsaeure Injeele;;;;;;;;;;;;;;;;;;;;;;Pediacare Nighttime Multi-Symptom Cold;;;;;;;;;;;;;;;;;;;;;;;;;;;Zilactin-L;;;;;;;;;;;;;;;;;;;;;;;Notuss PD;;;;;;;;;;;;;;TAMITRA;;;;;;;;
;;;;SEVITHERA HCT;DUCRA DUO;;;;Anti Opt;;;;;;;;;;;;;;;;;;;;;;Dalay;;;;;;;;;;;;;;;;;;;;;;;;;;;Pro Vent Plus;;;;;;;;;;;;;;;;;;;;;;;VaZol D;;;;;;;;;;;;;;TANDOL;;;;;;;;
;;;;SKADBI(B);HYCRA DUO;;;;Aneucod;;;;;;;;;;;;;;;;;;;;;;;;;;;;;;;;;;;;;;;;;;;;;;;;;Rectacreame;;;;;;;;;;;;;;;;;;;;;;;Donatussin MAX;;;;;;;;;;;;;;BEARCET SEMI;;;;;;;;
;;;;TELLAPINE;LAMOCLA DUO;;;;Aspirin Forte;;;;;;;;;;;;;;;;;;;;;;;;;;;;;;;;;;;;;;;;;;;;;;;;;Lignostab-A;;;;;;;;;;;;;;;;;;;;;;;Tritan;;;;;;;;;;;;;;ELIFEN;;;;;;;;
;;;;TELMIDUO PLUS;MOXIBLE NEO;;;;Aspirine Ea;;;;;;;;;;;;;;;;;;;;;;;;;;;;;;;;;;;;;;;;;;;;;;;;;Woodward's;;;;;;;;;;;;;;;;;;;;;;;Tussex;;;;;;;;;;;;;;HANTRACET;;;;;;;;
;;;;TREBLE;MOXICLAN DUO;;;;Aspirine Hp;;;;;;;;;;;;;;;;;;;;;;;;;;;;;;;;;;;;;;;;;;;;;;;;;Strepsils;;;;;;;;;;;;;;;;;;;;;;;HistamaxD;;;;;;;;;;;;;;HUMEDIX TRAMADOL HCL;;;;;;;;
;;;;TRIFLOW;MOXICRAN;;;;Aspirine P;;;;;;;;;;;;;;;;;;;;;;;;;;;;;;;;;;;;;;;;;;;;;;;;;Haemorrhoid Relief;;;;;;;;;;;;;;;;;;;;;;;Phlemex-PE;;;;;;;;;;;;;;HUTRADOL;;;;;;;;
;;;;TRI IN ONE;MOXITAM;;;;Aspirine Px;;;;;;;;;;;;;;;;;;;;;;;;;;;;;;;;;;;;;;;;;;;;;;;;;Germoloids;;;;;;;;;;;;;;;;;;;;;;;Guaphen II DM;;;;;;;;;;;;;;TRA-CR;;;;;;;;
;;;;TROIKA;PLEMING NEO;;;;Aspirine Ra;;;;;;;;;;;;;;;;;;;;;;;;;;;;;;;;;;;;;;;;;;;;;;;;;Hemocane;;;;;;;;;;;;;;;;;;;;;;;MonteFlu HC;;;;;;;;;;;;;;TROL;;;;;;;;
;;;;TWINCID;SULPIBACTAM;;;;Aspirine Th;;;;;;;;;;;;;;;;;;;;;;;;;;;;;;;;;;;;;;;;;;;;;;;;;Depo-Medrone;;;;;;;;;;;;;;;;;;;;;;;Mintuss MS;;;;;;;;;;;;;;ULTRACET SEMI;;;;;;;;
;;;;TWINSTEL;A-CLAN NEO;;;;Ass 1a Pharma;;;;;;;;;;;;;;;;;;;;;;;;;;;;;;;;;;;;;;;;;;;;;;;;;Perinal;;;;;;;;;;;;;;;;;;;;;;;Liquicough HC;;;;;;;;;;;;;;WONTRAN SEMI;;;;;;;;
;;;;TWOTWO STAR;Almodan;;;;Ass Ct;;;;;;;;;;;;;;;;;;;;;;;;;;;;;;;;;;;;;;;;;;;;;;;;;Versatis;;;;;;;;;;;;;;;;;;;;;;;DMax;;;;;;;;;;;;;;ZIPAN;;;;;;;;
;;;;TWOVIKAR;Amrit;;;;Ass Dexcel;;;;;;;;;;;;;;;;;;;;;;;;;;;;;;;;;;;;;;;;;;;;;;;;;Borraza;;;;;;;;;;;;;;;;;;;;;;;Execof;;;;;;;;;;;;;;TORANZIN;;;;;;;;
;;;;UNASCA;Galenamox;;;;Ass Fair Med;;;;;;;;;;;;;;;;;;;;;;;;;;;;;;;;;;;;;;;;;;;;;;;;;Satohap Lidocaine;;;;;;;;;;;;;;;;;;;;;;;Vazotan;;;;;;;;;;;;;;TRAFLEM;;;;;;;;
;;;;UNIROPIN;Rimoxallin;;;;Ass Light;;;;;;;;;;;;;;;;;;;;;;;;;;;;;;;;;;;;;;;;;;;;;;;;;Epilido;;;;;;;;;;;;;;;;;;;;;;;Exetuss HC;;;;;;;;;;;;;;TRAMADOL HCL;;;;;;;;
;;;;VIKARONCE;amopen;;;;Ass Luenpharm;;;;;;;;;;;;;;;;;;;;;;;;;;;;;;;;;;;;;;;;;;;;;;;;;Yuluoshu;;;;;;;;;;;;;;;;;;;;;;;Sudafed PE Sinus & Allergy;;;;;;;;;;;;;;TRAMAPEN;;;;;;;;
;;;;Lotrel;Amoxicot;;;;Ass Molimin;;;;;;;;;;;;;;;;;;;;;;;;;;;;;;;;;;;;;;;;;;;;;;;;;Aoerfen;;;;;;;;;;;;;;;;;;;;;;;Nexphen PD;;;;;;;;;;;;;;TRIMAPHEN;;;;;;;;
;;;;Amlostin;Amoxil;;;;Ass Pav;;;;;;;;;;;;;;;;;;;;;;;;;;;;;;;;;;;;;;;;;;;;;;;;;Gold Bond Medicated Pain and Itch Relief;;;;;;;;;;;;;;;;;;;;;;;Pediatan D;;;;;;;;;;;;;;ULCET SEMI;;;;;;;;
;;;;Sevikar;Amoxil Fiztab;;;;Ass Ratiopharm;;;;;;;;;;;;;;;;;;;;;;;;;;;;;;;;;;;;;;;;;;;;;;;;;Linisol;;;;;;;;;;;;;;;;;;;;;;;Reluri;;;;;;;;;;;;;;WELTRA;;;;;;;;
;;;;Luohuoxi;Moxilin;;;;Ass Recip;;;;;;;;;;;;;;;;;;;;;;;;;;;;;;;;;;;;;;;;;;;;;;;;;Oro Rhinathiol;;;;;;;;;;;;;;;;;;;;;;;Deconsal CT;;;;;;;;;;;;;;X-PAIN ER SEMI;;;;;;;;
;;;;Shihuida;Amoxicillinan;;;;Cc Forte;;;;;;;;;;;;;;;;;;;;;;;;;;;;;;;;;;;;;;;;;;;;;;;;;Children's;;;;;;;;;;;;;;;;;;;;;;;Poly Hist HC;;;;;;;;;;;;;;OLFEN;;;;;;;;
;;;;Amlodipine Krka;Amoclan;;;;Contradol;;;;;;;;;;;;;;;;;;;;;;;;;;;;;;;;;;;;;;;;;;;;;;;;;Cal;;;;;;;;;;;;;;;;;;;;;;;Aldex D;;;;;;;;;;;;;;PARAMACET SEMI;;;;;;;;
;;;;Lipertance;Amolin;;;;Contrheuma;;;;;;;;;;;;;;;;;;;;;;;;;;;;;;;;;;;;;;;;;;;;;;;;;Buccoverso;;;;;;;;;;;;;;;;;;;;;;;Nariz HC;;;;;;;;;;;;;;PENASET SEMI;;;;;;;;
;;;;Olmesartan / Amlodipine Teva;Yisalin;;;;Dolofugin;;;;;;;;;;;;;;;;;;;;;;;;;;;;;;;;;;;;;;;;;;;;;;;;;Hush;;;;;;;;;;;;;;;;;;;;;;;Tusso DM;;;;;;;;;;;;;;PENCLEAR MAX;;;;;;;;
;;;;Amlodigamma;Zailin;;;;Dolomo;;;;;;;;;;;;;;;;;;;;;;;;;;;;;;;;;;;;;;;;;;;;;;;;;Lido King;;;;;;;;;;;;;;;;;;;;;;;Duratuss PE;;;;;;;;;;;;;;TRAMAPEN SEMI;;;;;;;;
;;;;Amlodipin Basics;Libaiting;;;;Docmorris Paracetamol;;;;;;;;;;;;;;;;;;;;;;;;;;;;;;;;;;;;;;;;;;;;;;;;;Pro Pet Skin Relief;;;;;;;;;;;;;;;;;;;;;;;Quadra-Hist D;;;;;;;;;;;;;;TRAMIPHEN SEMI;;;;;;;;
;;;;Amlodipin Fair Med;Tefumeng;;;;Docpelin Paracetamol;;;;;;;;;;;;;;;;;;;;;;;;;;;;;;;;;;;;;;;;;;;;;;;;;Ana-Lex;;;;;;;;;;;;;;;;;;;;;;;Pancof-PD;;;;;;;;;;;;;;ULTRAN SEMI;;;;;;;;
;;;;Amlodipin Kwizda;Anqi;;;;Erkaeltungspaket Ratiopharm;;;;;;;;;;;;;;;;;;;;;;;;;;;;;;;;;;;;;;;;;;;;;;;;;Anestafoam;;;;;;;;;;;;;;;;;;;;;;;NUDAL HD;;;;;;;;;;;;;;BIODALGIC;;;;;;;;
;;;;Amlodipin Pharma;Talicia;;;;Ha Etten S;;;;;;;;;;;;;;;;;;;;;;;;;;;;;;;;;;;;;;;;;;;;;;;;;Scar Zone Burn Relief;;;;;;;;;;;;;;;;;;;;;;;Zotex-GP;;;;;;;;;;;;;;TRAMADOL EG;;;;;;;;
;;;;Amlo Isis;Amoxi Drop;;;;Gute Besserung Ernstfall Ratiopharm;;;;;;;;;;;;;;;;;;;;;;;;;;;;;;;;;;;;;;;;;;;;;;;;;Numb Nuts;;;;;;;;;;;;;;;;;;;;;;;Pyrilafen Tannate 12;;;;;;;;;;;;;;TRAMADOL EVOLUGEN;;;;;;;;
;;;;Amlo Q;Clavamox;;;;Godasal Ass;;;;;;;;;;;;;;;;;;;;;;;;;;;;;;;;;;;;;;;;;;;;;;;;;Depo-Medrone with Lidocaine;;;;;;;;;;;;;;;;;;;;;;;Ricobid D;;;;;;;;;;;;;;TRAMADOL LAVOISIER;;;;;;;;
;;;;Bisodipin;Augmentin-Duo;;;;Gepan;;;;;;;;;;;;;;;;;;;;;;;;;;;;;;;;;;;;;;;;;;;;;;;;;Fortacin;;;;;;;;;;;;;;;;;;;;;;;Qual Tussin;;;;;;;;;;;;;;TRAMADOL MYLAN;;;;;;;;
;;;;Losamlo;Amoxicillin Micro Labs;;;;Gelonida;;;;;;;;;;;;;;;;;;;;;;;;;;;;;;;;;;;;;;;;;;;;;;;;;Anaesthesin;;;;;;;;;;;;;;;;;;;;;;;Panatuss;;;;;;;;;;;;;;TRAMADOL PARACETAMOL EVOLUGEN;;;;;;;;
;;;;Rasilamlo;Amoxiclav Accedo;;;;Gesund Leben;;;;;;;;;;;;;;;;;;;;;;;;;;;;;;;;;;;;;;;;;;;;;;;;;Ambene;;;;;;;;;;;;;;;;;;;;;;;KL-162;;;;;;;;;;;;;;TRAMADOL ZYDUS;;;;;;;;
;;;;BESFORGE;Amoxiclav Awd;;;;Herbin Stodin;;;;;;;;;;;;;;;;;;;;;;;;;;;;;;;;;;;;;;;;;;;;;;;;;Aristasept;;;;;;;;;;;;;;;;;;;;;;;Ralix;;;;;;;;;;;;;;TRAMADOL/PARACETAMOL SANDOZ;;;;;;;;
;;;;BIFORGE;Amoxypen;;;;Herz Ass 1a Pharma;;;;;;;;;;;;;;;;;;;;;;;;;;;;;;;;;;;;;;;;;;;;;;;;;Corti Attritin;;;;;;;;;;;;;;;;;;;;;;;Exratuss;;;;;;;;;;;;;;TRAMADOL/PARACETAMOL ZENTIVA;;;;;;;;
;;;;AMLOBETINE;Amoxclav Hexal;;;;Julphar Dol;;;;;;;;;;;;;;;;;;;;;;;;;;;;;;;;;;;;;;;;;;;;;;;;;Demoplas;;;;;;;;;;;;;;;;;;;;;;;Nalex-A 12;;;;;;;;;;;;;;MONOTRAMAL L;;;;;;;;
;;;;AMLOTAN;Amoxi Diol;;;;Malinert;;;;;;;;;;;;;;;;;;;;;;;;;;;;;;;;;;;;;;;;;;;;;;;;;Dexa Clinit;;;;;;;;;;;;;;;;;;;;;;;Quintex HS;;;;;;;;;;;;;;ZALDIAR;;;;;;;;
;;;;AMLOTENSION-S;Amoxi Hp;;;;Mandros;;;;;;;;;;;;;;;;;;;;;;;;;;;;;;;;;;;;;;;;;;;;;;;;;Dexa Phlogont;;;;;;;;;;;;;;;;;;;;;;;M-End Max;;;;;;;;;;;;;;Lodam;;;;;;;;
;;;;BEARDIPINE;Amoxi Infant;;;;Micristin;;;;;;;;;;;;;;;;;;;;;;;;;;;;;;;;;;;;;;;;;;;;;;;;;Dolo Tendin;;;;;;;;;;;;;;;;;;;;;;;Pediatex CT;;;;;;;;;;;;;;Tramal;;;;;;;;
;;;;COSALTAN-X;Amoxi Puren Hp;;;;Menostabil Ass;;;;;;;;;;;;;;;;;;;;;;;;;;;;;;;;;;;;;;;;;;;;;;;;;Farcosedan;;;;;;;;;;;;;;;;;;;;;;;Sudafed PE Nighttime Decongestant;;;;;;;;;;;;;;Algocid;;;;;;;;
;;;;DAVIROAD;Amoxi Sanorania;;;;Miniasal;;;;;;;;;;;;;;;;;;;;;;;;;;;;;;;;;;;;;;;;;;;;;;;;;Haemo;;;;;;;;;;;;;;;;;;;;;;;Quala HC;;;;;;;;;;;;;;Tramadol Abz;;;;;;;;
;;;;DISFORGE;Byk Amoxicillin;;;;Nedolon;;;;;;;;;;;;;;;;;;;;;;;;;;;;;;;;;;;;;;;;;;;;;;;;;Irgapyrin;;;;;;;;;;;;;;;;;;;;;;;Tylenol Allergy Multi-Symptom Nighttime;;;;;;;;;;;;;;Tramadol Stada;;;;;;;;
;;;;DUORIX;Cillimox;;;;Ompact;;;;;;;;;;;;;;;;;;;;;;;;;;;;;;;;;;;;;;;;;;;;;;;;;Kamistad;;;;;;;;;;;;;;;;;;;;;;;PediaCare Children's NightRest Multi-Symptom Cold;;;;;;;;;;;;;;Apo-Tramadol;;;;;;;;
;;;;ENYDIPINE;Espa Moxin;;;;Optalidon;;;;;;;;;;;;;;;;;;;;;;;;;;;;;;;;;;;;;;;;;;;;;;;;;Leukase;;;;;;;;;;;;;;;;;;;;;;;Comtrex Cold and Cough Non Drowsy;;;;;;;;;;;;;;Durela;;;;;;;;
;;;;HUNIZ AMLODIPINE MALEATE;Helicomp;;;;Paracetamol Ct;;;;;;;;;;;;;;;;;;;;;;;;;;;;;;;;;;;;;;;;;;;;;;;;;Lido Deltamedica;;;;;;;;;;;;;;;;;;;;;;;Baltussin HC;;;;;;;;;;;;;;Ran-Tramadol/Acet;;;;;;;;
;;;;LEGOFORGE;Infectoramox;;;;Romigal Ass;;;;;;;;;;;;;;;;;;;;;;;;;;;;;;;;;;;;;;;;;;;;;;;;;Lidocain Rotexmedica;;;;;;;;;;;;;;;;;;;;;;;Coryza-DM;;;;;;;;;;;;;;Ralivia;;;;;;;;
;;;;LIPODIPIN;Jutamox;;;;Romigal N;;;;;;;;;;;;;;;;;;;;;;;;;;;;;;;;;;;;;;;;;;;;;;;;;Meta Attritin;;;;;;;;;;;;;;;;;;;;;;;Ala-Hist AC;;;;;;;;;;;;;;Pat-Tramadol/Acet;;;;;;;;
;;;;MAXSARTAN;Jephoxin;;;;Stodinal;;;;;;;;;;;;;;;;;;;;;;;;;;;;;;;;;;;;;;;;;;;;;;;;;Medivarsin;;;;;;;;;;;;;;;;;;;;;;;Zicam Flu Nighttime;;;;;;;;;;;;;;Tramaphen-Odan;;;;;;;;
;;;;NEOZALTAN;Pantopac;;;;Sp Plus Coffein;;;;;;;;;;;;;;;;;;;;;;;;;;;;;;;;;;;;;;;;;;;;;;;;;Neo Lidocaton;;;;;;;;;;;;;;;;;;;;;;;BroveX PEB DM;;;;;;;;;;;;;;Taro-Tramadol Er;;;;;;;;
;;;;NP FORGE;Ospamox;;;;Spasmo Dolviran;;;;;;;;;;;;;;;;;;;;;;;;;;;;;;;;;;;;;;;;;;;;;;;;;Novirell;;;;;;;;;;;;;;;;;;;;;;;Maxichlor PEH DM;;;;;;;;;;;;;;;;;;;;;;
;;;;REXFORGE Q;Sigamopen;;;;Thomapyrin Akut;;;;;;;;;;;;;;;;;;;;;;;;;;;;;;;;;;;;;;;;;;;;;;;;;Penis Marathon;;;;;;;;;;;;;;;;;;;;;;;Endal CD;;;;;;;;;;;;;;;;;;;;;;
;;;;S AMLOMIN;Zamocillin;;;;Tempil;;;;;;;;;;;;;;;;;;;;;;;;;;;;;;;;;;;;;;;;;;;;;;;;;Psychoneuroticum;;;;;;;;;;;;;;;;;;;;;;;Tylenol Infants Cold Plus Cough Reformulated Sep 2008;;;;;;;;;;;;;;;;;;;;;;
;;;;SAB;Amoxi-tabs;;;;Veralgit;;;;;;;;;;;;;;;;;;;;;;;;;;;;;;;;;;;;;;;;;;;;;;;;;Recto Betnesol;;;;;;;;;;;;;;;;;;;;;;;AlleRx PE AM;;;;;;;;;;;;;;;;;;;;;;
;;;;S-AMLODIX;AMOREX NEO;;;;BC Original Formula;;;;;;;;;;;;;;;;;;;;;;;;;;;;;;;;;;;;;;;;;;;;;;;;;Rectoparin;;;;;;;;;;;;;;;;;;;;;;;AlleRx PE PM;;;;;;;;;;;;;;;;;;;;;;
;;;;SEOUL AMLODIPINE BESYLATE;ANYCLA;;;;ASAPUE;;;;;;;;;;;;;;;;;;;;;;;;;;;;;;;;;;;;;;;;;;;;;;;;;Uromontavit;;;;;;;;;;;;;;;;;;;;;;;Galpharm Flu-Max All-In-One Chesty Cough & Cold;;;;;;;;;;;;;;;;;;;;;;
;;;;SEVIACT;BACTAMOXIN;;;;ASPID;;;;;;;;;;;;;;;;;;;;;;;;;;;;;;;;;;;;;;;;;;;;;;;;;Ultra Demoplas Pfz;;;;;;;;;;;;;;;;;;;;;;;Beechams Cold and Flu Hot Lemon and Honey;;;;;;;;;;;;;;;;;;;;;;
;;;;SEVILOTEN;CLAMENTIN;;;;CLOPIRIN;;;;;;;;;;;;;;;;;;;;;;;;;;;;;;;;;;;;;;;;;;;;;;;;;Lonqtiv;;;;;;;;;;;;;;;;;;;;;;;Nurofen;;;;;;;;;;;;;;;;;;;;;;
;;;;TEMISTA;CLAMOCIL DUO;;;;HAWON ASPIRIN;;;;;;;;;;;;;;;;;;;;;;;;;;;;;;;;;;;;;;;;;;;;;;;;;Recticare;;;;;;;;;;;;;;;;;;;;;;;Boots Blocked se & Headache Relief;;;;;;;;;;;;;;;;;;;;;;
;;;;TUSTAPIN;CRAMON DUO;;;;HUROPIRIN;;;;;;;;;;;;;;;;;;;;;;;;;;;;;;;;;;;;;;;;;;;;;;;;;Lidopatch;;;;;;;;;;;;;;;;;;;;;;;Boots Blocked se Relief;;;;;;;;;;;;;;;;;;;;;;
;;;;TWYN-ONE;DUONEX;;;;KWANGDONG ASPIRIN;;;;;;;;;;;;;;;;;;;;;;;;;;;;;;;;;;;;;;;;;;;;;;;;;Lidovir;;;;;;;;;;;;;;;;;;;;;;;Minims phenylephrine hydrochloride;;;;;;;;;;;;;;;;;;;;;;
;;;;VALSADIPINE;EMOX;;;;PRETO PLUS;;;;;;;;;;;;;;;;;;;;;;;;;;;;;;;;;;;;;;;;;;;;;;;;;Sonacaine;;;;;;;;;;;;;;;;;;;;;;;Lemsip Cough Max for Chesty Cough & Cold;;;;;;;;;;;;;;;;;;;;;;
;;;;AMLO ONE;ICILLIN;;;;UNION ASPIRIN;;;;;;;;;;;;;;;;;;;;;;;;;;;;;;;;;;;;;;;;;;;;;;;;;Healerz for Noses;;;;;;;;;;;;;;;;;;;;;;;Beechams;;;;;;;;;;;;;;;;;;;;;;
;;;;AMLOBIS;LACTAMOX;;;;VASOPIRIN;;;;;;;;;;;;;;;;;;;;;;;;;;;;;;;;;;;;;;;;;;;;;;;;;Medi-Derm with Lidocaine;;;;;;;;;;;;;;;;;;;;;;;Lloydspharmacy Max Strength Cold & Flu;;;;;;;;;;;;;;;;;;;;;;
;;;;AMLOSTAR;LIUMOX;;;;ENTAS;;;;;;;;;;;;;;;;;;;;;;;;;;;;;;;;;;;;;;;;;;;;;;;;;SUNGKWANG LIDOCAINE HCL;;;;;;;;;;;;;;;;;;;;;;;RectiCare Advanced Wipes;;;;;;;;;;;;;;;;;;;;;;
;;;;AMLOTEL;MARTIN;;;;ETEX ASPIRIN;;;;;;;;;;;;;;;;;;;;;;;;;;;;;;;;;;;;;;;;;;;;;;;;;LIDOCAINE HCL EPINEPHRINE HUONS;;;;;;;;;;;;;;;;;;;;;;;Rhinathiol Antirhinitis;;;;;;;;;;;;;;;;;;;;;;
;;;;BEARDIPINE-S;MOXAMENTIN NEO;;;;HANMI ASPIRIN;;;;;;;;;;;;;;;;;;;;;;;;;;;;;;;;;;;;;;;;;;;;;;;;;SAMJIN LIDOCAINE HCL HYDRATE;;;;;;;;;;;;;;;;;;;;;;;Alahist D;;;;;;;;;;;;;;;;;;;;;;
;;;;CADUEL;MOXICLE DUO;;;;ARIGREL;;;;;;;;;;;;;;;;;;;;;;;;;;;;;;;;;;;;;;;;;;;;;;;;;LIDOCAINE HCL HUONS;;;;;;;;;;;;;;;;;;;;;;;Drihist;;;;;;;;;;;;;;;;;;;;;;
;;;;CANSTAR-X;POTACIN DUO;;;;ASGREL;;;;;;;;;;;;;;;;;;;;;;;;;;;;;;;;;;;;;;;;;;;;;;;;;NOVOCOL;;;;;;;;;;;;;;;;;;;;;;;Liquitussin HC;;;;;;;;;;;;;;;;;;;;;;
;;;;CARDIFORGE;UROBACTAM;;;;ASTERIN;;;;;;;;;;;;;;;;;;;;;;;;;;;;;;;;;;;;;;;;;;;;;;;;;Dr. Numb;;;;;;;;;;;;;;;;;;;;;;;Medicone Hemorrhoidal;;;;;;;;;;;;;;;;;;;;;;
;;;;CRB;ZAKUTEX NEO;;;;CHODANG ASPIRIN;;;;;;;;;;;;;;;;;;;;;;;;;;;;;;;;;;;;;;;;;;;;;;;;;CIRKAN;;;;;;;;;;;;;;;;;;;;;;;Tylenol Cold Multi-Symptom Severe Daytime;;;;;;;;;;;;;;;;;;;;;;
;;;;DUE A;AMOCLA NEO;;;;CLOSPIRIN;;;;;;;;;;;;;;;;;;;;;;;;;;;;;;;;;;;;;;;;;;;;;;;;;LIDOCAINE/PRILOCAINE AGUETTANT;;;;;;;;;;;;;;;;;;;;;;;Dime Time;;;;;;;;;;;;;;;;;;;;;;
;;;;EVASC;AMOLANIC DUO;;;;CMG ASPIRIN;;;;;;;;;;;;;;;;;;;;;;;;;;;;;;;;;;;;;;;;;;;;;;;;;LIDOCAINE/PRILOCAINE ZENTIVA;;;;;;;;;;;;;;;;;;;;;;;Poly Hist DHC;;;;;;;;;;;;;;;;;;;;;;
;;;;EX V;AMOMETIN;;;;PRIME ASPIRIN;;;;;;;;;;;;;;;;;;;;;;;;;;;;;;;;;;;;;;;;;;;;;;;;;EUPHONYLL MAUX DE GORGE CETYLPYRIDINIUM LIDOCAINE SANS SUCRE;;;;;;;;;;;;;;;;;;;;;;;Theraflu Nighttime Severe Cold & Cough;;;;;;;;;;;;;;;;;;;;;;
;;;;HAVIKAR;AMOXCLAN NEO;;;;RHONAL;;;;;;;;;;;;;;;;;;;;;;;;;;;;;;;;;;;;;;;;;;;;;;;;;PULPARTHROL;;;;;;;;;;;;;;;;;;;;;;;Airacof;;;;;;;;;;;;;;;;;;;;;;
;;;;AJUSTA;AUMECRA;;;;PLAVIX A;;;;;;;;;;;;;;;;;;;;;;;;;;;;;;;;;;;;;;;;;;;;;;;;;MESOCAINE;;;;;;;;;;;;;;;;;;;;;;;Sudafed PE Triple Action;;;;;;;;;;;;;;;;;;;;;;
;;;;AMODITAN;CLADUS;;;;SAMIK ASPIRIN;;;;;;;;;;;;;;;;;;;;;;;;;;;;;;;;;;;;;;;;;;;;;;;;;XOGEL ADULTE;;;;;;;;;;;;;;;;;;;;;;;TL-Hist CD;;;;;;;;;;;;;;;;;;;;;;
;;;;AMOSAR;CLAMOXIN;;;;ACERIN;;;;;;;;;;;;;;;;;;;;;;;;;;;;;;;;;;;;;;;;;;;;;;;;;HUMEX;;;;;;;;;;;;;;;;;;;;;;;Formulation R Ointment;;;;;;;;;;;;;;;;;;;;;;
;;;;AMPIBESYL;DUOSULTAM;;;;ACLORIN;;;;;;;;;;;;;;;;;;;;;;;;;;;;;;;;;;;;;;;;;;;;;;;;;OSMOGEL;;;;;;;;;;;;;;;;;;;;;;;Advil Congestion Relief;;;;;;;;;;;;;;;;;;;;;;
;;;;AMVASTIN;HYCLA NEO;;;;ALPIRIN;;;;;;;;;;;;;;;;;;;;;;;;;;;;;;;;;;;;;;;;;;;;;;;;;OTIPAX;;;;;;;;;;;;;;;;;;;;;;;T Koff;;;;;;;;;;;;;;;;;;;;;;
;;;;ARD;ICILLIN DUO;;;;ASPIL;;;;;;;;;;;;;;;;;;;;;;;;;;;;;;;;;;;;;;;;;;;;;;;;;Co-Phenylcaine;;;;;;;;;;;;;;;;;;;;;;;Zotex C;;;;;;;;;;;;;;;;;;;;;;
;;;;ASYLDOPINE;ACLANTIS DUO;;;;CLOGREEN;;;;;;;;;;;;;;;;;;;;;;;;;;;;;;;;;;;;;;;;;;;;;;;;;Logicin Rapid Relief;;;;;;;;;;;;;;;;;;;;;;;Corzall-PE;;;;;;;;;;;;;;;;;;;;;;
;;;;BESYLOPINE;AMOREX;;;;TROMVIX A;;;;;;;;;;;;;;;;;;;;;;;;;;;;;;;;;;;;;;;;;;;;;;;;;Paxyl;;;;;;;;;;;;;;;;;;;;;;;XiraHist DM;;;;;;;;;;;;;;;;;;;;;;
;;;;CADUESTIN;AMOXIYEON DUO;;;;YUHAN ASPIRIN;;;;;;;;;;;;;;;;;;;;;;;;;;;;;;;;;;;;;;;;;;;;;;;;;Soov;;;;;;;;;;;;;;;;;;;;;;;C Hist;;;;;;;;;;;;;;;;;;;;;;
;;;;CALBLOCK;ANIMOX;;;;RINPIS;;;;;;;;;;;;;;;;;;;;;;;;;;;;;;;;;;;;;;;;;;;;;;;;;Lenzapatch;;;;;;;;;;;;;;;;;;;;;;;Poly Hist Forte Reformulated Oct 2010;;;;;;;;;;;;;;;;;;;;;;
;;;;CARODIET;AUGUCILLIN DUO;;;;SHINPOONG ASPIRIN;;;;;;;;;;;;;;;;;;;;;;;;;;;;;;;;;;;;;;;;;;;;;;;;;Allercaine;;;;;;;;;;;;;;;;;;;;;;;Centergy DM;;;;;;;;;;;;;;;;;;;;;;
;;;;COLDUET;BICLA;;;;Backaid IPF;;;;;;;;;;;;;;;;;;;;;;;;;;;;;;;;;;;;;;;;;;;;;;;;;Lidostat;;;;;;;;;;;;;;;;;;;;;;;Sinex;;;;;;;;;;;;;;;;;;;;;;
;;;;DUISTA;CLAMOXIN DUO;;;;CEPHYL;;;;;;;;;;;;;;;;;;;;;;;;;;;;;;;;;;;;;;;;;;;;;;;;;Acoin;;;;;;;;;;;;;;;;;;;;;;;Sinutab Sinus;;;;;;;;;;;;;;;;;;;;;;
;;;;DUODIPIN;GUMENTIN NEO;;;;ASPIRINE DU RHONE;;;;;;;;;;;;;;;;;;;;;;;;;;;;;;;;;;;;;;;;;;;;;;;;;Audela;;;;;;;;;;;;;;;;;;;;;;;Nasotuss;;;;;;;;;;;;;;;;;;;;;;
;;;;K-DUET;HWAMOCLE;;;;ASPIRINE PROTECT;;;;;;;;;;;;;;;;;;;;;;;;;;;;;;;;;;;;;;;;;;;;;;;;;Dolocupin;;;;;;;;;;;;;;;;;;;;;;;DayQuil Sinex;;;;;;;;;;;;;;;;;;;;;;
;;;;LOWDIPINE;ICILLIN S;;;;ASPIRINE UPSA;;;;;;;;;;;;;;;;;;;;;;;;;;;;;;;;;;;;;;;;;;;;;;;;;Lidocain Braun;;;;;;;;;;;;;;;;;;;;;;;Alka-Seltzer Plus Day Cold;;;;;;;;;;;;;;;;;;;;;;
;;;;LOWVIKAR;I-MOXIL;;;;ASPRO;;;;;;;;;;;;;;;;;;;;;;;;;;;;;;;;;;;;;;;;;;;;;;;;;Lidocain-Engelhard;;;;;;;;;;;;;;;;;;;;;;;Pyrroxate Cold & Congestion;;;;;;;;;;;;;;;;;;;;;;
;;;;MELODIPINE;INSICLAN NEO;;;;ASPROFLASH;;;;;;;;;;;;;;;;;;;;;;;;;;;;;;;;;;;;;;;;;;;;;;;;;Penis-Eja-Stop;;;;;;;;;;;;;;;;;;;;;;;Refenesen Chest Congestion & Pain Relief PE;;;;;;;;;;;;;;;;;;;;;;
;;;;NORVASC T;KMOXLIN;;;;PARACETAMOL KABI;;;;;;;;;;;;;;;;;;;;;;;;;;;;;;;;;;;;;;;;;;;;;;;;;Penis-Marathon N;;;;;;;;;;;;;;;;;;;;;;;Tanabid DA;;;;;;;;;;;;;;;;;;;;;;
;;;;NOVASCAN;LACTABACTAM;;;;Action Cold And Flu;;;;;;;;;;;;;;;;;;;;;;;;;;;;;;;;;;;;;;;;;;;;;;;;;Oraqix Parodontal-Gel;;;;;;;;;;;;;;;;;;;;;;;Wal-Dryl-D;;;;;;;;;;;;;;;;;;;;;;
;;;;OLMEDUO;MOXICLAN;;;;Aspirin Low Dose;;;;;;;;;;;;;;;;;;;;;;;;;;;;;;;;;;;;;;;;;;;;;;;;;Mydrane;;;;;;;;;;;;;;;;;;;;;;;Despec-PDC;;;;;;;;;;;;;;;;;;;;;;
;;;;RICHSTA;INSICLAN DUO;;;;Coplavix;;;;;;;;;;;;;;;;;;;;;;;;;;;;;;;;;;;;;;;;;;;;;;;;;Retardin;;;;;;;;;;;;;;;;;;;;;;;Centergy;;;;;;;;;;;;;;;;;;;;;;
;;;;SEVISARTAN;LAMOCRIN;;;;Daily Dose Aspirin;;;;;;;;;;;;;;;;;;;;;;;;;;;;;;;;;;;;;;;;;;;;;;;;;Pyragamma;;;;;;;;;;;;;;;;;;;;;;;Tusicof;;;;;;;;;;;;;;;;;;;;;;
;;;;SOOPIA;MAXISULTAM;;;;Ascomp;;;;;;;;;;;;;;;;;;;;;;;;;;;;;;;;;;;;;;;;;;;;;;;;;Xylocitin-Cor;;;;;;;;;;;;;;;;;;;;;;;Wal-Phed PE Severe Cold;;;;;;;;;;;;;;;;;;;;;;
;;;;TELMIDUO;SULTAMOX;;;;Darvon Compound;;;;;;;;;;;;;;;;;;;;;;;;;;;;;;;;;;;;;;;;;;;;;;;;;Xylocitin-Ioc;;;;;;;;;;;;;;;;;;;;;;;Wal-Phed PE Sinus & Allergy;;;;;;;;;;;;;;;;;;;;;;
;;;;JEIFORGE;ACLA DUO;;;;Tabcin;;;;;;;;;;;;;;;;;;;;;;;;;;;;;;;;;;;;;;;;;;;;;;;;;Xyloneural;;;;;;;;;;;;;;;;;;;;;;;Wal-Tap DM;;;;;;;;;;;;;;;;;;;;;;
;;;;LEVOSARTAN;ACLAO;;;;Acetylsalicylsaeure Hermes;;;;;;;;;;;;;;;;;;;;;;;;;;;;;;;;;;;;;;;;;;;;;;;;;Afterburn;;;;;;;;;;;;;;;;;;;;;;;Alka-Seltzer Plus Severe Sinus Congestion and Cough;;;;;;;;;;;;;;;;;;;;;;
;;;;LOGIS;AMOPIDINE;;;;Acetylsalicylsaeure-Tabletten Michallik;;;;;;;;;;;;;;;;;;;;;;;;;;;;;;;;;;;;;;;;;;;;;;;;;Arrow Pneumothorax Kit;;;;;;;;;;;;;;;;;;;;;;;Prohist CD;;;;;;;;;;;;;;;;;;;;;;
;;;;LOWDIN;AMOXALIN DUO;;;;Andolor;;;;;;;;;;;;;;;;;;;;;;;;;;;;;;;;;;;;;;;;;;;;;;;;;Atelocollagen;;;;;;;;;;;;;;;;;;;;;;;Children's Mucinex Multi-Symptom Cold and Fever;;;;;;;;;;;;;;;;;;;;;;
;;;;MACHKHAN;ANTICLAN;;;;Apernyl;;;;;;;;;;;;;;;;;;;;;;;;;;;;;;;;;;;;;;;;;;;;;;;;;Arthrogram Tray;;;;;;;;;;;;;;;;;;;;;;;Robitussin Peak Cold Multi-Symptom Cold;;;;;;;;;;;;;;;;;;;;;;
;;;;NEWVIKA;AUCLATIN DUO;;;;Aspirin Complex;;;;;;;;;;;;;;;;;;;;;;;;;;;;;;;;;;;;;;;;;;;;;;;;;Burncare Kit;;;;;;;;;;;;;;;;;;;;;;;Trexbrom Reformulated Jun 2011;;;;;;;;;;;;;;;;;;;;;;
;;;;NOSK;AUGMEX;;;;Axea Ass;;;;;;;;;;;;;;;;;;;;;;;;;;;;;;;;;;;;;;;;;;;;;;;;;Caustinerf;;;;;;;;;;;;;;;;;;;;;;;Mapap Cold Formula;;;;;;;;;;;;;;;;;;;;;;
;;;;NOVASALTAN;CAMODIX DUO;;;;Apo Aspirin;;;;;;;;;;;;;;;;;;;;;;;;;;;;;;;;;;;;;;;;;;;;;;;;;Cathejell;;;;;;;;;;;;;;;;;;;;;;;Mucinex Fast-Max Cold and Sinus;;;;;;;;;;;;;;;;;;;;;;
;;;;OLODIPINE;CLABONNEO;;;;Apo Cetamol 500;;;;;;;;;;;;;;;;;;;;;;;;;;;;;;;;;;;;;;;;;;;;;;;;;Gardeners Skin Remedy;;;;;;;;;;;;;;;;;;;;;;;Nature Fusion Cold & Flu;;;;;;;;;;;;;;;;;;;;;;
;;;;ORODIPINE;CLAMOXIN NEO;;;;Ass Accedo;;;;;;;;;;;;;;;;;;;;;;;;;;;;;;;;;;;;;;;;;;;;;;;;;First Aid Spray;;;;;;;;;;;;;;;;;;;;;;;Rx-Act Children's Cold and Allergy;;;;;;;;;;;;;;;;;;;;;;
;;;;PRESTIN;CRAMON;;;;Ass Puren;;;;;;;;;;;;;;;;;;;;;;;;;;;;;;;;;;;;;;;;;;;;;;;;;Lidomyxin;;;;;;;;;;;;;;;;;;;;;;;Alka-Seltzer Plus Cough and Cold Liquigel Reformulated Aug 2011;;;;;;;;;;;;;;;;;;;;;;
;;;;SEOUL T-STA;HYCLA;;;;Ass Tad;;;;;;;;;;;;;;;;;;;;;;;;;;;;;;;;;;;;;;;;;;;;;;;;;Lidosporin;;;;;;;;;;;;;;;;;;;;;;;Rx-Act Flu & Sore Throat;;;;;;;;;;;;;;;;;;;;;;
;;;;TDSARTAN;MAXILIN DUO;;;;Axea Paracetamol;;;;;;;;;;;;;;;;;;;;;;;;;;;;;;;;;;;;;;;;;;;;;;;;;Lipsorex;;;;;;;;;;;;;;;;;;;;;;;Onetab Cold and Flu;;;;;;;;;;;;;;;;;;;;;;
;;;;TELAMPINE;MOXICLE;;;;Dolopyrin Al;;;;;;;;;;;;;;;;;;;;;;;;;;;;;;;;;;;;;;;;;;;;;;;;;Polysporin Plus Pain Relief Ear;;;;;;;;;;;;;;;;;;;;;;;Rx-Act Sinus Congestion & Pain;;;;;;;;;;;;;;;;;;;;;;
;;;;TELMIROAD;PENIMOX;;;;Disko-Ass;;;;;;;;;;;;;;;;;;;;;;;;;;;;;;;;;;;;;;;;;;;;;;;;;Ozonol;;;;;;;;;;;;;;;;;;;;;;;Rx-Act Tussin CF;;;;;;;;;;;;;;;;;;;;;;
;;;;AMLOTEN;SULBOX;;;;Herzass-Ratiopharm;;;;;;;;;;;;;;;;;;;;;;;;;;;;;;;;;;;;;;;;;;;;;;;;;Single-Shot Epidural Anesthesia Tray;;;;;;;;;;;;;;;;;;;;;;;Wal-Dryl Severe Allergy & Sinus;;;;;;;;;;;;;;;;;;;;;;
;;;;AMOSARTAN;TAMOXILIN;;;;Ortoton;;;;;;;;;;;;;;;;;;;;;;;;;;;;;;;;;;;;;;;;;;;;;;;;;Skin Envy Soothing;;;;;;;;;;;;;;;;;;;;;;;Donatussin Syrup;;;;;;;;;;;;;;;;;;;;;;
;;;;AMVALTAN;YUCLA DUO;;;;Paracet Pcm Bene;;;;;;;;;;;;;;;;;;;;;;;;;;;;;;;;;;;;;;;;;;;;;;;;;Alocane;;;;;;;;;;;;;;;;;;;;;;;Cetebe;;;;;;;;;;;;;;;;;;;;;;
;;;;BESYLSARTAN;ZAKUTEX DUO;;;;Paracet-I-Med 250;;;;;;;;;;;;;;;;;;;;;;;;;;;;;;;;;;;;;;;;;;;;;;;;;Puroxcin;;;;;;;;;;;;;;;;;;;;;;;Ditenate;;;;;;;;;;;;;;;;;;;;;;
;;;;COMBIFORGE;Nelmaubert;;;;Paracetamol + Coffein Galpharm;;;;;;;;;;;;;;;;;;;;;;;;;;;;;;;;;;;;;;;;;;;;;;;;;Relador;;;;;;;;;;;;;;;;;;;;;;;Dignowell;;;;;;;;;;;;;;;;;;;;;;
;;;;DUOSC;CLAMOXYL;;;;Paracetamol Bristol-Myers Squibb;;;;;;;;;;;;;;;;;;;;;;;;;;;;;;;;;;;;;;;;;;;;;;;;;Lidothol;;;;;;;;;;;;;;;;;;;;;;;Grippostad;;;;;;;;;;;;;;;;;;;;;;
;;;;EASY TENSION;AMOXICILLINE ACIDE CLAVULANIQUE SANDOZ;;;;Paracetamol Denk;;;;;;;;;;;;;;;;;;;;;;;;;;;;;;;;;;;;;;;;;;;;;;;;;;;;;;;;;;;;;;;;;;;;;;;;Isopto;;;;;;;;;;;;;;;;;;;;;;
;;;;ENPISTAR;AMOXICILLINE BIOGARAN;;;;Paracetamol Saft Hexal;;;;;;;;;;;;;;;;;;;;;;;;;;;;;;;;;;;;;;;;;;;;;;;;;;;;;;;;;;;;;;;;;;;;;;;;Melbit;;;;;;;;;;;;;;;;;;;;;;
;;;;EXFOL;AMOXICILLINE MYLAN;;;;Paedol;;;;;;;;;;;;;;;;;;;;;;;;;;;;;;;;;;;;;;;;;;;;;;;;;;;;;;;;;;;;;;;;;;;;;;;;Neo Mydrial;;;;;;;;;;;;;;;;;;;;;;
;;;;EXLODINE;AMOXICILLINE RPG;;;;Saridon N;;;;;;;;;;;;;;;;;;;;;;;;;;;;;;;;;;;;;;;;;;;;;;;;;;;;;;;;;;;;;;;;;;;;;;;;Sulfopecticept;;;;;;;;;;;;;;;;;;;;;;
;;;;EXPIN;AMOXICILLINE/ACIDE CLAVULANIQUE TEVA;;;;Sanocapt;;;;;;;;;;;;;;;;;;;;;;;;;;;;;;;;;;;;;;;;;;;;;;;;;;;;;;;;;;;;;;;;;;;;;;;;Wick Daymed;;;;;;;;;;;;;;;;;;;;;;
;;;;TERDIPINE;Alphamox;;;;Usambramed N;;;;;;;;;;;;;;;;;;;;;;;;;;;;;;;;;;;;;;;;;;;;;;;;;;;;;;;;;;;;;;;;;;;;;;;;Vistaprefrin;;;;;;;;;;;;;;;;;;;;;;
;;;;TESARBI;Clavam;;;;Vivimed;;;;;;;;;;;;;;;;;;;;;;;;;;;;;;;;;;;;;;;;;;;;;;;;;;;;;;;;;;;;;;;;;;;;;;;;Stona;;;;;;;;;;;;;;;;;;;;;;
;;;;TWINHIT;Clavulin;;;;Tramabian;;;;;;;;;;;;;;;;;;;;;;;;;;;;;;;;;;;;;;;;;;;;;;;;;;;;;;;;;;;;;;;;;;;;;;;;Despec EDA;;;;;;;;;;;;;;;;;;;;;;
;;;;TWYNPLUS;Ibiamox;;;;Talvosilen;;;;;;;;;;;;;;;;;;;;;;;;;;;;;;;;;;;;;;;;;;;;;;;;;;;;;;;;;;;;;;;;;;;;;;;;Carbaphen Ped CH;;;;;;;;;;;;;;;;;;;;;;
;;;;V-FORGE;Xycilan;;;;Temagin Pac;;;;;;;;;;;;;;;;;;;;;;;;;;;;;;;;;;;;;;;;;;;;;;;;;;;;;;;;;;;;;;;;;;;;;;;;Histadec DM;;;;;;;;;;;;;;;;;;;;;;
;;;;Z-TENSION;Amoxibeta;;;;Temagin-Paracetamol-Plus;;;;;;;;;;;;;;;;;;;;;;;;;;;;;;;;;;;;;;;;;;;;;;;;;;;;;;;;;;;;;;;;;;;;;;;;Norel AD;;;;;;;;;;;;;;;;;;;;;;
;;;;TWOTOPS PLUS;Amoxicillin Heumann;;;;Theracomplex Erkaeltung & Husten Sirup;;;;;;;;;;;;;;;;;;;;;;;;;;;;;;;;;;;;;;;;;;;;;;;;;;;;;;;;;;;;;;;;;;;;;;;;Dytan-D Chewable;;;;;;;;;;;;;;;;;;;;;;
;;;;VDIPINE;Amoxiclav Aristo;;;;Titretta;;;;;;;;;;;;;;;;;;;;;;;;;;;;;;;;;;;;;;;;;;;;;;;;;;;;;;;;;;;;;;;;;;;;;;;;Alka-Seltzer Plus Severe Allergy;;;;;;;;;;;;;;;;;;;;;;
;;;;VERSACHE;Infectosupramox;;;;Thomapyrin Medium;;;;;;;;;;;;;;;;;;;;;;;;;;;;;;;;;;;;;;;;;;;;;;;;;;;;;;;;;;;;;;;;;;;;;;;;Advil Allergy & Congestion Relief;;;;;;;;;;;;;;;;;;;;;;
;;;;X-LOTAN;Oxyclav;;;;Tomass;;;;;;;;;;;;;;;;;;;;;;;;;;;;;;;;;;;;;;;;;;;;;;;;;;;;;;;;;;;;;;;;;;;;;;;;GRX Hemorrhoidal;;;;;;;;;;;;;;;;;;;;;;
;;;;YUNGJIN AMLODIPINE;Omep;;;;Spalt Schmerztabletten;;;;;;;;;;;;;;;;;;;;;;;;;;;;;;;;;;;;;;;;;;;;;;;;;;;;;;;;;;;;;;;;;;;;;;;;Sudo-Tab;;;;;;;;;;;;;;;;;;;;;;
;;;;KAIROPINE;Amox S;;;;Acetylsalicylic Acid Stomach Protection;;;;;;;;;;;;;;;;;;;;;;;;;;;;;;;;;;;;;;;;;;;;;;;;;;;;;;;;;;;;;;;;;;;;;;;;COBEN;;;;;;;;;;;;;;;;;;;;;;
;;;;LODIVIKAR;Novamoxin;;;;Aspirin Extra Strength;;;;;;;;;;;;;;;;;;;;;;;;;;;;;;;;;;;;;;;;;;;;;;;;;;;;;;;;;;;;;;;;;;;;;;;;COMY;;;;;;;;;;;;;;;;;;;;;;
;;;;LOMERTAN;Hp-Pac;;;;Aspirin Migraine;;;;;;;;;;;;;;;;;;;;;;;;;;;;;;;;;;;;;;;;;;;;;;;;;;;;;;;;;;;;;;;;;;;;;;;;TROPHERIN;;;;;;;;;;;;;;;;;;;;;;
;;;;LOWFORGE;;;;;Aspirin Plus Stomach Guard;;;;;;;;;;;;;;;;;;;;;;;;;;;;;;;;;;;;;;;;;;;;;;;;;;;;;;;;;;;;;;;;;;;;;;;;KORIN;;;;;;;;;;;;;;;;;;;;;;
;;;;NOMA S;;;;;Aspirin Quick;;;;;;;;;;;;;;;;;;;;;;;;;;;;;;;;;;;;;;;;;;;;;;;;;;;;;;;;;;;;;;;;;;;;;;;;Nasopen PE;;;;;;;;;;;;;;;;;;;;;;
;;;;NOVACAN;;;;;Astrin 5gr;;;;;;;;;;;;;;;;;;;;;;;;;;;;;;;;;;;;;;;;;;;;;;;;;;;;;;;;;;;;;;;;;;;;;;;;V-Tann Suspension;;;;;;;;;;;;;;;;;;;;;;
;;;;OCTADIPINE;;;;;Asa-325 Comprimes Retard;;;;;;;;;;;;;;;;;;;;;;;;;;;;;;;;;;;;;;;;;;;;;;;;;;;;;;;;;;;;;;;;;;;;;;;;V-Tann Chewable;;;;;;;;;;;;;;;;;;;;;;
;;;;OLOTENSION;;;;;Asadol;;;;;;;;;;;;;;;;;;;;;;;;;;;;;;;;;;;;;;;;;;;;;;;;;;;;;;;;;;;;;;;;;;;;;;;;Benadryl Pe For The Family Dry Cough And Nasal Congestion;;;;;;;;;;;;;;;;;;;;;;
;;;;SEROCAR;;;;;Exact;;;;;;;;;;;;;;;;;;;;;;;;;;;;;;;;;;;;;;;;;;;;;;;;;;;;;;;;;;;;;;;;;;;;;;;;Cold And Allergy Infant'S Drops;;;;;;;;;;;;;;;;;;;;;;
;;;;SEVIKAR HCT;;;;;Extra Strength Asa;;;;;;;;;;;;;;;;;;;;;;;;;;;;;;;;;;;;;;;;;;;;;;;;;;;;;;;;;;;;;;;;;;;;;;;;Cold And Allergy Mixture;;;;;;;;;;;;;;;;;;;;;;
;;;;SKAD;;;;;Extra Strength Aspirin Backache;;;;;;;;;;;;;;;;;;;;;;;;;;;;;;;;;;;;;;;;;;;;;;;;;;;;;;;;;;;;;;;;;;;;;;;;Decongestant Medicine;;;;;;;;;;;;;;;;;;;;;;
;;;;TELMILOPINE;;;;;Dry Socket Paste;;;;;;;;;;;;;;;;;;;;;;;;;;;;;;;;;;;;;;;;;;;;;;;;;;;;;;;;;;;;;;;;;;;;;;;;Lemsip Cold And Flu;;;;;;;;;;;;;;;;;;;;;;
;;;;TELMITOSTA;;;;;Extra Strength Muscle & Back Pain Asa Methocarbamol & Acetylsalicylic Acid;;;;;;;;;;;;;;;;;;;;;;;;;;;;;;;;;;;;;;;;;;;;;;;;;;;;;;;;;;;;;;;;;;;;;;;;Kiddicol Children'S Cough Mixture;;;;;;;;;;;;;;;;;;;;;;
;;;;TELPINSTAR;;;;;Euro Asa;;;;;;;;;;;;;;;;;;;;;;;;;;;;;;;;;;;;;;;;;;;;;;;;;;;;;;;;;;;;;;;;;;;;;;;;Junior Decongestant Mixture;;;;;;;;;;;;;;;;;;;;;;
;;;;TWINCURE;;;;;Euro-Asa Ec;;;;;;;;;;;;;;;;;;;;;;;;;;;;;;;;;;;;;;;;;;;;;;;;;;;;;;;;;;;;;;;;;;;;;;;;Nasal Decongestant Pe;;;;;;;;;;;;;;;;;;;;;;
;;;;VARDIPINE;;;;;Daily Low Dose Asa;;;;;;;;;;;;;;;;;;;;;;;;;;;;;;;;;;;;;;;;;;;;;;;;;;;;;;;;;;;;;;;;;;;;;;;;Panadol Cold And Flu;;;;;;;;;;;;;;;;;;;;;;
;;;;AMLODIPINE ALMUS;;;;;Midol;;;;;;;;;;;;;;;;;;;;;;;;;;;;;;;;;;;;;;;;;;;;;;;;;;;;;;;;;;;;;;;;;;;;;;;;Sinus Pe;;;;;;;;;;;;;;;;;;;;;;
;;;;AMLODIPINE ALTER;;;;;Neo Tigol;;;;;;;;;;;;;;;;;;;;;;;;;;;;;;;;;;;;;;;;;;;;;;;;;;;;;;;;;;;;;;;;;;;;;;;;Cold And Flu Relief Pe Day And Night;;;;;;;;;;;;;;;;;;;;;;
;;;;AMLODIPINE EVOLUGEN;;;;;Muscle & Back Pain Relief;;;;;;;;;;;;;;;;;;;;;;;;;;;;;;;;;;;;;;;;;;;;;;;;;;;;;;;;;;;;;;;;;;;;;;;;Broncotron PED;;;;;;;;;;;;;;;;;;;;;;
;;;;AMLODIPINE ISOMED;;;;;Instantine;;;;;;;;;;;;;;;;;;;;;;;;;;;;;;;;;;;;;;;;;;;;;;;;;;;;;;;;;;;;;;;;;;;;;;;;Phenchlor;;;;;;;;;;;;;;;;;;;;;;
;;;;AMLODIPINE QUALIMED;;;;;Jamp-Asa Ec;;;;;;;;;;;;;;;;;;;;;;;;;;;;;;;;;;;;;;;;;;;;;;;;;;;;;;;;;;;;;;;;;;;;;;;;Histenol;;;;;;;;;;;;;;;;;;;;;;
;;;;AMLODIPINE SANDOZ;;;;;Praxis Asa Ec Daily Low Dose;;;;;;;;;;;;;;;;;;;;;;;;;;;;;;;;;;;;;;;;;;;;;;;;;;;;;;;;;;;;;;;;;;;;;;;;Conpec;;;;;;;;;;;;;;;;;;;;;;
;;;;AMLODIPINE ZENTIVA;;;;;Rivacodan;;;;;;;;;;;;;;;;;;;;;;;;;;;;;;;;;;;;;;;;;;;;;;;;;;;;;;;;;;;;;;;;;;;;;;;;Duraphen Forte;;;;;;;;;;;;;;;;;;;;;;
;;;;AMLOR;;;;;Rivasa;;;;;;;;;;;;;;;;;;;;;;;;;;;;;;;;;;;;;;;;;;;;;;;;;;;;;;;;;;;;;;;;;;;;;;;;Little Remedies for Colds Decongestant Plus Cough;;;;;;;;;;;;;;;;;;;;;;
;;;;Cadatin;;;;;Pms-Pharnal;;;;;;;;;;;;;;;;;;;;;;;;;;;;;;;;;;;;;;;;;;;;;;;;;;;;;;;;;;;;;;;;;;;;;;;;Sudafed PE Pressure Plus Pain Plus Mucus;;;;;;;;;;;;;;;;;;;;;;
;;;;Exforge HCT;;;;;Pms-Pharnal-C;;;;;;;;;;;;;;;;;;;;;;;;;;;;;;;;;;;;;;;;;;;;;;;;;;;;;;;;;;;;;;;;;;;;;;;;PediaCare Children's Multi-Symptom Cold Plus APAP;;;;;;;;;;;;;;;;;;;;;;
;;;;Amloclair;;;;;Pro-Aas;;;;;;;;;;;;;;;;;;;;;;;;;;;;;;;;;;;;;;;;;;;;;;;;;;;;;;;;;;;;;;;;;;;;;;;;Nyquil Severe Cold & Flu;;;;;;;;;;;;;;;;;;;;;;
;;;;Amlodipin Al;;;;;Pal-Pravastatin-Asa;;;;;;;;;;;;;;;;;;;;;;;;;;;;;;;;;;;;;;;;;;;;;;;;;;;;;;;;;;;;;;;;;;;;;;;;Sanatos Cold Multi-Symptom Nighttime;;;;;;;;;;;;;;;;;;;;;;
;;;;Amlodipin Aurobindo;;;;;Percodan-Dem;;;;;;;;;;;;;;;;;;;;;;;;;;;;;;;;;;;;;;;;;;;;;;;;;;;;;;;;;;;;;;;;;;;;;;;;Doregrippin;;;;;;;;;;;;;;;;;;;;;;
;;;;Amlodipin Denk;;;;;Trianal;;;;;;;;;;;;;;;;;;;;;;;;;;;;;;;;;;;;;;;;;;;;;;;;;;;;;;;;;;;;;;;;;;;;;;;;Geloprosed;;;;;;;;;;;;;;;;;;;;;;
;;;;Amlodipin Hetero;;;;;Super Extra Strength Aspirin Backache;;;;;;;;;;;;;;;;;;;;;;;;;;;;;;;;;;;;;;;;;;;;;;;;;;;;;;;;;;;;;;;;;;;;;;;;Rhinisan;;;;;;;;;;;;;;;;;;;;;;
;;;;Caramlo;;;;;Uricalm Intensive;;;;;;;;;;;;;;;;;;;;;;;;;;;;;;;;;;;;;;;;;;;;;;;;;;;;;;;;;;;;;;;;;;;;;;;;Volon;;;;;;;;;;;;;;;;;;;;;;
;;;;Stapressial;;;;;Excedrin PM Triple Action;;;;;;;;;;;;;;;;;;;;;;;;;;;;;;;;;;;;;;;;;;;;;;;;;;;;;;;;;;;;;;;;;;;;;;;;Volon A;;;;;;;;;;;;;;;;;;;;;;
;;;;Accel-Amlodipine;;;;;Vazalore;;;;;;;;;;;;;;;;;;;;;;;;;;;;;;;;;;;;;;;;;;;;;;;;;;;;;;;;;;;;;;;;;;;;;;;;Allergie Extra Fort;;;;;;;;;;;;;;;;;;;;;;
;;;;Act Amlodipine;;;;;Ass;;;;;;;;;;;;;;;;;;;;;;;;;;;;;;;;;;;;;;;;;;;;;;;;;;;;;;;;;;;;;;;;;;;;;;;;Flu Relief;;;;;;;;;;;;;;;;;;;;;;
;;;;Ag-Amlodipine;;;;;Ass Aristo;;;;;;;;;;;;;;;;;;;;;;;;;;;;;;;;;;;;;;;;;;;;;;;;;;;;;;;;;;;;;;;;;;;;;;;;Fluact;;;;;;;;;;;;;;;;;;;;;;
;;;;Amlodipine-Odan;;;;;Cloap;;;;;;;;;;;;;;;;;;;;;;;;;;;;;;;;;;;;;;;;;;;;;;;;;;;;;;;;;;;;;;;;;;;;;;;;Grippe Extra Fort Jour;;;;;;;;;;;;;;;;;;;;;;
;;;;Apo-Amlodipine;;;;;Duoprel;;;;;;;;;;;;;;;;;;;;;;;;;;;;;;;;;;;;;;;;;;;;;;;;;;;;;;;;;;;;;;;;;;;;;;;;Extra Strength Dm Cough And Cold;;;;;;;;;;;;;;;;;;;;;;
;;;;Gd-Amlodipine/Atorvastatin;;;;;Princard;;;;;;;;;;;;;;;;;;;;;;;;;;;;;;;;;;;;;;;;;;;;;;;;;;;;;;;;;;;;;;;;;;;;;;;;Daytime Sinus Relief Extra Strength Pe;;;;;;;;;;;;;;;;;;;;;;
;;;;Manda-Amlodipine;;;;;Duo Plavix;;;;;;;;;;;;;;;;;;;;;;;;;;;;;;;;;;;;;;;;;;;;;;;;;;;;;;;;;;;;;;;;;;;;;;;;Dm Cough;;;;;;;;;;;;;;;;;;;;;;
;;;;Jamp-Amlodipine;;;;;Yosprala;;;;;;;;;;;;;;;;;;;;;;;;;;;;;;;;;;;;;;;;;;;;;;;;;;;;;;;;;;;;;;;;;;;;;;;;Cough Dm-Decongestant-Expectorant Extra Strength;;;;;;;;;;;;;;;;;;;;;;
;;;;Ratio-Amlodipine;;;;;ARS;;;;;;;;;;;;;;;;;;;;;;;;;;;;;;;;;;;;;;;;;;;;;;;;;;;;;;;;;;;;;;;;;;;;;;;;Cold & Allergy Relief;;;;;;;;;;;;;;;;;;;;;;
;;;;Olmeamlo Hct;;;;;ASPIN;;;;;;;;;;;;;;;;;;;;;;;;;;;;;;;;;;;;;;;;;;;;;;;;;;;;;;;;;;;;;;;;;;;;;;;;Citron Chaud;;;;;;;;;;;;;;;;;;;;;;
;;;;Camdis;;;;;NEWSPIRIN;;;;;;;;;;;;;;;;;;;;;;;;;;;;;;;;;;;;;;;;;;;;;;;;;;;;;;;;;;;;;;;;;;;;;;;;Cold Stix;;;;;;;;;;;;;;;;;;;;;;
;;;;Amlodipin AB;;;;;OKOPIRIN;;;;;;;;;;;;;;;;;;;;;;;;;;;;;;;;;;;;;;;;;;;;;;;;;;;;;;;;;;;;;;;;;;;;;;;;Coltalin Cold & Allergy;;;;;;;;;;;;;;;;;;;;;;
;;;;Olmesartan / Amlodipine / HCT EG;;;;;TROMPIRIN;;;;;;;;;;;;;;;;;;;;;;;;;;;;;;;;;;;;;;;;;;;;;;;;;;;;;;;;;;;;;;;;;;;;;;;;Complete One Cold And Flu Pe Night;;;;;;;;;;;;;;;;;;;;;;
;;;;Perindopril / Amlodipine Krka;;;;;Nu-Seals Aspirin;;;;;;;;;;;;;;;;;;;;;;;;;;;;;;;;;;;;;;;;;;;;;;;;;;;;;;;;;;;;;;;;;;;;;;;;Day Time Softgels;;;;;;;;;;;;;;;;;;;;;;
;;;;Coramlo;;;;;Alka-Seltzer Plus Night Time;;;;;;;;;;;;;;;;;;;;;;;;;;;;;;;;;;;;;;;;;;;;;;;;;;;;;;;;;;;;;;;;;;;;;;;;Nite Time;;;;;;;;;;;;;;;;;;;;;;
;;;;S-AMLOSYL;;;;;Ascriptin;;;;;;;;;;;;;;;;;;;;;;;;;;;;;;;;;;;;;;;;;;;;;;;;;;;;;;;;;;;;;;;;;;;;;;;;Novahistex Dh;;;;;;;;;;;;;;;;;;;;;;
;;;;SEVI-M HCT;;;;;Alka-Seltzer Morning Relief;;;;;;;;;;;;;;;;;;;;;;;;;;;;;;;;;;;;;;;;;;;;;;;;;;;;;;;;;;;;;;;;;;;;;;;;Hot Colds;;;;;;;;;;;;;;;;;;;;;;
;;;;S-LODIPINE;;;;;Zorprin;;;;;;;;;;;;;;;;;;;;;;;;;;;;;;;;;;;;;;;;;;;;;;;;;;;;;;;;;;;;;;;;;;;;;;;;Hot Cough And Cold Relief Dm;;;;;;;;;;;;;;;;;;;;;;
;;;;ALONORVA;;;;;Aspergum;;;;;;;;;;;;;;;;;;;;;;;;;;;;;;;;;;;;;;;;;;;;;;;;;;;;;;;;;;;;;;;;;;;;;;;;Hot Relief;;;;;;;;;;;;;;;;;;;;;;
;;;;AMBELOTAN;;;;;Ecotrin;;;;;;;;;;;;;;;;;;;;;;;;;;;;;;;;;;;;;;;;;;;;;;;;;;;;;;;;;;;;;;;;;;;;;;;;Hot Relief-Extra Strength Pck;;;;;;;;;;;;;;;;;;;;;;
;;;;AMLODIEM;;;;;Alka-Seltzer Plus Flu;;;;;;;;;;;;;;;;;;;;;;;;;;;;;;;;;;;;;;;;;;;;;;;;;;;;;;;;;;;;;;;;;;;;;;;;Little Colds Decongestant Plus Cough;;;;;;;;;;;;;;;;;;;;;;
;;;;AMLODOWN;;;;;Percodan Reformulated May 2009;;;;;;;;;;;;;;;;;;;;;;;;;;;;;;;;;;;;;;;;;;;;;;;;;;;;;;;;;;;;;;;;;;;;;;;;Histenol;;;;;;;;;;;;;;;;;;;;;;
;;;;AMLOGOOD;;;;;Ascriptin Enteric;;;;;;;;;;;;;;;;;;;;;;;;;;;;;;;;;;;;;;;;;;;;;;;;;;;;;;;;;;;;;;;;;;;;;;;;Oral Infant Cold;;;;;;;;;;;;;;;;;;;;;;
;;;;AMLOMIN;;;;;Aspircaf;;;;;;;;;;;;;;;;;;;;;;;;;;;;;;;;;;;;;;;;;;;;;;;;;;;;;;;;;;;;;;;;;;;;;;;;Occu-Cal;;;;;;;;;;;;;;;;;;;;;;
;;;;AMVESC;;;;;CP-2;;;;;;;;;;;;;;;;;;;;;;;;;;;;;;;;;;;;;;;;;;;;;;;;;;;;;;;;;;;;;;;;;;;;;;;;Odan-Phenylephrine;;;;;;;;;;;;;;;;;;;;;;
;;;;ATOVADIPINE;;;;;Endodan;;;;;;;;;;;;;;;;;;;;;;;;;;;;;;;;;;;;;;;;;;;;;;;;;;;;;;;;;;;;;;;;;;;;;;;;Odan-Vernacon;;;;;;;;;;;;;;;;;;;;;;
;;;;BEROSARTAN;;;;;Emagrin;;;;;;;;;;;;;;;;;;;;;;;;;;;;;;;;;;;;;;;;;;;;;;;;;;;;;;;;;;;;;;;;;;;;;;;;Tantapp;;;;;;;;;;;;;;;;;;;;;;
;;;;CALOPINE;;;;;Excedrin;;;;;;;;;;;;;;;;;;;;;;;;;;;;;;;;;;;;;;;;;;;;;;;;;;;;;;;;;;;;;;;;;;;;;;;;Sinus Extra Fort Nuit;;;;;;;;;;;;;;;;;;;;;;
;;;;CITFORGE;;;;;Genacote;;;;;;;;;;;;;;;;;;;;;;;;;;;;;;;;;;;;;;;;;;;;;;;;;;;;;;;;;;;;;;;;;;;;;;;;Alka-Seltzer Plus Day Cold and Flu;;;;;;;;;;;;;;;;;;;;;;
;;;;DOUBLESTAR;;;;;Genasan;;;;;;;;;;;;;;;;;;;;;;;;;;;;;;;;;;;;;;;;;;;;;;;;;;;;;;;;;;;;;;;;;;;;;;;;Tylenol Sinus Congestion & Pain Nighttime;;;;;;;;;;;;;;;;;;;;;;
;;;;DUOACTIN;;;;;Genprin;;;;;;;;;;;;;;;;;;;;;;;;;;;;;;;;;;;;;;;;;;;;;;;;;;;;;;;;;;;;;;;;;;;;;;;;Vazotab Reformulated Dec 2013;;;;;;;;;;;;;;;;;;;;;;
;;;;ESBAPIN;;;;;Micrainin;;;;;;;;;;;;;;;;;;;;;;;;;;;;;;;;;;;;;;;;;;;;;;;;;;;;;;;;;;;;;;;;;;;;;;;;Coltalin Cold & Flu;;;;;;;;;;;;;;;;;;;;;;
;;;;ESCA HCT;;;;;Momentum tradename;;;;;;;;;;;;;;;;;;;;;;;;;;;;;;;;;;;;;;;;;;;;;;;;;;;;;;;;;;;;;;;;;;;;;;;;Nikzon;;;;;;;;;;;;;;;;;;;;;;
;;;;EXVALTAN;;;;;P-A-C Analgesic;;;;;;;;;;;;;;;;;;;;;;;;;;;;;;;;;;;;;;;;;;;;;;;;;;;;;;;;;;;;;;;;;;;;;;;;Histex PE;;;;;;;;;;;;;;;;;;;;;;
;;;;HIROTEN;;;;;Saleto;;;;;;;;;;;;;;;;;;;;;;;;;;;;;;;;;;;;;;;;;;;;;;;;;;;;;;;;;;;;;;;;;;;;;;;;Duravent DM;;;;;;;;;;;;;;;;;;;;;;
;;;;LOWVIKAR HCT;;;;;Soma Compound with Codeine;;;;;;;;;;;;;;;;;;;;;;;;;;;;;;;;;;;;;;;;;;;;;;;;;;;;;;;;;;;;;;;;;;;;;;;;Qlearquil Daytime Sinus & Congestion;;;;;;;;;;;;;;;;;;;;;;
;;;;NEOSTAR;;;;;Uni-Tren;;;;;;;;;;;;;;;;;;;;;;;;;;;;;;;;;;;;;;;;;;;;;;;;;;;;;;;;;;;;;;;;;;;;;;;;Alka-Seltzer Plus Cold Non-Drowsy;;;;;;;;;;;;;;;;;;;;;;
;;;;NEUSTATIN TS;;;;;Ursinus;;;;;;;;;;;;;;;;;;;;;;;;;;;;;;;;;;;;;;;;;;;;;;;;;;;;;;;;;;;;;;;;;;;;;;;;Omidria;;;;;;;;;;;;;;;;;;;;;;
;;;;NOBAS;;;;;Valomag;;;;;;;;;;;;;;;;;;;;;;;;;;;;;;;;;;;;;;;;;;;;;;;;;;;;;;;;;;;;;;;;;;;;;;;;Cotalin-DM;;;;;;;;;;;;;;;;;;;;;;
;;;;NOVACADIN;;;;;Vanquish;;;;;;;;;;;;;;;;;;;;;;;;;;;;;;;;;;;;;;;;;;;;;;;;;;;;;;;;;;;;;;;;;;;;;;;;Histex AC;;;;;;;;;;;;;;;;;;;;;;
;;;;OLDIPI;;;;;Cope brand of aspirin-caffeine;;;;;;;;;;;;;;;;;;;;;;;;;;;;;;;;;;;;;;;;;;;;;;;;;;;;;;;;;;;;;;;;;;;;;;;;Cold And Cough;;;;;;;;;;;;;;;;;;;;;;
;;;;SEBACO;;;;;Claradin;;;;;;;;;;;;;;;;;;;;;;;;;;;;;;;;;;;;;;;;;;;;;;;;;;;;;;;;;;;;;;;;;;;;;;;;Biorphen;;;;;;;;;;;;;;;;;;;;;;
;;;;SIAMPIN;;;;;Palaprin Forte;;;;;;;;;;;;;;;;;;;;;;;;;;;;;;;;;;;;;;;;;;;;;;;;;;;;;;;;;;;;;;;;;;;;;;;;Phenylephrine Unimedic;;;;;;;;;;;;;;;;;;;;;;
;;;;TELLOTWIN;;;;;Bayer Back and Body Pain;;;;;;;;;;;;;;;;;;;;;;;;;;;;;;;;;;;;;;;;;;;;;;;;;;;;;;;;;;;;;;;;;;;;;;;;Vanatab DM;;;;;;;;;;;;;;;;;;;;;;
;;;;TELMIDIPINE R;;;;;Goody's Extra Strength;;;;;;;;;;;;;;;;;;;;;;;;;;;;;;;;;;;;;;;;;;;;;;;;;;;;;;;;;;;;;;;;;;;;;;;;Sudafed PE Sinus Congestion plus Allergy;;;;;;;;;;;;;;;;;;;;;;
;;;;TELTANSTAR;;;;;Perfalgan;;;;;;;;;;;;;;;;;;;;;;;;;;;;;;;;;;;;;;;;;;;;;;;;;;;;;;;;;;;;;;;;;;;;;;;;Wal-Phed PE Sinus Headache;;;;;;;;;;;;;;;;;;;;;;
;;;;TOSTAPIN;;;;;Paramed Extra Power Pain Control;;;;;;;;;;;;;;;;;;;;;;;;;;;;;;;;;;;;;;;;;;;;;;;;;;;;;;;;;;;;;;;;;;;;;;;;BIPRIN;;;;;;;;;;;;;;;;;;;;;;
;;;;TWINTELLA;;;;;Alka Rapid Crystals;;;;;;;;;;;;;;;;;;;;;;;;;;;;;;;;;;;;;;;;;;;;;;;;;;;;;;;;;;;;;;;;;;;;;;;;COL AND CO;;;;;;;;;;;;;;;;;;;;;;
;;;;TWINURO;;;;;Lloydspharmacy Extra Power Pain Reliever;;;;;;;;;;;;;;;;;;;;;;;;;;;;;;;;;;;;;;;;;;;;;;;;;;;;;;;;;;;;;;;;;;;;;;;;Vazotuss HC;;;;;;;;;;;;;;;;;;;;;;
;;;;TWOTENSION;;;;;Boots Aspirin;;;;;;;;;;;;;;;;;;;;;;;;;;;;;;;;;;;;;;;;;;;;;;;;;;;;;;;;;;;;;;;;;;;;;;;;B-Tuss;;;;;;;;;;;;;;;;;;;;;;
;;;;UROSARTAN;;;;;Nurse Sykes;;;;;;;;;;;;;;;;;;;;;;;;;;;;;;;;;;;;;;;;;;;;;;;;;;;;;;;;;;;;;;;;;;;;;;;;Medent-PE;;;;;;;;;;;;;;;;;;;;;;
;;;;WORLD FORGE;;;;;Maximum Strength Aspro Cl;;;;;;;;;;;;;;;;;;;;;;;;;;;;;;;;;;;;;;;;;;;;;;;;;;;;;;;;;;;;;;;;;;;;;;;;Mydex;;;;;;;;;;;;;;;;;;;;;;
;;;;Micatrio;;;;;Beechams Powders;;;;;;;;;;;;;;;;;;;;;;;;;;;;;;;;;;;;;;;;;;;;;;;;;;;;;;;;;;;;;;;;;;;;;;;;Excedrin Sinus Headache;;;;;;;;;;;;;;;;;;;;;;
;;;;Aimix;;;;;Pure Health Aspirin;;;;;;;;;;;;;;;;;;;;;;;;;;;;;;;;;;;;;;;;;;;;;;;;;;;;;;;;;;;;;;;;;;;;;;;;Levall 5.0;;;;;;;;;;;;;;;;;;;;;;
;;;;Xuanning;;;;;Asphanate;;;;;;;;;;;;;;;;;;;;;;;;;;;;;;;;;;;;;;;;;;;;;;;;;;;;;;;;;;;;;;;;;;;;;;;;MonteCough;;;;;;;;;;;;;;;;;;;;;;
;;;;Liside;;;;;Bayaspirin;;;;;;;;;;;;;;;;;;;;;;;;;;;;;;;;;;;;;;;;;;;;;;;;;;;;;;;;;;;;;;;;;;;;;;;;Bromhist PDX Syrup;;;;;;;;;;;;;;;;;;;;;;
;;;;Fuluoqing;;;;;RESITUNE;;;;;;;;;;;;;;;;;;;;;;;;;;;;;;;;;;;;;;;;;;;;;;;;;;;;;;;;;;;;;;;;;;;;;;;;Tannate-12 Susp;;;;;;;;;;;;;;;;;;;;;;
;;;;Forzaten / HCT;;;;;Saining;;;;;;;;;;;;;;;;;;;;;;;;;;;;;;;;;;;;;;;;;;;;;;;;;;;;;;;;;;;;;;;;;;;;;;;;R-Tannic-S A/D;;;;;;;;;;;;;;;;;;;;;;
;;;;Amlogal;;;;;Shitaile;;;;;;;;;;;;;;;;;;;;;;;;;;;;;;;;;;;;;;;;;;;;;;;;;;;;;;;;;;;;;;;;;;;;;;;;Refenesen PE;;;;;;;;;;;;;;;;;;;;;;
;;;;Amlodipine Apotex;;;;;Peibijia;;;;;;;;;;;;;;;;;;;;;;;;;;;;;;;;;;;;;;;;;;;;;;;;;;;;;;;;;;;;;;;;;;;;;;;;Robitussin Pediatric Cough & Cold Nighttime;;;;;;;;;;;;;;;;;;;;;;
;;;;Forzaten;;;;;Hengyi;;;;;;;;;;;;;;;;;;;;;;;;;;;;;;;;;;;;;;;;;;;;;;;;;;;;;;;;;;;;;;;;;;;;;;;;Comtrex Cold and Cough Nighttime;;;;;;;;;;;;;;;;;;;;;;
;;;;Rosulod;;;;;Xiemeida;;;;;;;;;;;;;;;;;;;;;;;;;;;;;;;;;;;;;;;;;;;;;;;;;;;;;;;;;;;;;;;;;;;;;;;;Carbatuss-12;;;;;;;;;;;;;;;;;;;;;;
;;;;Olmesartan / Amlodipine Krka;;;;;Zilin;;;;;;;;;;;;;;;;;;;;;;;;;;;;;;;;;;;;;;;;;;;;;;;;;;;;;;;;;;;;;;;;;;;;;;;;Carbatuss-CL;;;;;;;;;;;;;;;;;;;;;;
;;;;Olmesartan / Amlodipine EG;;;;;Tailin;;;;;;;;;;;;;;;;;;;;;;;;;;;;;;;;;;;;;;;;;;;;;;;;;;;;;;;;;;;;;;;;;;;;;;;;Triaminic Thin Strips Cold;;;;;;;;;;;;;;;;;;;;;;
;;;;Amlodipin Acino;;;;;Meilante;;;;;;;;;;;;;;;;;;;;;;;;;;;;;;;;;;;;;;;;;;;;;;;;;;;;;;;;;;;;;;;;;;;;;;;;Pyrlex PD;;;;;;;;;;;;;;;;;;;;;;
;;;;Amlodipin Actavis;;;;;Yixinxue;;;;;;;;;;;;;;;;;;;;;;;;;;;;;;;;;;;;;;;;;;;;;;;;;;;;;;;;;;;;;;;;;;;;;;;;D-Phen;;;;;;;;;;;;;;;;;;;;;;
;;;;Amlodipin Ivax;;;;;Jiayike;;;;;;;;;;;;;;;;;;;;;;;;;;;;;;;;;;;;;;;;;;;;;;;;;;;;;;;;;;;;;;;;;;;;;;;;Naldecon;;;;;;;;;;;;;;;;;;;;;;
;;;;Amlodipin Ksk;;;;;Acetylsalicylic Acid Krka;;;;;;;;;;;;;;;;;;;;;;;;;;;;;;;;;;;;;;;;;;;;;;;;;;;;;;;;;;;;;;;;;;;;;;;;Seradex;;;;;;;;;;;;;;;;;;;;;;
;;;;Amlo Teva;;;;;Troc;;;;;;;;;;;;;;;;;;;;;;;;;;;;;;;;;;;;;;;;;;;;;;;;;;;;;;;;;;;;;;;;;;;;;;;;Allerx Suspension Reformulated Jul 2007;;;;;;;;;;;;;;;;;;;;;;
;;;;Amlobesilat Sandoz;;;;;Alka-Seltzer Plus Cold Reformulated Oct 2009;;;;;;;;;;;;;;;;;;;;;;;;;;;;;;;;;;;;;;;;;;;;;;;;;;;;;;;;;;;;;;;;;;;;;;;;Dallergy-JR Reformulated Feb 2009;;;;;;;;;;;;;;;;;;;;;;
;;;;AMS;;;;;Migralex;;;;;;;;;;;;;;;;;;;;;;;;;;;;;;;;;;;;;;;;;;;;;;;;;;;;;;;;;;;;;;;;;;;;;;;;Respahist II;;;;;;;;;;;;;;;;;;;;;;
;;;;A-DIPINE;;;;;Aspav;;;;;;;;;;;;;;;;;;;;;;;;;;;;;;;;;;;;;;;;;;;;;;;;;;;;;;;;;;;;;;;;;;;;;;;;Endal-HD Reformulated Nov 2007;;;;;;;;;;;;;;;;;;;;;;
;;;;AMOLVIKAR;;;;;Aspirin C;;;;;;;;;;;;;;;;;;;;;;;;;;;;;;;;;;;;;;;;;;;;;;;;;;;;;;;;;;;;;;;;;;;;;;;;Zotex HC;;;;;;;;;;;;;;;;;;;;;;
;;;;AMVARTAN;;;;;Aspirine M;;;;;;;;;;;;;;;;;;;;;;;;;;;;;;;;;;;;;;;;;;;;;;;;;;;;;;;;;;;;;;;;;;;;;;;;Brovex DM;;;;;;;;;;;;;;;;;;;;;;
;;;;ANYDIPINE;;;;;Aspirine Rk;;;;;;;;;;;;;;;;;;;;;;;;;;;;;;;;;;;;;;;;;;;;;;;;;;;;;;;;;;;;;;;;;;;;;;;;ExeTuss-GP;;;;;;;;;;;;;;;;;;;;;;
;;;;CARDIPAIR;;;;;Aspirine Tk;;;;;;;;;;;;;;;;;;;;;;;;;;;;;;;;;;;;;;;;;;;;;;;;;;;;;;;;;;;;;;;;;;;;;;;;Entex Capsule;;;;;;;;;;;;;;;;;;;;;;
;;;;CMG AMLODIPINE;;;;;Aspirine Vp;;;;;;;;;;;;;;;;;;;;;;;;;;;;;;;;;;;;;;;;;;;;;;;;;;;;;;;;;;;;;;;;;;;;;;;;Entex Liquid Reformulated Feb 2008;;;;;;;;;;;;;;;;;;;;;;
;;;;CODUWON;;;;;Aspisol;;;;;;;;;;;;;;;;;;;;;;;;;;;;;;;;;;;;;;;;;;;;;;;;;;;;;;;;;;;;;;;;;;;;;;;;Donatussin DM Drops;;;;;;;;;;;;;;;;;;;;;;
;;;;DOUBLEFORGE;;;;;Ass Abz;;;;;;;;;;;;;;;;;;;;;;;;;;;;;;;;;;;;;;;;;;;;;;;;;;;;;;;;;;;;;;;;;;;;;;;;Poly Hist Forte Reformulated Feb 2008;;;;;;;;;;;;;;;;;;;;;;
;;;;DUALSTA;;;;;Ass Actavis;;;;;;;;;;;;;;;;;;;;;;;;;;;;;;;;;;;;;;;;;;;;;;;;;;;;;;;;;;;;;;;;;;;;;;;;Drize-R;;;;;;;;;;;;;;;;;;;;;;
;;;;EMDIPIN S;;;;;Ass Kreuz;;;;;;;;;;;;;;;;;;;;;;;;;;;;;;;;;;;;;;;;;;;;;;;;;;;;;;;;;;;;;;;;;;;;;;;;Preparation H;;;;;;;;;;;;;;;;;;;;;;
;;;;EXIVITAN;;;;;Ass Protectid;;;;;;;;;;;;;;;;;;;;;;;;;;;;;;;;;;;;;;;;;;;;;;;;;;;;;;;;;;;;;;;;;;;;;;;;Maxiphen CD;;;;;;;;;;;;;;;;;;;;;;
;;;;EXPINTAN;;;;;Ass Sophien;;;;;;;;;;;;;;;;;;;;;;;;;;;;;;;;;;;;;;;;;;;;;;;;;;;;;;;;;;;;;;;;;;;;;;;;Zotex PE;;;;;;;;;;;;;;;;;;;;;;
;;;;NOMALOPINE;;;;;Asa Atid;;;;;;;;;;;;;;;;;;;;;;;;;;;;;;;;;;;;;;;;;;;;;;;;;;;;;;;;;;;;;;;;;;;;;;;;Vanacof;;;;;;;;;;;;;;;;;;;;;;
;;;;NOVACOT;;;;;Bersicaran;;;;;;;;;;;;;;;;;;;;;;;;;;;;;;;;;;;;;;;;;;;;;;;;;;;;;;;;;;;;;;;;;;;;;;;;Afrin Nasal;;;;;;;;;;;;;;;;;;;;;;
;;;;ONEDUET;;;;;Bonfal;;;;;;;;;;;;;;;;;;;;;;;;;;;;;;;;;;;;;;;;;;;;;;;;;;;;;;;;;;;;;;;;;;;;;;;;Coldex;;;;;;;;;;;;;;;;;;;;;;
;;;;ROASARTAN;;;;;Contraneural;;;;;;;;;;;;;;;;;;;;;;;;;;;;;;;;;;;;;;;;;;;;;;;;;;;;;;;;;;;;;;;;;;;;;;;;Coldtuss DR;;;;;;;;;;;;;;;;;;;;;;
;;;;SEVITEC;;;;;Dolo Certonal;;;;;;;;;;;;;;;;;;;;;;;;;;;;;;;;;;;;;;;;;;;;;;;;;;;;;;;;;;;;;;;;;;;;;;;;Rynatan;;;;;;;;;;;;;;;;;;;;;;
;;;;TELOSTAN;;;;;Eu Med;;;;;;;;;;;;;;;;;;;;;;;;;;;;;;;;;;;;;;;;;;;;;;;;;;;;;;;;;;;;;;;;;;;;;;;;Tannate V DM;;;;;;;;;;;;;;;;;;;;;;
;;;;TWOMIX;;;;;Fineural Ass;;;;;;;;;;;;;;;;;;;;;;;;;;;;;;;;;;;;;;;;;;;;;;;;;;;;;;;;;;;;;;;;;;;;;;;;Duratuss GP Reformulated Sep 2008;;;;;;;;;;;;;;;;;;;;;;
;;;;UNASC;;;;;Foenal;;;;;;;;;;;;;;;;;;;;;;;;;;;;;;;;;;;;;;;;;;;;;;;;;;;;;;;;;;;;;;;;;;;;;;;;Theraflu Cold & Sore Throat Reformulated Sep 2008;;;;;;;;;;;;;;;;;;;;;;
;;;;UNIFORGE;;;;;Ha Etten N;;;;;;;;;;;;;;;;;;;;;;;;;;;;;;;;;;;;;;;;;;;;;;;;;;;;;;;;;;;;;;;;;;;;;;;;GDP EX;;;;;;;;;;;;;;;;;;;;;;
;;;;VISFORGE;;;;;Grippo;;;;;;;;;;;;;;;;;;;;;;;;;;;;;;;;;;;;;;;;;;;;;;;;;;;;;;;;;;;;;;;;;;;;;;;;Hydron CP;;;;;;;;;;;;;;;;;;;;;;
;;;;WYDIPINE;;;;;Halgon;;;;;;;;;;;;;;;;;;;;;;;;;;;;;;;;;;;;;;;;;;;;;;;;;;;;;;;;;;;;;;;;;;;;;;;;PediaCare Infant Decongestant & Cough Reformulated Oct 2008;;;;;;;;;;;;;;;;;;;;;;
;;;;AD-S;;;;;Klar;;;;;;;;;;;;;;;;;;;;;;;;;;;;;;;;;;;;;;;;;;;;;;;;;;;;;;;;;;;;;;;;;;;;;;;;Vanex Forte-D;;;;;;;;;;;;;;;;;;;;;;
;;;;AM;;;;;Margaris;;;;;;;;;;;;;;;;;;;;;;;;;;;;;;;;;;;;;;;;;;;;;;;;;;;;;;;;;;;;;;;;;;;;;;;;Guaifed PD Reformulated Nov 2008;;;;;;;;;;;;;;;;;;;;;;
;;;;AMLOL;;;;;Migraeflux;;;;;;;;;;;;;;;;;;;;;;;;;;;;;;;;;;;;;;;;;;;;;;;;;;;;;;;;;;;;;;;;;;;;;;;;Aquatab D Reformulated Dec 2008;;;;;;;;;;;;;;;;;;;;;;
;;;;AMLOPAN;;;;;Migraene Dolviran;;;;;;;;;;;;;;;;;;;;;;;;;;;;;;;;;;;;;;;;;;;;;;;;;;;;;;;;;;;;;;;;;;;;;;;;Dimetapp Nighttime Cold & Congestion;;;;;;;;;;;;;;;;;;;;;;
;;;;AMLOSARTAN;;;;;Monobeltin;;;;;;;;;;;;;;;;;;;;;;;;;;;;;;;;;;;;;;;;;;;;;;;;;;;;;;;;;;;;;;;;;;;;;;;;Medent-PEI;;;;;;;;;;;;;;;;;;;;;;
;;;;ARB-TS;;;;;Neuradolor;;;;;;;;;;;;;;;;;;;;;;;;;;;;;;;;;;;;;;;;;;;;;;;;;;;;;;;;;;;;;;;;;;;;;;;;Duraphen DM;;;;;;;;;;;;;;;;;;;;;;
;;;;AVALTAN;;;;;Neuranidal;;;;;;;;;;;;;;;;;;;;;;;;;;;;;;;;;;;;;;;;;;;;;;;;;;;;;;;;;;;;;;;;;;;;;;;;Dynatuss HC;;;;;;;;;;;;;;;;;;;;;;
;;;;AVATIN PLUS;;;;;Octadon;;;;;;;;;;;;;;;;;;;;;;;;;;;;;;;;;;;;;;;;;;;;;;;;;;;;;;;;;;;;;;;;;;;;;;;;Lortuss HC;;;;;;;;;;;;;;;;;;;;;;
;;;;BESANDROPIN;;;;;Pantomeda;;;;;;;;;;;;;;;;;;;;;;;;;;;;;;;;;;;;;;;;;;;;;;;;;;;;;;;;;;;;;;;;;;;;;;;;Mintuss MR;;;;;;;;;;;;;;;;;;;;;;
;;;;DUVIKAR;;;;;Praecimed;;;;;;;;;;;;;;;;;;;;;;;;;;;;;;;;;;;;;;;;;;;;;;;;;;;;;;;;;;;;;;;;;;;;;;;;Viravan-T;;;;;;;;;;;;;;;;;;;;;;
;;;;E-DIPINE;;;;;Praecineural;;;;;;;;;;;;;;;;;;;;;;;;;;;;;;;;;;;;;;;;;;;;;;;;;;;;;;;;;;;;;;;;;;;;;;;;Tussi-12 Suspension;;;;;;;;;;;;;;;;;;;;;;
;;;;ALL-DUO;;;;;Polyneural;;;;;;;;;;;;;;;;;;;;;;;;;;;;;;;;;;;;;;;;;;;;;;;;;;;;;;;;;;;;;;;;;;;;;;;;Ed-Tuss HC;;;;;;;;;;;;;;;;;;;;;;
;;;;AMBEZ;;;;;Para Phamos;;;;;;;;;;;;;;;;;;;;;;;;;;;;;;;;;;;;;;;;;;;;;;;;;;;;;;;;;;;;;;;;;;;;;;;;Respa-A.R.M.;;;;;;;;;;;;;;;;;;;;;;
;;;;AMDOSAR;;;;;Paracetamol Al;;;;;;;;;;;;;;;;;;;;;;;;;;;;;;;;;;;;;;;;;;;;;;;;;;;;;;;;;;;;;;;;;;;;;;;;Uni Decon;;;;;;;;;;;;;;;;;;;;;;
;;;;AMLOPIN;;;;;Protectin Opt;;;;;;;;;;;;;;;;;;;;;;;;;;;;;;;;;;;;;;;;;;;;;;;;;;;;;;;;;;;;;;;;;;;;;;;;AK-Dilate;;;;;;;;;;;;;;;;;;;;;;
;;;;BEARSARTAN;;;;;Siguran;;;;;;;;;;;;;;;;;;;;;;;;;;;;;;;;;;;;;;;;;;;;;;;;;;;;;;;;;;;;;;;;;;;;;;;;Chlorgest HD;;;;;;;;;;;;;;;;;;;;;;
;;;;DISSARTAN;;;;;Santasal N;;;;;;;;;;;;;;;;;;;;;;;;;;;;;;;;;;;;;;;;;;;;;;;;;;;;;;;;;;;;;;;;;;;;;;;;Chlorphen HD;;;;;;;;;;;;;;;;;;;;;;
;;;;DUAL DOWN;;;;;Sonopain;;;;;;;;;;;;;;;;;;;;;;;;;;;;;;;;;;;;;;;;;;;;;;;;;;;;;;;;;;;;;;;;;;;;;;;;Colrex;;;;;;;;;;;;;;;;;;;;;;
;;;;DUAL-X;;;;;Thomapyrin C;;;;;;;;;;;;;;;;;;;;;;;;;;;;;;;;;;;;;;;;;;;;;;;;;;;;;;;;;;;;;;;;;;;;;;;;Amidal brand of guaifenesin-phenylephrine hydrochloride;;;;;;;;;;;;;;;;;;;;;;
;;;;J-TENSION;;;;;Temagin Ass;;;;;;;;;;;;;;;;;;;;;;;;;;;;;;;;;;;;;;;;;;;;;;;;;;;;;;;;;;;;;;;;;;;;;;;;Dallergy;;;;;;;;;;;;;;;;;;;;;;
;;;;LOSADIPINE;;;;;Trineral;;;;;;;;;;;;;;;;;;;;;;;;;;;;;;;;;;;;;;;;;;;;;;;;;;;;;;;;;;;;;;;;;;;;;;;;Entex Liquid;;;;;;;;;;;;;;;;;;;;;;
;;;;LOSARDIPINE;;;;;Waucopyrin;;;;;;;;;;;;;;;;;;;;;;;;;;;;;;;;;;;;;;;;;;;;;;;;;;;;;;;;;;;;;;;;;;;;;;;;Donatussin DC;;;;;;;;;;;;;;;;;;;;;;
;;;;MAXFORGE;;;;;Wick Medinait;;;;;;;;;;;;;;;;;;;;;;;;;;;;;;;;;;;;;;;;;;;;;;;;;;;;;;;;;;;;;;;;;;;;;;;;Donatussin Pediatric;;;;;;;;;;;;;;;;;;;;;;
;;;;MEDILOTEN;;;;;Asperdrink;;;;;;;;;;;;;;;;;;;;;;;;;;;;;;;;;;;;;;;;;;;;;;;;;;;;;;;;;;;;;;;;;;;;;;;;Phenergan VC;;;;;;;;;;;;;;;;;;;;;;
;;;;NORVAC;;;;;Arthriten Inflammatory Pain;;;;;;;;;;;;;;;;;;;;;;;;;;;;;;;;;;;;;;;;;;;;;;;;;;;;;;;;;;;;;;;;;;;;;;;;Duo-Medihaler;;;;;;;;;;;;;;;;;;;;;;
;;;;NOVAGEN;;;;;ANAVIX DUO;;;;;;;;;;;;;;;;;;;;;;;;;;;;;;;;;;;;;;;;;;;;;;;;;;;;;;;;;;;;;;;;;;;;;;;;Dura-Gest;;;;;;;;;;;;;;;;;;;;;;
;;;;OLPIN;;;;;APYDAMOLE;;;;;;;;;;;;;;;;;;;;;;;;;;;;;;;;;;;;;;;;;;;;;;;;;;;;;;;;;;;;;;;;;;;;;;;;Dura-Vent/DA;;;;;;;;;;;;;;;;;;;;;;
;;;;ROVADIPIN-S;;;;;BORYUNG ASTRIX;;;;;;;;;;;;;;;;;;;;;;;;;;;;;;;;;;;;;;;;;;;;;;;;;;;;;;;;;;;;;;;;;;;;;;;;Endal;;;;;;;;;;;;;;;;;;;;;;
;;;;S-DUOACTIN;;;;;PIDOGUL A;;;;;;;;;;;;;;;;;;;;;;;;;;;;;;;;;;;;;;;;;;;;;;;;;;;;;;;;;;;;;;;;;;;;;;;;Enplus-HD;;;;;;;;;;;;;;;;;;;;;;
;;;;S-LOPINE;;;;;STROXSTAR;;;;;;;;;;;;;;;;;;;;;;;;;;;;;;;;;;;;;;;;;;;;;;;;;;;;;;;;;;;;;;;;;;;;;;;;Entac;;;;;;;;;;;;;;;;;;;;;;
;;;;TELMISTAN;;;;;YOUTHPIREL;;;;;;;;;;;;;;;;;;;;;;;;;;;;;;;;;;;;;;;;;;;;;;;;;;;;;;;;;;;;;;;;;;;;;;;;Equi-Tex;;;;;;;;;;;;;;;;;;;;;;
;;;;IMPRIDA;;;;;ARTEBIN;;;;;;;;;;;;;;;;;;;;;;;;;;;;;;;;;;;;;;;;;;;;;;;;;;;;;;;;;;;;;;;;;;;;;;;;Fentex;;;;;;;;;;;;;;;;;;;;;;
;;;;J-VIKA;;;;;ARTHALGYL;;;;;;;;;;;;;;;;;;;;;;;;;;;;;;;;;;;;;;;;;;;;;;;;;;;;;;;;;;;;;;;;;;;;;;;;H-C Tussive;;;;;;;;;;;;;;;;;;;;;;
;;;;MEDIPIN;;;;;ASATOP;;;;;;;;;;;;;;;;;;;;;;;;;;;;;;;;;;;;;;;;;;;;;;;;;;;;;;;;;;;;;;;;;;;;;;;;Hyco-DH;;;;;;;;;;;;;;;;;;;;;;
;;;;NAVANEL;;;;;ASEN;;;;;;;;;;;;;;;;;;;;;;;;;;;;;;;;;;;;;;;;;;;;;;;;;;;;;;;;;;;;;;;;;;;;;;;;PHENAVENT;;;;;;;;;;;;;;;;;;;;;;
;;;;NEW DQFOS;;;;;CLPIRIN;;;;;;;;;;;;;;;;;;;;;;;;;;;;;;;;;;;;;;;;;;;;;;;;;;;;;;;;;;;;;;;;;;;;;;;;HIST-PLUS;;;;;;;;;;;;;;;;;;;;;;
;;;;NEWGENFORGE;;;;;ASPHERE;;;;;;;;;;;;;;;;;;;;;;;;;;;;;;;;;;;;;;;;;;;;;;;;;;;;;;;;;;;;;;;;;;;;;;;;PHEN-TUSS AD;;;;;;;;;;;;;;;;;;;;;;
;;;;NEWPEX DUO;;;;;ASPIGEL;;;;;;;;;;;;;;;;;;;;;;;;;;;;;;;;;;;;;;;;;;;;;;;;;;;;;;;;;;;;;;;;;;;;;;;;Pendex;;;;;;;;;;;;;;;;;;;;;;
;;;;NO TENSION;;;;;CLOZEX PLUS;;;;;;;;;;;;;;;;;;;;;;;;;;;;;;;;;;;;;;;;;;;;;;;;;;;;;;;;;;;;;;;;;;;;;;;;Tanni-Hist 12;;;;;;;;;;;;;;;;;;;;;;
;;;;NOVADIPIN;;;;;NEWPIDO A;;;;;;;;;;;;;;;;;;;;;;;;;;;;;;;;;;;;;;;;;;;;;;;;;;;;;;;;;;;;;;;;;;;;;;;;Deconex;;;;;;;;;;;;;;;;;;;;;;
;;;;OLMECFORCE;;;;;NEXPHIN;;;;;;;;;;;;;;;;;;;;;;;;;;;;;;;;;;;;;;;;;;;;;;;;;;;;;;;;;;;;;;;;;;;;;;;;Rhinacon DH;;;;;;;;;;;;;;;;;;;;;;
;;;;S DIPIN;;;;;ASCOOL;;;;;;;;;;;;;;;;;;;;;;;;;;;;;;;;;;;;;;;;;;;;;;;;;;;;;;;;;;;;;;;;;;;;;;;;Nescon PD;;;;;;;;;;;;;;;;;;;;;;
;;;;TELMINSTA;;;;;ASP;;;;;;;;;;;;;;;;;;;;;;;;;;;;;;;;;;;;;;;;;;;;;;;;;;;;;;;;;;;;;;;;;;;;;;;;Maxi-Tuss HC;;;;;;;;;;;;;;;;;;;;;;
;;;;ADUO;;;;;ASPIBA;;;;;;;;;;;;;;;;;;;;;;;;;;;;;;;;;;;;;;;;;;;;;;;;;;;;;;;;;;;;;;;;;;;;;;;;Norel SR;;;;;;;;;;;;;;;;;;;;;;
;;;;A-PINE;;;;;ASTECTION;;;;;;;;;;;;;;;;;;;;;;;;;;;;;;;;;;;;;;;;;;;;;;;;;;;;;;;;;;;;;;;;;;;;;;;;Betatan;;;;;;;;;;;;;;;;;;;;;;
;;;;CANTABELL;;;;;CLOBONS-A;;;;;;;;;;;;;;;;;;;;;;;;;;;;;;;;;;;;;;;;;;;;;;;;;;;;;;;;;;;;;;;;;;;;;;;;Maxiphen ADT;;;;;;;;;;;;;;;;;;;;;;
;;;;CELLMISTAR;;;;;KYONGBO ASPIRIN;;;;;;;;;;;;;;;;;;;;;;;;;;;;;;;;;;;;;;;;;;;;;;;;;;;;;;;;;;;;;;;;;;;;;;;;Genelan;;;;;;;;;;;;;;;;;;;;;;
;;;;DONGKOOZALTAN;;;;;KYUNGDONG ASPIRIN;;;;;;;;;;;;;;;;;;;;;;;;;;;;;;;;;;;;;;;;;;;;;;;;;;;;;;;;;;;;;;;;;;;;;;;;Genepatuss;;;;;;;;;;;;;;;;;;;;;;
;;;;DUALSARTAN;;;;;SAMJIN ASPIRIN;;;;;;;;;;;;;;;;;;;;;;;;;;;;;;;;;;;;;;;;;;;;;;;;;;;;;;;;;;;;;;;;;;;;;;;;Phenabid DM;;;;;;;;;;;;;;;;;;;;;;
;;;;EXADIPINE;;;;;ASPEGIC ENFANTS;;;;;;;;;;;;;;;;;;;;;;;;;;;;;;;;;;;;;;;;;;;;;;;;;;;;;;;;;;;;;;;;;;;;;;;;Tussall;;;;;;;;;;;;;;;;;;;;;;
;;;;HUNIZ VALSARPIN;;;;;KARDEGIC;;;;;;;;;;;;;;;;;;;;;;;;;;;;;;;;;;;;;;;;;;;;;;;;;;;;;;;;;;;;;;;;;;;;;;;;Poly Hist DM;;;;;;;;;;;;;;;;;;;;;;
;;;;HYPERSTAR;;;;;DUOPLAVIN;;;;;;;;;;;;;;;;;;;;;;;;;;;;;;;;;;;;;;;;;;;;;;;;;;;;;;;;;;;;;;;;;;;;;;;;Mytex;;;;;;;;;;;;;;;;;;;;;;
;;;;TWOTOPS;;;;;MIGPRIV;;;;;;;;;;;;;;;;;;;;;;;;;;;;;;;;;;;;;;;;;;;;;;;;;;;;;;;;;;;;;;;;;;;;;;;;Nalex-A;;;;;;;;;;;;;;;;;;;;;;
;;;;TWYNFORGE;;;;;ZALDIAR;;;;;;;;;;;;;;;;;;;;;;;;;;;;;;;;;;;;;;;;;;;;;;;;;;;;;;;;;;;;;;;;;;;;;;;;Pediacof;;;;;;;;;;;;;;;;;;;;;;
;;;;VALSAFORCE;;;;;Aspirin Ec;;;;;;;;;;;;;;;;;;;;;;;;;;;;;;;;;;;;;;;;;;;;;;;;;;;;;;;;;;;;;;;;;;;;;;;;Pedituss;;;;;;;;;;;;;;;;;;;;;;
;;;;VALSARODIN;;;;;Cardasa;;;;;;;;;;;;;;;;;;;;;;;;;;;;;;;;;;;;;;;;;;;;;;;;;;;;;;;;;;;;;;;;;;;;;;;;Prefrin;;;;;;;;;;;;;;;;;;;;;;
;;;;VARODIPINE;;;;;Clopidogrel Plus Aspirin;;;;;;;;;;;;;;;;;;;;;;;;;;;;;;;;;;;;;;;;;;;;;;;;;;;;;;;;;;;;;;;;;;;;;;;;Tussinate;;;;;;;;;;;;;;;;;;;;;;
;;;;WENEX G;;;;;Duocover;;;;;;;;;;;;;;;;;;;;;;;;;;;;;;;;;;;;;;;;;;;;;;;;;;;;;;;;;;;;;;;;;;;;;;;;Aerohist Plus;;;;;;;;;;;;;;;;;;;;;;
;;;;TELODITAN;;;;;Duoplidogrel;;;;;;;;;;;;;;;;;;;;;;;;;;;;;;;;;;;;;;;;;;;;;;;;;;;;;;;;;;;;;;;;;;;;;;;;Phlemex Forte;;;;;;;;;;;;;;;;;;;;;;
;;;;ILVASC;;;;;Spren;;;;;;;;;;;;;;;;;;;;;;;;;;;;;;;;;;;;;;;;;;;;;;;;;;;;;;;;;;;;;;;;;;;;;;;;Sudafed PE Sinus Headache;;;;;;;;;;;;;;;;;;;;;;
;;;;NEWSDIPINE;;;;;Panasal;;;;;;;;;;;;;;;;;;;;;;;;;;;;;;;;;;;;;;;;;;;;;;;;;;;;;;;;;;;;;;;;;;;;;;;;Sudafed PE;;;;;;;;;;;;;;;;;;;;;;
;;;;NEW-X;;;;;Algocid;;;;;;;;;;;;;;;;;;;;;;;;;;;;;;;;;;;;;;;;;;;;;;;;;;;;;;;;;;;;;;;;;;;;;;;;Tannihist-12D;;;;;;;;;;;;;;;;;;;;;;
;;;;OLMEVIKA;;;;;Anaflon;;;;;;;;;;;;;;;;;;;;;;;;;;;;;;;;;;;;;;;;;;;;;;;;;;;;;;;;;;;;;;;;;;;;;;;;Canges HC;;;;;;;;;;;;;;;;;;;;;;
;;;;SELODIPINE;;;;;Bodyguard Paracetamol;;;;;;;;;;;;;;;;;;;;;;;;;;;;;;;;;;;;;;;;;;;;;;;;;;;;;;;;;;;;;;;;;;;;;;;;XiraHist;;;;;;;;;;;;;;;;;;;;;;
;;;;S-TENSION;;;;;Ben-U-Ron;;;;;;;;;;;;;;;;;;;;;;;;;;;;;;;;;;;;;;;;;;;;;;;;;;;;;;;;;;;;;;;;;;;;;;;;Tussive HC;;;;;;;;;;;;;;;;;;;;;;
;;;;TAI GUK AMLODIPINE;;;;;Apiredol;;;;;;;;;;;;;;;;;;;;;;;;;;;;;;;;;;;;;;;;;;;;;;;;;;;;;;;;;;;;;;;;;;;;;;;;Tympagesic;;;;;;;;;;;;;;;;;;;;;;
;;;;TELMIAM;;;;;Aspirin Coffein;;;;;;;;;;;;;;;;;;;;;;;;;;;;;;;;;;;;;;;;;;;;;;;;;;;;;;;;;;;;;;;;;;;;;;;;Uni Tuss HC;;;;;;;;;;;;;;;;;;;;;;
;;;;TERAMOPINE;;;;;Aspirin Migraene;;;;;;;;;;;;;;;;;;;;;;;;;;;;;;;;;;;;;;;;;;;;;;;;;;;;;;;;;;;;;;;;;;;;;;;;Gentex HC;;;;;;;;;;;;;;;;;;;;;;
;;;;TWINPLUS;;;;;Aspirin Plus C;;;;;;;;;;;;;;;;;;;;;;;;;;;;;;;;;;;;;;;;;;;;;;;;;;;;;;;;;;;;;;;;;;;;;;;;Gentex LA;;;;;;;;;;;;;;;;;;;;;;
;;;;TWOTWOFORGE;;;;;Ass Aiwa;;;;;;;;;;;;;;;;;;;;;;;;;;;;;;;;;;;;;;;;;;;;;;;;;;;;;;;;;;;;;;;;;;;;;;;;Norel LA;;;;;;;;;;;;;;;;;;;;;;
;;;;TWYN-ON;;;;;Ass Axcount;;;;;;;;;;;;;;;;;;;;;;;;;;;;;;;;;;;;;;;;;;;;;;;;;;;;;;;;;;;;;;;;;;;;;;;;Extendryl;;;;;;;;;;;;;;;;;;;;;;
;;;;TWYNTEL;;;;;Febrifant N Kinderzaepfchen;;;;;;;;;;;;;;;;;;;;;;;;;;;;;;;;;;;;;;;;;;;;;;;;;;;;;;;;;;;;;;;;;;;;;;;;Vanex Forte;;;;;;;;;;;;;;;;;;;;;;
;;;;VALSAREX;;;;;Exopon;;;;;;;;;;;;;;;;;;;;;;;;;;;;;;;;;;;;;;;;;;;;;;;;;;;;;;;;;;;;;;;;;;;;;;;;Vanex-HD;;;;;;;;;;;;;;;;;;;;;;
;;;;X-DETENSION;;;;;Docmohi Paracetamol;;;;;;;;;;;;;;;;;;;;;;;;;;;;;;;;;;;;;;;;;;;;;;;;;;;;;;;;;;;;;;;;;;;;;;;;Vetuss HC Syrup;;;;;;;;;;;;;;;;;;;;;;
;;;;AMLODIPINE BIOGARAN;;;;;Doppel Spalt Compact;;;;;;;;;;;;;;;;;;;;;;;;;;;;;;;;;;;;;;;;;;;;;;;;;;;;;;;;;;;;;;;;;;;;;;;;Uni All 12;;;;;;;;;;;;;;;;;;;;;;
;;;;AMLODIPINE BOUCHARA;;;;;Dr. Niederstadts Paracetamol;;;;;;;;;;;;;;;;;;;;;;;;;;;;;;;;;;;;;;;;;;;;;;;;;;;;;;;;;;;;;;;;;;;;;;;;Zotex GPX;;;;;;;;;;;;;;;;;;;;;;
;;;;AMLODIPINE MYLAN;;;;;Cc Paracetamol;;;;;;;;;;;;;;;;;;;;;;;;;;;;;;;;;;;;;;;;;;;;;;;;;;;;;;;;;;;;;;;;;;;;;;;;Theraflu Cold & Cough;;;;;;;;;;;;;;;;;;;;;;
;;;;AMLODIPINE PFIZER;;;;;Copyrkal;;;;;;;;;;;;;;;;;;;;;;;;;;;;;;;;;;;;;;;;;;;;;;;;;;;;;;;;;;;;;;;;;;;;;;;;Guaphen Forte;;;;;;;;;;;;;;;;;;;;;;
;;;;PRITOR;;;;;Ha Tabletten N;;;;;;;;;;;;;;;;;;;;;;;;;;;;;;;;;;;;;;;;;;;;;;;;;;;;;;;;;;;;;;;;;;;;;;;;RU Hist Forte;;;;;;;;;;;;;;;;;;;;;;
;;;;Nordip;;;;;Paracet Bene;;;;;;;;;;;;;;;;;;;;;;;;;;;;;;;;;;;;;;;;;;;;;;;;;;;;;;;;;;;;;;;;;;;;;;;;Y-Cof DM;;;;;;;;;;;;;;;;;;;;;;
;;;;Ozlodip;;;;;Paracetamol 500 Farmaryn;;;;;;;;;;;;;;;;;;;;;;;;;;;;;;;;;;;;;;;;;;;;;;;;;;;;;;;;;;;;;;;;;;;;;;;;Hydrofed;;;;;;;;;;;;;;;;;;;;;;
;;;;Amlo;;;;;Paramol Bene;;;;;;;;;;;;;;;;;;;;;;;;;;;;;;;;;;;;;;;;;;;;;;;;;;;;;;;;;;;;;;;;;;;;;;;;Viratan-DM;;;;;;;;;;;;;;;;;;;;;;
;;;;Amparo;;;;;Paracetamol Bc;;;;;;;;;;;;;;;;;;;;;;;;;;;;;;;;;;;;;;;;;;;;;;;;;;;;;;;;;;;;;;;;;;;;;;;;Aridex-D;;;;;;;;;;;;;;;;;;;;;;
;;;;Amlodipin Axcount;;;;;Paracetamol Dexcel;;;;;;;;;;;;;;;;;;;;;;;;;;;;;;;;;;;;;;;;;;;;;;;;;;;;;;;;;;;;;;;;;;;;;;;;Tylenol Sinus Congestion and Pain Severe;;;;;;;;;;;;;;;;;;;;;;
;;;;Amlodipin Hec Pharm;;;;;Paracetamol Luenopharm 500;;;;;;;;;;;;;;;;;;;;;;;;;;;;;;;;;;;;;;;;;;;;;;;;;;;;;;;;;;;;;;;;;;;;;;;;Z-Dex;;;;;;;;;;;;;;;;;;;;;;
;;;;Amlodipin Rosemont;;;;;Paracetamol Rotexmedica;;;;;;;;;;;;;;;;;;;;;;;;;;;;;;;;;;;;;;;;;;;;;;;;;;;;;;;;;;;;;;;;;;;;;;;;Pentazine VC;;;;;;;;;;;;;;;;;;;;;;
;;;;Amlodipin Vitabalans;;;;;Paracetamol Stada;;;;;;;;;;;;;;;;;;;;;;;;;;;;;;;;;;;;;;;;;;;;;;;;;;;;;;;;;;;;;;;;;;;;;;;;Tylenol Cold Head Congestion Severe;;;;;;;;;;;;;;;;;;;;;;
;;;;Auro-Amlodipine;;;;;Paracetamol Wero;;;;;;;;;;;;;;;;;;;;;;;;;;;;;;;;;;;;;;;;;;;;;;;;;;;;;;;;;;;;;;;;;;;;;;;;West-Decon M;;;;;;;;;;;;;;;;;;;;;;
;;;;Gd-Amlodipine;;;;;Nilnocen;;;;;;;;;;;;;;;;;;;;;;;;;;;;;;;;;;;;;;;;;;;;;;;;;;;;;;;;;;;;;;;;;;;;;;;;Safetussin CD;;;;;;;;;;;;;;;;;;;;;;
;;;;Mylan-Amlodipine/Atorvastatin;;;;;Optipyrin;;;;;;;;;;;;;;;;;;;;;;;;;;;;;;;;;;;;;;;;;;;;;;;;;;;;;;;;;;;;;;;;;;;;;;;;Bromaphedrine;;;;;;;;;;;;;;;;;;;;;;
;;;;Mar-Amlodipine;;;;;Pyracyl N;;;;;;;;;;;;;;;;;;;;;;;;;;;;;;;;;;;;;;;;;;;;;;;;;;;;;;;;;;;;;;;;;;;;;;;;Tricold;;;;;;;;;;;;;;;;;;;;;;
;;;;Ran-Amlodipine;;;;;Supranat;;;;;;;;;;;;;;;;;;;;;;;;;;;;;;;;;;;;;;;;;;;;;;;;;;;;;;;;;;;;;;;;;;;;;;;;Lusonex Plus;;;;;;;;;;;;;;;;;;;;;;
;;;;Zym-Amlodipine;;;;;Togal Ass;;;;;;;;;;;;;;;;;;;;;;;;;;;;;;;;;;;;;;;;;;;;;;;;;;;;;;;;;;;;;;;;;;;;;;;;Duratuss A;;;;;;;;;;;;;;;;;;;;;;
;;;;Septa-Amlodipine;;;;;Togal Classic Duo;;;;;;;;;;;;;;;;;;;;;;;;;;;;;;;;;;;;;;;;;;;;;;;;;;;;;;;;;;;;;;;;;;;;;;;;De-Chlor HC;;;;;;;;;;;;;;;;;;;;;;
;;;;;;;;;Thomapyrin Classic Schmerztabletten;;;;;;;;;;;;;;;;;;;;;;;;;;;;;;;;;;;;;;;;;;;;;;;;;;;;;;;;;;;;;;;;;;;;;;;;Tanni-Hist 12 RF;;;;;;;;;;;;;;;;;;;;;;
;;;;;;;;;Tomaket;;;;;;;;;;;;;;;;;;;;;;;;;;;;;;;;;;;;;;;;;;;;;;;;;;;;;;;;;;;;;;;;;;;;;;;;Rhinall;;;;;;;;;;;;;;;;;;;;;;
;;;;;;;;;Sonotemp;;;;;;;;;;;;;;;;;;;;;;;;;;;;;;;;;;;;;;;;;;;;;;;;;;;;;;;;;;;;;;;;;;;;;;;;Atuss MR;;;;;;;;;;;;;;;;;;;;;;
;;;;;;;;;Spalt Plus Coffein N;;;;;;;;;;;;;;;;;;;;;;;;;;;;;;;;;;;;;;;;;;;;;;;;;;;;;;;;;;;;;;;;;;;;;;;;Numonyl;;;;;;;;;;;;;;;;;;;;;;
;;;;;;;;;Sincronium;;;;;;;;;;;;;;;;;;;;;;;;;;;;;;;;;;;;;;;;;;;;;;;;;;;;;;;;;;;;;;;;;;;;;;;;Uni Hist PDX;;;;;;;;;;;;;;;;;;;;;;
;;;;;;;;;Acetylsalicylic Acid Extra Strength Stomach Protection;;;;;;;;;;;;;;;;;;;;;;;;;;;;;;;;;;;;;;;;;;;;;;;;;;;;;;;;;;;;;;;;;;;;;;;;C-Tanna 12D;;;;;;;;;;;;;;;;;;;;;;
;;;;;;;;;Apo Asa;;;;;;;;;;;;;;;;;;;;;;;;;;;;;;;;;;;;;;;;;;;;;;;;;;;;;;;;;;;;;;;;;;;;;;;;Poly Hist PD;;;;;;;;;;;;;;;;;;;;;;
;;;;;;;;;Aspirin Express Pack;;;;;;;;;;;;;;;;;;;;;;;;;;;;;;;;;;;;;;;;;;;;;;;;;;;;;;;;;;;;;;;;;;;;;;;;Redur-PCM;;;;;;;;;;;;;;;;;;;;;;
;;;;;;;;;Aspirin Night-Time;;;;;;;;;;;;;;;;;;;;;;;;;;;;;;;;;;;;;;;;;;;;;;;;;;;;;;;;;;;;;;;;;;;;;;;;Benadryl-D Allergy and Sinus;;;;;;;;;;;;;;;;;;;;;;
;;;;;;;;;Aspirin Stomach Guard Regular Strength;;;;;;;;;;;;;;;;;;;;;;;;;;;;;;;;;;;;;;;;;;;;;;;;;;;;;;;;;;;;;;;;;;;;;;;;Benadryl Severe Allergy Sinus Headache Reformulated Jun 2007;;;;;;;;;;;;;;;;;;;;;;
;;;;;;;;;Asa Regular Strength;;;;;;;;;;;;;;;;;;;;;;;;;;;;;;;;;;;;;;;;;;;;;;;;;;;;;;;;;;;;;;;;;;;;;;;;Phena-HC;;;;;;;;;;;;;;;;;;;;;;
;;;;;;;;;Asa-650 Comprimes Retard;;;;;;;;;;;;;;;;;;;;;;;;;;;;;;;;;;;;;;;;;;;;;;;;;;;;;;;;;;;;;;;;;;;;;;;;Rynesa;;;;;;;;;;;;;;;;;;;;;;
;;;;;;;;;Asaphen;;;;;;;;;;;;;;;;;;;;;;;;;;;;;;;;;;;;;;;;;;;;;;;;;;;;;;;;;;;;;;;;;;;;;;;;Brovex PB;;;;;;;;;;;;;;;;;;;;;;
;;;;;;;;;Extra Strength Muscle & Back Pain Relief;;;;;;;;;;;;;;;;;;;;;;;;;;;;;;;;;;;;;;;;;;;;;;;;;;;;;;;;;;;;;;;;;;;;;;;;Brovex PBD;;;;;;;;;;;;;;;;;;;;;;
;;;;;;;;;Coated Daily Low Dose Asa;;;;;;;;;;;;;;;;;;;;;;;;;;;;;;;;;;;;;;;;;;;;;;;;;;;;;;;;;;;;;;;;;;;;;;;;Liquibid PDR;;;;;;;;;;;;;;;;;;;;;;
;;;;;;;;;Dolomine;;;;;;;;;;;;;;;;;;;;;;;;;;;;;;;;;;;;;;;;;;;;;;;;;;;;;;;;;;;;;;;;;;;;;;;;Sine-Off Sinus and Cold;;;;;;;;;;;;;;;;;;;;;;
;;;;;;;;;Neutra-Seltzer;;;;;;;;;;;;;;;;;;;;;;;;;;;;;;;;;;;;;;;;;;;;;;;;;;;;;;;;;;;;;;;;;;;;;;;;Allerx Reformulated Oct 2008;;;;;;;;;;;;;;;;;;;;;;
;;;;;;;;;Muscle And Back Pain Relief;;;;;;;;;;;;;;;;;;;;;;;;;;;;;;;;;;;;;;;;;;;;;;;;;;;;;;;;;;;;;;;;;;;;;;;;Boots Maximum Strength Cold & Flu Relief Direct Dose Blackcurrant;;;;;;;;;;;;;;;;;;;;;;
;;;;;;;;;Methoxisal;;;;;;;;;;;;;;;;;;;;;;;;;;;;;;;;;;;;;;;;;;;;;;;;;;;;;;;;;;;;;;;;;;;;;;;;Mydriasert;;;;;;;;;;;;;;;;;;;;;;
;;;;;;;;;Rivasa Ec;;;;;;;;;;;;;;;;;;;;;;;;;;;;;;;;;;;;;;;;;;;;;;;;;;;;;;;;;;;;;;;;;;;;;;;;Cold and Flu Relief;;;;;;;;;;;;;;;;;;;;;;
;;;;;;;;;Ratio-Oxycodan;;;;;;;;;;;;;;;;;;;;;;;;;;;;;;;;;;;;;;;;;;;;;;;;;;;;;;;;;;;;;;;;;;;;;;;;Benylin Mucus Cough;;;;;;;;;;;;;;;;;;;;;;
;;;;;;;;;Relief Asa Extra Strength;;;;;;;;;;;;;;;;;;;;;;;;;;;;;;;;;;;;;;;;;;;;;;;;;;;;;;;;;;;;;;;;;;;;;;;;Paramed Max Strength Cold and Flu Relief;;;;;;;;;;;;;;;;;;;;;;
;;;;;;;;;Phenaphen No 3;;;;;;;;;;;;;;;;;;;;;;;;;;;;;;;;;;;;;;;;;;;;;;;;;;;;;;;;;;;;;;;;;;;;;;;;Boots Sinus Dual Relief;;;;;;;;;;;;;;;;;;;;;;
;;;;;;;;;Pms-Asa;;;;;;;;;;;;;;;;;;;;;;;;;;;;;;;;;;;;;;;;;;;;;;;;;;;;;;;;;;;;;;;;;;;;;;;;Covonia;;;;;;;;;;;;;;;;;;;;;;
;;;;;;;;;Spasmhalt-Asa;;;;;;;;;;;;;;;;;;;;;;;;;;;;;;;;;;;;;;;;;;;;;;;;;;;;;;;;;;;;;;;;;;;;;;;;Boots Maximum Strength Cold & Flu Relief Direct Dose Lemon;;;;;;;;;;;;;;;;;;;;;;
;;;;;;;;;Aspi-Cor;;;;;;;;;;;;;;;;;;;;;;;;;;;;;;;;;;;;;;;;;;;;;;;;;;;;;;;;;;;;;;;;;;;;;;;;Beechams All-In-One;;;;;;;;;;;;;;;;;;;;;;
;;;;;;;;;Durlaza;;;;;;;;;;;;;;;;;;;;;;;;;;;;;;;;;;;;;;;;;;;;;;;;;;;;;;;;;;;;;;;;;;;;;;;;Olbas;;;;;;;;;;;;;;;;;;;;;;
;;;;;;;;;;;;;;;;;;;;;;;;;;;;;;;;;;;;;;;;;;;;;;;;;;;;;;;;;;;;;;;;;;;;;;;;;;;;;;;;;Boots Flu-Max-All-In-One;;;;;;;;;;;;;;;;;;;;;;
;;;;;;;;;;;;;;;;;;;;;;;;;;;;;;;;;;;;;;;;;;;;;;;;;;;;;;;;;;;;;;;;;;;;;;;;;;;;;;;;;Contac;;;;;;;;;;;;;;;;;;;;;;
;;;;;;;;;;;;;;;;;;;;;;;;;;;;;;;;;;;;;;;;;;;;;;;;;;;;;;;;;;;;;;;;;;;;;;;;;;;;;;;;;Lemsip;;;;;;;;;;;;;;;;;;;;;;
;;;;;;;;;;;;;;;;;;;;;;;;;;;;;;;;;;;;;;;;;;;;;;;;;;;;;;;;;;;;;;;;;;;;;;;;;;;;;;;;;Numark Flu Relief with Decongestant;;;;;;;;;;;;;;;;;;;;;;
;;;;;;;;;;;;;;;;;;;;;;;;;;;;;;;;;;;;;;;;;;;;;;;;;;;;;;;;;;;;;;;;;;;;;;;;;;;;;;;;;Beechams Max Strength All in One Hot Lemon Menthol;;;;;;;;;;;;;;;;;;;;;;
;;;;;;;;;;;;;;;;;;;;;;;;;;;;;;;;;;;;;;;;;;;;;;;;;;;;;;;;;;;;;;;;;;;;;;;;;;;;;;;;;Beechams Decongestant Plus with Paracetamol;;;;;;;;;;;;;;;;;;;;;;
;;;;;;;;;;;;;;;;;;;;;;;;;;;;;;;;;;;;;;;;;;;;;;;;;;;;;;;;;;;;;;;;;;;;;;;;;;;;;;;;;Clear Eyes Pure Relief Multi-Symptom;;;;;;;;;;;;;;;;;;;;;;
;;;;;;;;;;;;;;;;;;;;;;;;;;;;;;;;;;;;;;;;;;;;;;;;;;;;;;;;;;;;;;;;;;;;;;;;;;;;;;;;;Phendal-HD;;;;;;;;;;;;;;;;;;;;;;
;;;;;;;;;;;;;;;;;;;;;;;;;;;;;;;;;;;;;;;;;;;;;;;;;;;;;;;;;;;;;;;;;;;;;;;;;;;;;;;;;Trexbrom;;;;;;;;;;;;;;;;;;;;;;
;;;;;;;;;;;;;;;;;;;;;;;;;;;;;;;;;;;;;;;;;;;;;;;;;;;;;;;;;;;;;;;;;;;;;;;;;;;;;;;;;Trital;;;;;;;;;;;;;;;;;;;;;;
;;;;;;;;;;;;;;;;;;;;;;;;;;;;;;;;;;;;;;;;;;;;;;;;;;;;;;;;;;;;;;;;;;;;;;;;;;;;;;;;;Tusscough DHC;;;;;;;;;;;;;;;;;;;;;;
;;;;;;;;;;;;;;;;;;;;;;;;;;;;;;;;;;;;;;;;;;;;;;;;;;;;;;;;;;;;;;;;;;;;;;;;;;;;;;;;;D-Tab;;;;;;;;;;;;;;;;;;;;;;
;;;;;;;;;;;;;;;;;;;;;;;;;;;;;;;;;;;;;;;;;;;;;;;;;;;;;;;;;;;;;;;;;;;;;;;;;;;;;;;;;Poly Tussin EX;;;;;;;;;;;;;;;;;;;;;;
;;;;;;;;;;;;;;;;;;;;;;;;;;;;;;;;;;;;;;;;;;;;;;;;;;;;;;;;;;;;;;;;;;;;;;;;;;;;;;;;;Rescon-MX Reformulated Jan 2010;;;;;;;;;;;;;;;;;;;;;;
;;;;;;;;;;;;;;;;;;;;;;;;;;;;;;;;;;;;;;;;;;;;;;;;;;;;;;;;;;;;;;;;;;;;;;;;;;;;;;;;;Congespirin;;;;;;;;;;;;;;;;;;;;;;
;;;;;;;;;;;;;;;;;;;;;;;;;;;;;;;;;;;;;;;;;;;;;;;;;;;;;;;;;;;;;;;;;;;;;;;;;;;;;;;;;Pyril D;;;;;;;;;;;;;;;;;;;;;;
;;;;;;;;;;;;;;;;;;;;;;;;;;;;;;;;;;;;;;;;;;;;;;;;;;;;;;;;;;;;;;;;;;;;;;;;;;;;;;;;;Delsym Children's Nighttime Cough and Cold;;;;;;;;;;;;;;;;;;;;;;
;;;;;;;;;;;;;;;;;;;;;;;;;;;;;;;;;;;;;;;;;;;;;;;;;;;;;;;;;;;;;;;;;;;;;;;;;;;;;;;;;Little Colds;;;;;;;;;;;;;;;;;;;;;;
;;;;;;;;;;;;;;;;;;;;;;;;;;;;;;;;;;;;;;;;;;;;;;;;;;;;;;;;;;;;;;;;;;;;;;;;;;;;;;;;;4-Way Fast Acting;;;;;;;;;;;;;;;;;;;;;;
;;;;;;;;;;;;;;;;;;;;;;;;;;;;;;;;;;;;;;;;;;;;;;;;;;;;;;;;;;;;;;;;;;;;;;;;;;;;;;;;;Wal-Tussin CF;;;;;;;;;;;;;;;;;;;;;;
;;;;;;;;;;;;;;;;;;;;;;;;;;;;;;;;;;;;;;;;;;;;;;;;;;;;;;;;;;;;;;;;;;;;;;;;;;;;;;;;;Vicks Vaposyrup;;;;;;;;;;;;;;;;;;;;;;
;;;;;;;;;;;;;;;;;;;;;;;;;;;;;;;;;;;;;;;;;;;;;;;;;;;;;;;;;;;;;;;;;;;;;;;;;;;;;;;;;Mucinex Children's Multi-Symptom Cold;;;;;;;;;;;;;;;;;;;;;;
;;;;;;;;;;;;;;;;;;;;;;;;;;;;;;;;;;;;;;;;;;;;;;;;;;;;;;;;;;;;;;;;;;;;;;;;;;;;;;;;;Mygrex;;;;;;;;;;;;;;;;;;;;;;
;;;;;;;;;;;;;;;;;;;;;;;;;;;;;;;;;;;;;;;;;;;;;;;;;;;;;;;;;;;;;;;;;;;;;;;;;;;;;;;;;Delsym Adult Night Time Multi-Symptom;;;;;;;;;;;;;;;;;;;;;;
;;;;;;;;;;;;;;;;;;;;;;;;;;;;;;;;;;;;;;;;;;;;;;;;;;;;;;;;;;;;;;;;;;;;;;;;;;;;;;;;;Histex SR Tablet;;;;;;;;;;;;;;;;;;;;;;
;;;;;;;;;;;;;;;;;;;;;;;;;;;;;;;;;;;;;;;;;;;;;;;;;;;;;;;;;;;;;;;;;;;;;;;;;;;;;;;;;Alka-Seltzer Plus Night Cold;;;;;;;;;;;;;;;;;;;;;;
;;;;;;;;;;;;;;;;;;;;;;;;;;;;;;;;;;;;;;;;;;;;;;;;;;;;;;;;;;;;;;;;;;;;;;;;;;;;;;;;;Pluratuss;;;;;;;;;;;;;;;;;;;;;;
;;;;;;;;;;;;;;;;;;;;;;;;;;;;;;;;;;;;;;;;;;;;;;;;;;;;;;;;;;;;;;;;;;;;;;;;;;;;;;;;;Rymed-D;;;;;;;;;;;;;;;;;;;;;;
;;;;;;;;;;;;;;;;;;;;;;;;;;;;;;;;;;;;;;;;;;;;;;;;;;;;;;;;;;;;;;;;;;;;;;;;;;;;;;;;;Rynex-DM;;;;;;;;;;;;;;;;;;;;;;
;;;;;;;;;;;;;;;;;;;;;;;;;;;;;;;;;;;;;;;;;;;;;;;;;;;;;;;;;;;;;;;;;;;;;;;;;;;;;;;;;NyQuil Sinex;;;;;;;;;;;;;;;;;;;;;;
;;;;;;;;;;;;;;;;;;;;;;;;;;;;;;;;;;;;;;;;;;;;;;;;;;;;;;;;;;;;;;;;;;;;;;;;;;;;;;;;;Endal Cough;;;;;;;;;;;;;;;;;;;;;;
;;;;;;;;;;;;;;;;;;;;;;;;;;;;;;;;;;;;;;;;;;;;;;;;;;;;;;;;;;;;;;;;;;;;;;;;;;;;;;;;;Panadol Cold & Flu;;;;;;;;;;;;;;;;;;;;;;
;;;;;;;;;;;;;;;;;;;;;;;;;;;;;;;;;;;;;;;;;;;;;;;;;;;;;;;;;;;;;;;;;;;;;;;;;;;;;;;;;Robitussin Peak Cold Nasal;;;;;;;;;;;;;;;;;;;;;;
;;;;;;;;;;;;;;;;;;;;;;;;;;;;;;;;;;;;;;;;;;;;;;;;;;;;;;;;;;;;;;;;;;;;;;;;;;;;;;;;;Robitussin Peak Cold Nighttime Multi-Symptom Cold;;;;;;;;;;;;;;;;;;;;;;
;;;;;;;;;;;;;;;;;;;;;;;;;;;;;;;;;;;;;;;;;;;;;;;;;;;;;;;;;;;;;;;;;;;;;;;;;;;;;;;;;Mucinex Fast-Max Cold, Flu and Sore Throat;;;;;;;;;;;;;;;;;;;;;;
;;;;;;;;;;;;;;;;;;;;;;;;;;;;;;;;;;;;;;;;;;;;;;;;;;;;;;;;;;;;;;;;;;;;;;;;;;;;;;;;;Rx-Act Cold Head Congestion;;;;;;;;;;;;;;;;;;;;;;
;;;;;;;;;;;;;;;;;;;;;;;;;;;;;;;;;;;;;;;;;;;;;;;;;;;;;;;;;;;;;;;;;;;;;;;;;;;;;;;;;Rx-Act Nasal Decongestant PE;;;;;;;;;;;;;;;;;;;;;;
;;;;;;;;;;;;;;;;;;;;;;;;;;;;;;;;;;;;;;;;;;;;;;;;;;;;;;;;;;;;;;;;;;;;;;;;;;;;;;;;;Tussi Pres B Reformulated Aug 2011;;;;;;;;;;;;;;;;;;;;;;
;;;;;;;;;;;;;;;;;;;;;;;;;;;;;;;;;;;;;;;;;;;;;;;;;;;;;;;;;;;;;;;;;;;;;;;;;;;;;;;;;Sudafed Blocked Nose;;;;;;;;;;;;;;;;;;;;;;
;;;;;;;;;;;;;;;;;;;;;;;;;;;;;;;;;;;;;;;;;;;;;;;;;;;;;;;;;;;;;;;;;;;;;;;;;;;;;;;;;Hydrocort;;;;;;;;;;;;;;;;;;;;;;
;;;;;;;;;;;;;;;;;;;;;;;;;;;;;;;;;;;;;;;;;;;;;;;;;;;;;;;;;;;;;;;;;;;;;;;;;;;;;;;;;Mydrial;;;;;;;;;;;;;;;;;;;;;;
;;;;;;;;;;;;;;;;;;;;;;;;;;;;;;;;;;;;;;;;;;;;;;;;;;;;;;;;;;;;;;;;;;;;;;;;;;;;;;;;;Rhinopront;;;;;;;;;;;;;;;;;;;;;;
;;;;;;;;;;;;;;;;;;;;;;;;;;;;;;;;;;;;;;;;;;;;;;;;;;;;;;;;;;;;;;;;;;;;;;;;;;;;;;;;;Rompe Pecho CF;;;;;;;;;;;;;;;;;;;;;;
;;;;;;;;;;;;;;;;;;;;;;;;;;;;;;;;;;;;;;;;;;;;;;;;;;;;;;;;;;;;;;;;;;;;;;;;;;;;;;;;;Carbaphen CH;;;;;;;;;;;;;;;;;;;;;;
;;;;;;;;;;;;;;;;;;;;;;;;;;;;;;;;;;;;;;;;;;;;;;;;;;;;;;;;;;;;;;;;;;;;;;;;;;;;;;;;;Rondex-DM Drops;;;;;;;;;;;;;;;;;;;;;;
;;;;;;;;;;;;;;;;;;;;;;;;;;;;;;;;;;;;;;;;;;;;;;;;;;;;;;;;;;;;;;;;;;;;;;;;;;;;;;;;;Alconefrin;;;;;;;;;;;;;;;;;;;;;;
;;;;;;;;;;;;;;;;;;;;;;;;;;;;;;;;;;;;;;;;;;;;;;;;;;;;;;;;;;;;;;;;;;;;;;;;;;;;;;;;;Congestaid II;;;;;;;;;;;;;;;;;;;;;;
;;;;;;;;;;;;;;;;;;;;;;;;;;;;;;;;;;;;;;;;;;;;;;;;;;;;;;;;;;;;;;;;;;;;;;;;;;;;;;;;;Panatuss DXP;;;;;;;;;;;;;;;;;;;;;;
;;;;;;;;;;;;;;;;;;;;;;;;;;;;;;;;;;;;;;;;;;;;;;;;;;;;;;;;;;;;;;;;;;;;;;;;;;;;;;;;;MIDFREE;;;;;;;;;;;;;;;;;;;;;;
;;;;;;;;;;;;;;;;;;;;;;;;;;;;;;;;;;;;;;;;;;;;;;;;;;;;;;;;;;;;;;;;;;;;;;;;;;;;;;;;;MYDRIN-P;;;;;;;;;;;;;;;;;;;;;;
;;;;;;;;;;;;;;;;;;;;;;;;;;;;;;;;;;;;;;;;;;;;;;;;;;;;;;;;;;;;;;;;;;;;;;;;;;;;;;;;;PREDIA;;;;;;;;;;;;;;;;;;;;;;
;;;;;;;;;;;;;;;;;;;;;;;;;;;;;;;;;;;;;;;;;;;;;;;;;;;;;;;;;;;;;;;;;;;;;;;;;;;;;;;;;COWIN;;;;;;;;;;;;;;;;;;;;;;
;;;;;;;;;;;;;;;;;;;;;;;;;;;;;;;;;;;;;;;;;;;;;;;;;;;;;;;;;;;;;;;;;;;;;;;;;;;;;;;;;COBIAN S;;;;;;;;;;;;;;;;;;;;;;
;;;;;;;;;;;;;;;;;;;;;;;;;;;;;;;;;;;;;;;;;;;;;;;;;;;;;;;;;;;;;;;;;;;;;;;;;;;;;;;;;Vanacof APE;;;;;;;;;;;;;;;;;;;;;;
;;;;;;;;;;;;;;;;;;;;;;;;;;;;;;;;;;;;;;;;;;;;;;;;;;;;;;;;;;;;;;;;;;;;;;;;;;;;;;;;;Broncotron-D Reformulated Dec 2012;;;;;;;;;;;;;;;;;;;;;;
;;;;;;;;;;;;;;;;;;;;;;;;;;;;;;;;;;;;;;;;;;;;;;;;;;;;;;;;;;;;;;;;;;;;;;;;;;;;;;;;;Presgen;;;;;;;;;;;;;;;;;;;;;;
;;;;;;;;;;;;;;;;;;;;;;;;;;;;;;;;;;;;;;;;;;;;;;;;;;;;;;;;;;;;;;;;;;;;;;;;;;;;;;;;;VICKS;;;;;;;;;;;;;;;;;;;;;;
;;;;;;;;;;;;;;;;;;;;;;;;;;;;;;;;;;;;;;;;;;;;;;;;;;;;;;;;;;;;;;;;;;;;;;;;;;;;;;;;;VISIODOSE;;;;;;;;;;;;;;;;;;;;;;
;;;;;;;;;;;;;;;;;;;;;;;;;;;;;;;;;;;;;;;;;;;;;;;;;;;;;;;;;;;;;;;;;;;;;;;;;;;;;;;;;NEOSYNEPHRINE AP;;;;;;;;;;;;;;;;;;;;;;
;;;;;;;;;;;;;;;;;;;;;;;;;;;;;;;;;;;;;;;;;;;;;;;;;;;;;;;;;;;;;;;;;;;;;;;;;;;;;;;;;HUMOXAL;;;;;;;;;;;;;;;;;;;;;;
;;;;;;;;;;;;;;;;;;;;;;;;;;;;;;;;;;;;;;;;;;;;;;;;;;;;;;;;;;;;;;;;;;;;;;;;;;;;;;;;;ISODRIL PHENYLEPHRINE;;;;;;;;;;;;;;;;;;;;;;
;;;;;;;;;;;;;;;;;;;;;;;;;;;;;;;;;;;;;;;;;;;;;;;;;;;;;;;;;;;;;;;;;;;;;;;;;;;;;;;;;Action Cold And Flu;;;;;;;;;;;;;;;;;;;;;;
;;;;;;;;;;;;;;;;;;;;;;;;;;;;;;;;;;;;;;;;;;;;;;;;;;;;;;;;;;;;;;;;;;;;;;;;;;;;;;;;;Congested Cold And Cough Paediatric Drops;;;;;;;;;;;;;;;;;;;;;;
;;;;;;;;;;;;;;;;;;;;;;;;;;;;;;;;;;;;;;;;;;;;;;;;;;;;;;;;;;;;;;;;;;;;;;;;;;;;;;;;;Cold And Allergy Children'S Mixture;;;;;;;;;;;;;;;;;;;;;;
;;;;;;;;;;;;;;;;;;;;;;;;;;;;;;;;;;;;;;;;;;;;;;;;;;;;;;;;;;;;;;;;;;;;;;;;;;;;;;;;;Dimetapp Pe Sinus Pain;;;;;;;;;;;;;;;;;;;;;;
;;;;;;;;;;;;;;;;;;;;;;;;;;;;;;;;;;;;;;;;;;;;;;;;;;;;;;;;;;;;;;;;;;;;;;;;;;;;;;;;;Hayfever Sinus Relief;;;;;;;;;;;;;;;;;;;;;;
;;;;;;;;;;;;;;;;;;;;;;;;;;;;;;;;;;;;;;;;;;;;;;;;;;;;;;;;;;;;;;;;;;;;;;;;;;;;;;;;;Panadol Sinus;;;;;;;;;;;;;;;;;;;;;;
;;;;;;;;;;;;;;;;;;;;;;;;;;;;;;;;;;;;;;;;;;;;;;;;;;;;;;;;;;;;;;;;;;;;;;;;;;;;;;;;;Prednefrin Forte;;;;;;;;;;;;;;;;;;;;;;
;;;;;;;;;;;;;;;;;;;;;;;;;;;;;;;;;;;;;;;;;;;;;;;;;;;;;;;;;;;;;;;;;;;;;;;;;;;;;;;;;Sinus With Antihistamine Pe;;;;;;;;;;;;;;;;;;;;;;
;;;;;;;;;;;;;;;;;;;;;;;;;;;;;;;;;;;;;;;;;;;;;;;;;;;;;;;;;;;;;;;;;;;;;;;;;;;;;;;;;Sinutab Pe Sinus And Pain Relief;;;;;;;;;;;;;;;;;;;;;;
;;;;;;;;;;;;;;;;;;;;;;;;;;;;;;;;;;;;;;;;;;;;;;;;;;;;;;;;;;;;;;;;;;;;;;;;;;;;;;;;;Balamine DM Reformulated Apr 2013;;;;;;;;;;;;;;;;;;;;;;
;;;;;;;;;;;;;;;;;;;;;;;;;;;;;;;;;;;;;;;;;;;;;;;;;;;;;;;;;;;;;;;;;;;;;;;;;;;;;;;;;Mucinex Fast-Max Severe Cold;;;;;;;;;;;;;;;;;;;;;;
;;;;;;;;;;;;;;;;;;;;;;;;;;;;;;;;;;;;;;;;;;;;;;;;;;;;;;;;;;;;;;;;;;;;;;;;;;;;;;;;;Duraphen 1000;;;;;;;;;;;;;;;;;;;;;;
;;;;;;;;;;;;;;;;;;;;;;;;;;;;;;;;;;;;;;;;;;;;;;;;;;;;;;;;;;;;;;;;;;;;;;;;;;;;;;;;;Duraphen II;;;;;;;;;;;;;;;;;;;;;;
;;;;;;;;;;;;;;;;;;;;;;;;;;;;;;;;;;;;;;;;;;;;;;;;;;;;;;;;;;;;;;;;;;;;;;;;;;;;;;;;;Duraphen II DM;;;;;;;;;;;;;;;;;;;;;;
;;;;;;;;;;;;;;;;;;;;;;;;;;;;;;;;;;;;;;;;;;;;;;;;;;;;;;;;;;;;;;;;;;;;;;;;;;;;;;;;;Pediacare Children's Flu Plus APAP;;;;;;;;;;;;;;;;;;;;;;
;;;;;;;;;;;;;;;;;;;;;;;;;;;;;;;;;;;;;;;;;;;;;;;;;;;;;;;;;;;;;;;;;;;;;;;;;;;;;;;;;Alka-Seltzer Plus Severe Cold, Mucus & Congestion;;;;;;;;;;;;;;;;;;;;;;
;;;;;;;;;;;;;;;;;;;;;;;;;;;;;;;;;;;;;;;;;;;;;;;;;;;;;;;;;;;;;;;;;;;;;;;;;;;;;;;;;Sudafed PE Pressure, Pain & Cold;;;;;;;;;;;;;;;;;;;;;;
;;;;;;;;;;;;;;;;;;;;;;;;;;;;;;;;;;;;;;;;;;;;;;;;;;;;;;;;;;;;;;;;;;;;;;;;;;;;;;;;;Wal-Phed PE Cold & Cough Multi-Symptom Daytime;;;;;;;;;;;;;;;;;;;;;;
;;;;;;;;;;;;;;;;;;;;;;;;;;;;;;;;;;;;;;;;;;;;;;;;;;;;;;;;;;;;;;;;;;;;;;;;;;;;;;;;;Tabcin;;;;;;;;;;;;;;;;;;;;;;
;;;;;;;;;;;;;;;;;;;;;;;;;;;;;;;;;;;;;;;;;;;;;;;;;;;;;;;;;;;;;;;;;;;;;;;;;;;;;;;;;Glauko Biciron;;;;;;;;;;;;;;;;;;;;;;
;;;;;;;;;;;;;;;;;;;;;;;;;;;;;;;;;;;;;;;;;;;;;;;;;;;;;;;;;;;;;;;;;;;;;;;;;;;;;;;;;Phenylephrin Jenson;;;;;;;;;;;;;;;;;;;;;;
;;;;;;;;;;;;;;;;;;;;;;;;;;;;;;;;;;;;;;;;;;;;;;;;;;;;;;;;;;;;;;;;;;;;;;;;;;;;;;;;;Phenylephrin Sintetica;;;;;;;;;;;;;;;;;;;;;;
;;;;;;;;;;;;;;;;;;;;;;;;;;;;;;;;;;;;;;;;;;;;;;;;;;;;;;;;;;;;;;;;;;;;;;;;;;;;;;;;;Otriven;;;;;;;;;;;;;;;;;;;;;;
;;;;;;;;;;;;;;;;;;;;;;;;;;;;;;;;;;;;;;;;;;;;;;;;;;;;;;;;;;;;;;;;;;;;;;;;;;;;;;;;;Sednesa;;;;;;;;;;;;;;;;;;;;;;
;;;;;;;;;;;;;;;;;;;;;;;;;;;;;;;;;;;;;;;;;;;;;;;;;;;;;;;;;;;;;;;;;;;;;;;;;;;;;;;;;Theracomplex Erkaeltung & Husten Sirup;;;;;;;;;;;;;;;;;;;;;;
;;;;;;;;;;;;;;;;;;;;;;;;;;;;;;;;;;;;;;;;;;;;;;;;;;;;;;;;;;;;;;;;;;;;;;;;;;;;;;;;;Allergy And Sinus Relief Extra Strength;;;;;;;;;;;;;;;;;;;;;;
;;;;;;;;;;;;;;;;;;;;;;;;;;;;;;;;;;;;;;;;;;;;;;;;;;;;;;;;;;;;;;;;;;;;;;;;;;;;;;;;;Biohisdine;;;;;;;;;;;;;;;;;;;;;;
;;;;;;;;;;;;;;;;;;;;;;;;;;;;;;;;;;;;;;;;;;;;;;;;;;;;;;;;;;;;;;;;;;;;;;;;;;;;;;;;;Hemorrhoidal Relief;;;;;;;;;;;;;;;;;;;;;;
;;;;;;;;;;;;;;;;;;;;;;;;;;;;;;;;;;;;;;;;;;;;;;;;;;;;;;;;;;;;;;;;;;;;;;;;;;;;;;;;;Extra Strength Daytime Cold Relief;;;;;;;;;;;;;;;;;;;;;;
;;;;;;;;;;;;;;;;;;;;;;;;;;;;;;;;;;;;;;;;;;;;;;;;;;;;;;;;;;;;;;;;;;;;;;;;;;;;;;;;;Extra Strength Daytime Flu Pe;;;;;;;;;;;;;;;;;;;;;;
;;;;;;;;;;;;;;;;;;;;;;;;;;;;;;;;;;;;;;;;;;;;;;;;;;;;;;;;;;;;;;;;;;;;;;;;;;;;;;;;;Extra Strength Neocitran Cold With Mucus Relief;;;;;;;;;;;;;;;;;;;;;;
;;;;;;;;;;;;;;;;;;;;;;;;;;;;;;;;;;;;;;;;;;;;;;;;;;;;;;;;;;;;;;;;;;;;;;;;;;;;;;;;;Extra Strength Neocitran Flu;;;;;;;;;;;;;;;;;;;;;;
;;;;;;;;;;;;;;;;;;;;;;;;;;;;;;;;;;;;;;;;;;;;;;;;;;;;;;;;;;;;;;;;;;;;;;;;;;;;;;;;;Extra Strength Pharmacitron;;;;;;;;;;;;;;;;;;;;;;
;;;;;;;;;;;;;;;;;;;;;;;;;;;;;;;;;;;;;;;;;;;;;;;;;;;;;;;;;;;;;;;;;;;;;;;;;;;;;;;;;Extra Strength Total Symptom Relief Sugar-Free;;;;;;;;;;;;;;;;;;;;;;
;;;;;;;;;;;;;;;;;;;;;;;;;;;;;;;;;;;;;;;;;;;;;;;;;;;;;;;;;;;;;;;;;;;;;;;;;;;;;;;;;Dionephrine;;;;;;;;;;;;;;;;;;;;;;
;;;;;;;;;;;;;;;;;;;;;;;;;;;;;;;;;;;;;;;;;;;;;;;;;;;;;;;;;;;;;;;;;;;;;;;;;;;;;;;;;Cough & Cold;;;;;;;;;;;;;;;;;;;;;;
;;;;;;;;;;;;;;;;;;;;;;;;;;;;;;;;;;;;;;;;;;;;;;;;;;;;;;;;;;;;;;;;;;;;;;;;;;;;;;;;;Cold & Flu;;;;;;;;;;;;;;;;;;;;;;
;;;;;;;;;;;;;;;;;;;;;;;;;;;;;;;;;;;;;;;;;;;;;;;;;;;;;;;;;;;;;;;;;;;;;;;;;;;;;;;;;Coristine;;;;;;;;;;;;;;;;;;;;;;
;;;;;;;;;;;;;;;;;;;;;;;;;;;;;;;;;;;;;;;;;;;;;;;;;;;;;;;;;;;;;;;;;;;;;;;;;;;;;;;;;Daytime Cold & Flu;;;;;;;;;;;;;;;;;;;;;;
;;;;;;;;;;;;;;;;;;;;;;;;;;;;;;;;;;;;;;;;;;;;;;;;;;;;;;;;;;;;;;;;;;;;;;;;;;;;;;;;;Neo Synephrine Nasal Drop;;;;;;;;;;;;;;;;;;;;;;
;;;;;;;;;;;;;;;;;;;;;;;;;;;;;;;;;;;;;;;;;;;;;;;;;;;;;;;;;;;;;;;;;;;;;;;;;;;;;;;;;Neocitran Cold & Cough Night;;;;;;;;;;;;;;;;;;;;;;
;;;;;;;;;;;;;;;;;;;;;;;;;;;;;;;;;;;;;;;;;;;;;;;;;;;;;;;;;;;;;;;;;;;;;;;;;;;;;;;;;Neocitran Cold & Sore Throat Night;;;;;;;;;;;;;;;;;;;;;;
;;;;;;;;;;;;;;;;;;;;;;;;;;;;;;;;;;;;;;;;;;;;;;;;;;;;;;;;;;;;;;;;;;;;;;;;;;;;;;;;;Neocitran Thin Strips Nighttime Cough;;;;;;;;;;;;;;;;;;;;;;
;;;;;;;;;;;;;;;;;;;;;;;;;;;;;;;;;;;;;;;;;;;;;;;;;;;;;;;;;;;;;;;;;;;;;;;;;;;;;;;;;Nighttime Cold Relief Extra Strength Pe;;;;;;;;;;;;;;;;;;;;;;
;;;;;;;;;;;;;;;;;;;;;;;;;;;;;;;;;;;;;;;;;;;;;;;;;;;;;;;;;;;;;;;;;;;;;;;;;;;;;;;;;Novahistine Decongestant;;;;;;;;;;;;;;;;;;;;;;
;;;;;;;;;;;;;;;;;;;;;;;;;;;;;;;;;;;;;;;;;;;;;;;;;;;;;;;;;;;;;;;;;;;;;;;;;;;;;;;;;Hot Cold And Flu Relief Regular Strength;;;;;;;;;;;;;;;;;;;;;;
;;;;;;;;;;;;;;;;;;;;;;;;;;;;;;;;;;;;;;;;;;;;;;;;;;;;;;;;;;;;;;;;;;;;;;;;;;;;;;;;;Hot Extra Strength;;;;;;;;;;;;;;;;;;;;;;
;;;;;;;;;;;;;;;;;;;;;;;;;;;;;;;;;;;;;;;;;;;;;;;;;;;;;;;;;;;;;;;;;;;;;;;;;;;;;;;;;Little Colds Multi-Symptom Cold Formula;;;;;;;;;;;;;;;;;;;;;;
;;;;;;;;;;;;;;;;;;;;;;;;;;;;;;;;;;;;;;;;;;;;;;;;;;;;;;;;;;;;;;;;;;;;;;;;;;;;;;;;;Pulmorphan;;;;;;;;;;;;;;;;;;;;;;
;;;;;;;;;;;;;;;;;;;;;;;;;;;;;;;;;;;;;;;;;;;;;;;;;;;;;;;;;;;;;;;;;;;;;;;;;;;;;;;;;Rhume Et De La Grippe;;;;;;;;;;;;;;;;;;;;;;
;;;;;;;;;;;;;;;;;;;;;;;;;;;;;;;;;;;;;;;;;;;;;;;;;;;;;;;;;;;;;;;;;;;;;;;;;;;;;;;;;Preparation H-Pe Gel;;;;;;;;;;;;;;;;;;;;;;
;;;;;;;;;;;;;;;;;;;;;;;;;;;;;;;;;;;;;;;;;;;;;;;;;;;;;;;;;;;;;;;;;;;;;;;;;;;;;;;;;Pharmacitron;;;;;;;;;;;;;;;;;;;;;;
;;;;;;;;;;;;;;;;;;;;;;;;;;;;;;;;;;;;;;;;;;;;;;;;;;;;;;;;;;;;;;;;;;;;;;;;;;;;;;;;;Triaminic Nighttime Cough And Cold;;;;;;;;;;;;;;;;;;;;;;
;;;;;;;;;;;;;;;;;;;;;;;;;;;;;;;;;;;;;;;;;;;;;;;;;;;;;;;;;;;;;;;;;;;;;;;;;;;;;;;;;Theraflu Cold And Flu;;;;;;;;;;;;;;;;;;;;;;
;;;;;;;;;;;;;;;;;;;;;;;;;;;;;;;;;;;;;;;;;;;;;;;;;;;;;;;;;;;;;;;;;;;;;;;;;;;;;;;;;Sinus Medication;;;;;;;;;;;;;;;;;;;;;;
;;;;;;;;;;;;;;;;;;;;;;;;;;;;;;;;;;;;;;;;;;;;;;;;;;;;;;;;;;;;;;;;;;;;;;;;;;;;;;;;;Preparation H Suppositories Reformulated Oct 2013;;;;;;;;;;;;;;;;;;;;;;
;;;;;;;;;;;;;;;;;;;;;;;;;;;;;;;;;;;;;;;;;;;;;;;;;;;;;;;;;;;;;;;;;;;;;;;;;;;;;;;;;Mucinex Stuffy Nose & Cold;;;;;;;;;;;;;;;;;;;;;;
;;;;;;;;;;;;;;;;;;;;;;;;;;;;;;;;;;;;;;;;;;;;;;;;;;;;;;;;;;;;;;;;;;;;;;;;;;;;;;;;;Triaminic Cold and Allergy Reformulated Jan 2014;;;;;;;;;;;;;;;;;;;;;;
;;;;;;;;;;;;;;;;;;;;;;;;;;;;;;;;;;;;;;;;;;;;;;;;;;;;;;;;;;;;;;;;;;;;;;;;;;;;;;;;;Dallergy Reformulated Mar 2014;;;;;;;;;;;;;;;;;;;;;;
;;;;;;;;;;;;;;;;;;;;;;;;;;;;;;;;;;;;;;;;;;;;;;;;;;;;;;;;;;;;;;;;;;;;;;;;;;;;;;;;;Hemorrodil;;;;;;;;;;;;;;;;;;;;;;
;;;;;;;;;;;;;;;;;;;;;;;;;;;;;;;;;;;;;;;;;;;;;;;;;;;;;;;;;;;;;;;;;;;;;;;;;;;;;;;;;Sanatos Severe Cold & Cough Daytime;;;;;;;;;;;;;;;;;;;;;;
;;;;;;;;;;;;;;;;;;;;;;;;;;;;;;;;;;;;;;;;;;;;;;;;;;;;;;;;;;;;;;;;;;;;;;;;;;;;;;;;;Alka-Seltzer Plus Night Severe Cold and Flu;;;;;;;;;;;;;;;;;;;;;;
;;;;;;;;;;;;;;;;;;;;;;;;;;;;;;;;;;;;;;;;;;;;;;;;;;;;;;;;;;;;;;;;;;;;;;;;;;;;;;;;;Dr. Cocoa Nighttime Cough and Cold;;;;;;;;;;;;;;;;;;;;;;
;;;;;;;;;;;;;;;;;;;;;;;;;;;;;;;;;;;;;;;;;;;;;;;;;;;;;;;;;;;;;;;;;;;;;;;;;;;;;;;;;Alka-Seltzer Plus Day Severe Cold Plus Flu;;;;;;;;;;;;;;;;;;;;;;
;;;;;;;;;;;;;;;;;;;;;;;;;;;;;;;;;;;;;;;;;;;;;;;;;;;;;;;;;;;;;;;;;;;;;;;;;;;;;;;;;Immphentiv;;;;;;;;;;;;;;;;;;;;;;
;;;;;;;;;;;;;;;;;;;;;;;;;;;;;;;;;;;;;;;;;;;;;;;;;;;;;;;;;;;;;;;;;;;;;;;;;;;;;;;;;Dimetapp;;;;;;;;;;;;;;;;;;;;;;
;;;;;;;;;;;;;;;;;;;;;;;;;;;;;;;;;;;;;;;;;;;;;;;;;;;;;;;;;;;;;;;;;;;;;;;;;;;;;;;;;Cough And Cold;;;;;;;;;;;;;;;;;;;;;;
;;;;;;;;;;;;;;;;;;;;;;;;;;;;;;;;;;;;;;;;;;;;;;;;;;;;;;;;;;;;;;;;;;;;;;;;;;;;;;;;;Giltuss Allergy & Sinus;;;;;;;;;;;;;;;;;;;;;;
;;;;;;;;;;;;;;;;;;;;;;;;;;;;;;;;;;;;;;;;;;;;;;;;;;;;;;;;;;;;;;;;;;;;;;;;;;;;;;;;;Giltuss Sinus & Congestion;;;;;;;;;;;;;;;;;;;;;;
;;;;;;;;;;;;;;;;;;;;;;;;;;;;;;;;;;;;;;;;;;;;;;;;;;;;;;;;;;;;;;;;;;;;;;;;;;;;;;;;;ADIEUCO;;;;;;;;;;;;;;;;;;;;;;
;;;;;;;;;;;;;;;;;;;;;;;;;;;;;;;;;;;;;;;;;;;;;;;;;;;;;;;;;;;;;;;;;;;;;;;;;;;;;;;;;Sudex;;;;;;;;;;;;;;;;;;;;;;
;;;;;;;;;;;;;;;;;;;;;;;;;;;;;;;;;;;;;;;;;;;;;;;;;;;;;;;;;;;;;;;;;;;;;;;;;;;;;;;;;Robitussin Cough & Cold CF;;;;;;;;;;;;;;;;;;;;;;
;;;;;;;;;;;;;;;;;;;;;;;;;;;;;;;;;;;;;;;;;;;;;;;;;;;;;;;;;;;;;;;;;;;;;;;;;;;;;;;;;Alka-Seltzer Plus Night Time Reformulated Dec 2006;;;;;;;;;;;;;;;;;;;;;;
;;;;;;;;;;;;;;;;;;;;;;;;;;;;;;;;;;;;;;;;;;;;;;;;;;;;;;;;;;;;;;;;;;;;;;;;;;;;;;;;;Deconex DM;;;;;;;;;;;;;;;;;;;;;;
;;;;;;;;;;;;;;;;;;;;;;;;;;;;;;;;;;;;;;;;;;;;;;;;;;;;;;;;;;;;;;;;;;;;;;;;;;;;;;;;;Dynex 12;;;;;;;;;;;;;;;;;;;;;;
;;;;;;;;;;;;;;;;;;;;;;;;;;;;;;;;;;;;;;;;;;;;;;;;;;;;;;;;;;;;;;;;;;;;;;;;;;;;;;;;;Tylenol Cold Multi-Symptom Daytime;;;;;;;;;;;;;;;;;;;;;;
;;;;;;;;;;;;;;;;;;;;;;;;;;;;;;;;;;;;;;;;;;;;;;;;;;;;;;;;;;;;;;;;;;;;;;;;;;;;;;;;;Levall;;;;;;;;;;;;;;;;;;;;;;
;;;;;;;;;;;;;;;;;;;;;;;;;;;;;;;;;;;;;;;;;;;;;;;;;;;;;;;;;;;;;;;;;;;;;;;;;;;;;;;;;Atrohist Suspension;;;;;;;;;;;;;;;;;;;;;;
;;;;;;;;;;;;;;;;;;;;;;;;;;;;;;;;;;;;;;;;;;;;;;;;;;;;;;;;;;;;;;;;;;;;;;;;;;;;;;;;;Phena-S;;;;;;;;;;;;;;;;;;;;;;
;;;;;;;;;;;;;;;;;;;;;;;;;;;;;;;;;;;;;;;;;;;;;;;;;;;;;;;;;;;;;;;;;;;;;;;;;;;;;;;;;Tannic-12;;;;;;;;;;;;;;;;;;;;;;
;;;;;;;;;;;;;;;;;;;;;;;;;;;;;;;;;;;;;;;;;;;;;;;;;;;;;;;;;;;;;;;;;;;;;;;;;;;;;;;;;Actifed Cold & Allergy;;;;;;;;;;;;;;;;;;;;;;
;;;;;;;;;;;;;;;;;;;;;;;;;;;;;;;;;;;;;;;;;;;;;;;;;;;;;;;;;;;;;;;;;;;;;;;;;;;;;;;;;Pediacare Decongestant;;;;;;;;;;;;;;;;;;;;;;
;;;;;;;;;;;;;;;;;;;;;;;;;;;;;;;;;;;;;;;;;;;;;;;;;;;;;;;;;;;;;;;;;;;;;;;;;;;;;;;;;Sudafed PE Nighttime Cold;;;;;;;;;;;;;;;;;;;;;;
;;;;;;;;;;;;;;;;;;;;;;;;;;;;;;;;;;;;;;;;;;;;;;;;;;;;;;;;;;;;;;;;;;;;;;;;;;;;;;;;;Robitussin Head & Chest Congestion;;;;;;;;;;;;;;;;;;;;;;
;;;;;;;;;;;;;;;;;;;;;;;;;;;;;;;;;;;;;;;;;;;;;;;;;;;;;;;;;;;;;;;;;;;;;;;;;;;;;;;;;Allanhist PDX;;;;;;;;;;;;;;;;;;;;;;
;;;;;;;;;;;;;;;;;;;;;;;;;;;;;;;;;;;;;;;;;;;;;;;;;;;;;;;;;;;;;;;;;;;;;;;;;;;;;;;;;Resperal;;;;;;;;;;;;;;;;;;;;;;
;;;;;;;;;;;;;;;;;;;;;;;;;;;;;;;;;;;;;;;;;;;;;;;;;;;;;;;;;;;;;;;;;;;;;;;;;;;;;;;;;Visonex;;;;;;;;;;;;;;;;;;;;;;
;;;;;;;;;;;;;;;;;;;;;;;;;;;;;;;;;;;;;;;;;;;;;;;;;;;;;;;;;;;;;;;;;;;;;;;;;;;;;;;;;Reme Hist DM;;;;;;;;;;;;;;;;;;;;;;
;;;;;;;;;;;;;;;;;;;;;;;;;;;;;;;;;;;;;;;;;;;;;;;;;;;;;;;;;;;;;;;;;;;;;;;;;;;;;;;;;Exetuss DM;;;;;;;;;;;;;;;;;;;;;;
;;;;;;;;;;;;;;;;;;;;;;;;;;;;;;;;;;;;;;;;;;;;;;;;;;;;;;;;;;;;;;;;;;;;;;;;;;;;;;;;;Tussplex;;;;;;;;;;;;;;;;;;;;;;
;;;;;;;;;;;;;;;;;;;;;;;;;;;;;;;;;;;;;;;;;;;;;;;;;;;;;;;;;;;;;;;;;;;;;;;;;;;;;;;;;Re-Drylex Jr.;;;;;;;;;;;;;;;;;;;;;;
;;;;;;;;;;;;;;;;;;;;;;;;;;;;;;;;;;;;;;;;;;;;;;;;;;;;;;;;;;;;;;;;;;;;;;;;;;;;;;;;;Zotex-12D;;;;;;;;;;;;;;;;;;;;;;
;;;;;;;;;;;;;;;;;;;;;;;;;;;;;;;;;;;;;;;;;;;;;;;;;;;;;;;;;;;;;;;;;;;;;;;;;;;;;;;;;PE-Guai;;;;;;;;;;;;;;;;;;;;;;
;;;;;;;;;;;;;;;;;;;;;;;;;;;;;;;;;;;;;;;;;;;;;;;;;;;;;;;;;;;;;;;;;;;;;;;;;;;;;;;;;Dristan;;;;;;;;;;;;;;;;;;;;;;
;;;;;;;;;;;;;;;;;;;;;;;;;;;;;;;;;;;;;;;;;;;;;;;;;;;;;;;;;;;;;;;;;;;;;;;;;;;;;;;;;Tusso-DMR;;;;;;;;;;;;;;;;;;;;;;
;;;;;;;;;;;;;;;;;;;;;;;;;;;;;;;;;;;;;;;;;;;;;;;;;;;;;;;;;;;;;;;;;;;;;;;;;;;;;;;;;Entex LA Tablet Reformulated Feb 2008;;;;;;;;;;;;;;;;;;;;;;
;;;;;;;;;;;;;;;;;;;;;;;;;;;;;;;;;;;;;;;;;;;;;;;;;;;;;;;;;;;;;;;;;;;;;;;;;;;;;;;;;Tanahist-D;;;;;;;;;;;;;;;;;;;;;;
;;;;;;;;;;;;;;;;;;;;;;;;;;;;;;;;;;;;;;;;;;;;;;;;;;;;;;;;;;;;;;;;;;;;;;;;;;;;;;;;;Poly-Tussin AC;;;;;;;;;;;;;;;;;;;;;;
;;;;;;;;;;;;;;;;;;;;;;;;;;;;;;;;;;;;;;;;;;;;;;;;;;;;;;;;;;;;;;;;;;;;;;;;;;;;;;;;;Ala-Hist DM;;;;;;;;;;;;;;;;;;;;;;
;;;;;;;;;;;;;;;;;;;;;;;;;;;;;;;;;;;;;;;;;;;;;;;;;;;;;;;;;;;;;;;;;;;;;;;;;;;;;;;;;Relcof PE;;;;;;;;;;;;;;;;;;;;;;
;;;;;;;;;;;;;;;;;;;;;;;;;;;;;;;;;;;;;;;;;;;;;;;;;;;;;;;;;;;;;;;;;;;;;;;;;;;;;;;;;Robafen CF Reformulated Feb 2008;;;;;;;;;;;;;;;;;;;;;;
;;;;;;;;;;;;;;;;;;;;;;;;;;;;;;;;;;;;;;;;;;;;;;;;;;;;;;;;;;;;;;;;;;;;;;;;;;;;;;;;;Dexall;;;;;;;;;;;;;;;;;;;;;;
;;;;;;;;;;;;;;;;;;;;;;;;;;;;;;;;;;;;;;;;;;;;;;;;;;;;;;;;;;;;;;;;;;;;;;;;;;;;;;;;;Dimetapp Cold;;;;;;;;;;;;;;;;;;;;;;
;;;;;;;;;;;;;;;;;;;;;;;;;;;;;;;;;;;;;;;;;;;;;;;;;;;;;;;;;;;;;;;;;;;;;;;;;;;;;;;;;Seradex LA;;;;;;;;;;;;;;;;;;;;;;
;;;;;;;;;;;;;;;;;;;;;;;;;;;;;;;;;;;;;;;;;;;;;;;;;;;;;;;;;;;;;;;;;;;;;;;;;;;;;;;;;Duohist;;;;;;;;;;;;;;;;;;;;;;
;;;;;;;;;;;;;;;;;;;;;;;;;;;;;;;;;;;;;;;;;;;;;;;;;;;;;;;;;;;;;;;;;;;;;;;;;;;;;;;;;Ru-Tuss;;;;;;;;;;;;;;;;;;;;;;
;;;;;;;;;;;;;;;;;;;;;;;;;;;;;;;;;;;;;;;;;;;;;;;;;;;;;;;;;;;;;;;;;;;;;;;;;;;;;;;;;NalDex;;;;;;;;;;;;;;;;;;;;;;
;;;;;;;;;;;;;;;;;;;;;;;;;;;;;;;;;;;;;;;;;;;;;;;;;;;;;;;;;;;;;;;;;;;;;;;;;;;;;;;;;Crantex LA;;;;;;;;;;;;;;;;;;;;;;
;;;;;;;;;;;;;;;;;;;;;;;;;;;;;;;;;;;;;;;;;;;;;;;;;;;;;;;;;;;;;;;;;;;;;;;;;;;;;;;;;De-Chlor HD;;;;;;;;;;;;;;;;;;;;;;
;;;;;;;;;;;;;;;;;;;;;;;;;;;;;;;;;;;;;;;;;;;;;;;;;;;;;;;;;;;;;;;;;;;;;;;;;;;;;;;;;Theraflu Daytime Severe Cold & Cough;;;;;;;;;;;;;;;;;;;;;;
;;;;;;;;;;;;;;;;;;;;;;;;;;;;;;;;;;;;;;;;;;;;;;;;;;;;;;;;;;;;;;;;;;;;;;;;;;;;;;;;;Dimetapp Toddler;;;;;;;;;;;;;;;;;;;;;;
;;;;;;;;;;;;;;;;;;;;;;;;;;;;;;;;;;;;;;;;;;;;;;;;;;;;;;;;;;;;;;;;;;;;;;;;;;;;;;;;;Entex ER;;;;;;;;;;;;;;;;;;;;;;
;;;;;;;;;;;;;;;;;;;;;;;;;;;;;;;;;;;;;;;;;;;;;;;;;;;;;;;;;;;;;;;;;;;;;;;;;;;;;;;;;Entex HC Discontinued;;;;;;;;;;;;;;;;;;;;;;
;;;;;;;;;;;;;;;;;;;;;;;;;;;;;;;;;;;;;;;;;;;;;;;;;;;;;;;;;;;;;;;;;;;;;;;;;;;;;;;;;Despec DM Reformulated Sep 2008;;;;;;;;;;;;;;;;;;;;;;
;;;;;;;;;;;;;;;;;;;;;;;;;;;;;;;;;;;;;;;;;;;;;;;;;;;;;;;;;;;;;;;;;;;;;;;;;;;;;;;;;Theraflu Flu & Sore Throat Reformulated Sep 2008;;;;;;;;;;;;;;;;;;;;;;
;;;;;;;;;;;;;;;;;;;;;;;;;;;;;;;;;;;;;;;;;;;;;;;;;;;;;;;;;;;;;;;;;;;;;;;;;;;;;;;;;Lusonal Reformulated Oct 2008;;;;;;;;;;;;;;;;;;;;;;
;;;;;;;;;;;;;;;;;;;;;;;;;;;;;;;;;;;;;;;;;;;;;;;;;;;;;;;;;;;;;;;;;;;;;;;;;;;;;;;;;Bromfed PD Reformulated Oct 2008;;;;;;;;;;;;;;;;;;;;;;
;;;;;;;;;;;;;;;;;;;;;;;;;;;;;;;;;;;;;;;;;;;;;;;;;;;;;;;;;;;;;;;;;;;;;;;;;;;;;;;;;Novahistine DH Reformulated Oct 2008;;;;;;;;;;;;;;;;;;;;;;
;;;;;;;;;;;;;;;;;;;;;;;;;;;;;;;;;;;;;;;;;;;;;;;;;;;;;;;;;;;;;;;;;;;;;;;;;;;;;;;;;Liquitex;;;;;;;;;;;;;;;;;;;;;;
;;;;;;;;;;;;;;;;;;;;;;;;;;;;;;;;;;;;;;;;;;;;;;;;;;;;;;;;;;;;;;;;;;;;;;;;;;;;;;;;;Alka-Seltzer Plus Cold and Sinus;;;;;;;;;;;;;;;;;;;;;;
;;;;;;;;;;;;;;;;;;;;;;;;;;;;;;;;;;;;;;;;;;;;;;;;;;;;;;;;;;;;;;;;;;;;;;;;;;;;;;;;;Respa C&C;;;;;;;;;;;;;;;;;;;;;;
;;;;;;;;;;;;;;;;;;;;;;;;;;;;;;;;;;;;;;;;;;;;;;;;;;;;;;;;;;;;;;;;;;;;;;;;;;;;;;;;;Tanabid;;;;;;;;;;;;;;;;;;;;;;
;;;;;;;;;;;;;;;;;;;;;;;;;;;;;;;;;;;;;;;;;;;;;;;;;;;;;;;;;;;;;;;;;;;;;;;;;;;;;;;;;Theraflu Warming Cold & Chest Congestion;;;;;;;;;;;;;;;;;;;;;;
;;;;;;;;;;;;;;;;;;;;;;;;;;;;;;;;;;;;;;;;;;;;;;;;;;;;;;;;;;;;;;;;;;;;;;;;;;;;;;;;;Rondec Reformulated Feb 2009;;;;;;;;;;;;;;;;;;;;;;
;;;;;;;;;;;;;;;;;;;;;;;;;;;;;;;;;;;;;;;;;;;;;;;;;;;;;;;;;;;;;;;;;;;;;;;;;;;;;;;;;Rescon-MX Reformulated Feb 2009;;;;;;;;;;;;;;;;;;;;;;
;;;;;;;;;;;;;;;;;;;;;;;;;;;;;;;;;;;;;;;;;;;;;;;;;;;;;;;;;;;;;;;;;;;;;;;;;;;;;;;;;Corfen-DM;;;;;;;;;;;;;;;;;;;;;;
;;;;;;;;;;;;;;;;;;;;;;;;;;;;;;;;;;;;;;;;;;;;;;;;;;;;;;;;;;;;;;;;;;;;;;;;;;;;;;;;;Dytan-D;;;;;;;;;;;;;;;;;;;;;;
;;;;;;;;;;;;;;;;;;;;;;;;;;;;;;;;;;;;;;;;;;;;;;;;;;;;;;;;;;;;;;;;;;;;;;;;;;;;;;;;;Liquibid-PD;;;;;;;;;;;;;;;;;;;;;;
;;;;;;;;;;;;;;;;;;;;;;;;;;;;;;;;;;;;;;;;;;;;;;;;;;;;;;;;;;;;;;;;;;;;;;;;;;;;;;;;;Tannate 12D S;;;;;;;;;;;;;;;;;;;;;;
;;;;;;;;;;;;;;;;;;;;;;;;;;;;;;;;;;;;;;;;;;;;;;;;;;;;;;;;;;;;;;;;;;;;;;;;;;;;;;;;;Vanex;;;;;;;;;;;;;;;;;;;;;;
;;;;;;;;;;;;;;;;;;;;;;;;;;;;;;;;;;;;;;;;;;;;;;;;;;;;;;;;;;;;;;;;;;;;;;;;;;;;;;;;;Neo-Synephrine;;;;;;;;;;;;;;;;;;;;;;
;;;;;;;;;;;;;;;;;;;;;;;;;;;;;;;;;;;;;;;;;;;;;;;;;;;;;;;;;;;;;;;;;;;;;;;;;;;;;;;;;Ed-TLC;;;;;;;;;;;;;;;;;;;;;;
;;;;;;;;;;;;;;;;;;;;;;;;;;;;;;;;;;;;;;;;;;;;;;;;;;;;;;;;;;;;;;;;;;;;;;;;;;;;;;;;;Tuss-DS;;;;;;;;;;;;;;;;;;;;;;
;;;;;;;;;;;;;;;;;;;;;;;;;;;;;;;;;;;;;;;;;;;;;;;;;;;;;;;;;;;;;;;;;;;;;;;;;;;;;;;;;Ah-Chew D;;;;;;;;;;;;;;;;;;;;;;
;;;;;;;;;;;;;;;;;;;;;;;;;;;;;;;;;;;;;;;;;;;;;;;;;;;;;;;;;;;;;;;;;;;;;;;;;;;;;;;;;Andecon Pediatric Drops;;;;;;;;;;;;;;;;;;;;;;
;;;;;;;;;;;;;;;;;;;;;;;;;;;;;;;;;;;;;;;;;;;;;;;;;;;;;;;;;;;;;;;;;;;;;;;;;;;;;;;;;Atrohist Plus;;;;;;;;;;;;;;;;;;;;;;
;;;;;;;;;;;;;;;;;;;;;;;;;;;;;;;;;;;;;;;;;;;;;;;;;;;;;;;;;;;;;;;;;;;;;;;;;;;;;;;;;Atuss G;;;;;;;;;;;;;;;;;;;;;;
;;;;;;;;;;;;;;;;;;;;;;;;;;;;;;;;;;;;;;;;;;;;;;;;;;;;;;;;;;;;;;;;;;;;;;;;;;;;;;;;;Atuss MS;;;;;;;;;;;;;;;;;;;;;;
;;;;;;;;;;;;;;;;;;;;;;;;;;;;;;;;;;;;;;;;;;;;;;;;;;;;;;;;;;;;;;;;;;;;;;;;;;;;;;;;;Comtussin HC;;;;;;;;;;;;;;;;;;;;;;
;;;;;;;;;;;;;;;;;;;;;;;;;;;;;;;;;;;;;;;;;;;;;;;;;;;;;;;;;;;;;;;;;;;;;;;;;;;;;;;;;Crantex;;;;;;;;;;;;;;;;;;;;;;
;;;;;;;;;;;;;;;;;;;;;;;;;;;;;;;;;;;;;;;;;;;;;;;;;;;;;;;;;;;;;;;;;;;;;;;;;;;;;;;;;Cyndal HD;;;;;;;;;;;;;;;;;;;;;;
;;;;;;;;;;;;;;;;;;;;;;;;;;;;;;;;;;;;;;;;;;;;;;;;;;;;;;;;;;;;;;;;;;;;;;;;;;;;;;;;;Decongestabs;;;;;;;;;;;;;;;;;;;;;;
;;;;;;;;;;;;;;;;;;;;;;;;;;;;;;;;;;;;;;;;;;;;;;;;;;;;;;;;;;;;;;;;;;;;;;;;;;;;;;;;;Deconsal Pediatric;;;;;;;;;;;;;;;;;;;;;;
;;;;;;;;;;;;;;;;;;;;;;;;;;;;;;;;;;;;;;;;;;;;;;;;;;;;;;;;;;;;;;;;;;;;;;;;;;;;;;;;;Demi-Cof;;;;;;;;;;;;;;;;;;;;;;
;;;;;;;;;;;;;;;;;;;;;;;;;;;;;;;;;;;;;;;;;;;;;;;;;;;;;;;;;;;;;;;;;;;;;;;;;;;;;;;;;Codimal DM;;;;;;;;;;;;;;;;;;;;;;
;;;;;;;;;;;;;;;;;;;;;;;;;;;;;;;;;;;;;;;;;;;;;;;;;;;;;;;;;;;;;;;;;;;;;;;;;;;;;;;;;Dicomal-PH;;;;;;;;;;;;;;;;;;;;;;
;;;;;;;;;;;;;;;;;;;;;;;;;;;;;;;;;;;;;;;;;;;;;;;;;;;;;;;;;;;;;;;;;;;;;;;;;;;;;;;;;Novahistine Elixir;;;;;;;;;;;;;;;;;;;;;;
;;;;;;;;;;;;;;;;;;;;;;;;;;;;;;;;;;;;;;;;;;;;;;;;;;;;;;;;;;;;;;;;;;;;;;;;;;;;;;;;;Phenergan VC with Codeine;;;;;;;;;;;;;;;;;;;;;;
;;;;;;;;;;;;;;;;;;;;;;;;;;;;;;;;;;;;;;;;;;;;;;;;;;;;;;;;;;;;;;;;;;;;;;;;;;;;;;;;;Duradal HD;;;;;;;;;;;;;;;;;;;;;;
;;;;;;;;;;;;;;;;;;;;;;;;;;;;;;;;;;;;;;;;;;;;;;;;;;;;;;;;;;;;;;;;;;;;;;;;;;;;;;;;;Duradryl;;;;;;;;;;;;;;;;;;;;;;
;;;;;;;;;;;;;;;;;;;;;;;;;;;;;;;;;;;;;;;;;;;;;;;;;;;;;;;;;;;;;;;;;;;;;;;;;;;;;;;;;Zincfrin;;;;;;;;;;;;;;;;;;;;;;
;;;;;;;;;;;;;;;;;;;;;;;;;;;;;;;;;;;;;;;;;;;;;;;;;;;;;;;;;;;;;;;;;;;;;;;;;;;;;;;;;Endagen-HD;;;;;;;;;;;;;;;;;;;;;;
;;;;;;;;;;;;;;;;;;;;;;;;;;;;;;;;;;;;;;;;;;;;;;;;;;;;;;;;;;;;;;;;;;;;;;;;;;;;;;;;;Endal-HD;;;;;;;;;;;;;;;;;;;;;;
;;;;;;;;;;;;;;;;;;;;;;;;;;;;;;;;;;;;;;;;;;;;;;;;;;;;;;;;;;;;;;;;;;;;;;;;;;;;;;;;;Guaifed;;;;;;;;;;;;;;;;;;;;;;
;;;;;;;;;;;;;;;;;;;;;;;;;;;;;;;;;;;;;;;;;;;;;;;;;;;;;;;;;;;;;;;;;;;;;;;;;;;;;;;;;Guiaphen HD;;;;;;;;;;;;;;;;;;;;;;
;;;;;;;;;;;;;;;;;;;;;;;;;;;;;;;;;;;;;;;;;;;;;;;;;;;;;;;;;;;;;;;;;;;;;;;;;;;;;;;;;Hemorid;;;;;;;;;;;;;;;;;;;;;;
;;;;;;;;;;;;;;;;;;;;;;;;;;;;;;;;;;;;;;;;;;;;;;;;;;;;;;;;;;;;;;;;;;;;;;;;;;;;;;;;;Hemorid Ointment;;;;;;;;;;;;;;;;;;;;;;
;;;;;;;;;;;;;;;;;;;;;;;;;;;;;;;;;;;;;;;;;;;;;;;;;;;;;;;;;;;;;;;;;;;;;;;;;;;;;;;;;Hi-Tuss HC;;;;;;;;;;;;;;;;;;;;;;
;;;;;;;;;;;;;;;;;;;;;;;;;;;;;;;;;;;;;;;;;;;;;;;;;;;;;;;;;;;;;;;;;;;;;;;;;;;;;;;;;Hista-Vadrin;;;;;;;;;;;;;;;;;;;;;;
;;;;;;;;;;;;;;;;;;;;;;;;;;;;;;;;;;;;;;;;;;;;;;;;;;;;;;;;;;;;;;;;;;;;;;;;;;;;;;;;;Histussin-HC;;;;;;;;;;;;;;;;;;;;;;
;;;;;;;;;;;;;;;;;;;;;;;;;;;;;;;;;;;;;;;;;;;;;;;;;;;;;;;;;;;;;;;;;;;;;;;;;;;;;;;;;Hycomine Compound;;;;;;;;;;;;;;;;;;;;;;
;;;;;;;;;;;;;;;;;;;;;;;;;;;;;;;;;;;;;;;;;;;;;;;;;;;;;;;;;;;;;;;;;;;;;;;;;;;;;;;;;Iodal HD;;;;;;;;;;;;;;;;;;;;;;
;;;;;;;;;;;;;;;;;;;;;;;;;;;;;;;;;;;;;;;;;;;;;;;;;;;;;;;;;;;;;;;;;;;;;;;;;;;;;;;;;HIST-HC;;;;;;;;;;;;;;;;;;;;;;
;;;;;;;;;;;;;;;;;;;;;;;;;;;;;;;;;;;;;;;;;;;;;;;;;;;;;;;;;;;;;;;;;;;;;;;;;;;;;;;;;Isopto Frin;;;;;;;;;;;;;;;;;;;;;;
;;;;;;;;;;;;;;;;;;;;;;;;;;;;;;;;;;;;;;;;;;;;;;;;;;;;;;;;;;;;;;;;;;;;;;;;;;;;;;;;;Guaiphen-D;;;;;;;;;;;;;;;;;;;;;;
;;;;;;;;;;;;;;;;;;;;;;;;;;;;;;;;;;;;;;;;;;;;;;;;;;;;;;;;;;;;;;;;;;;;;;;;;;;;;;;;;Lusonex;;;;;;;;;;;;;;;;;;;;;;
;;;;;;;;;;;;;;;;;;;;;;;;;;;;;;;;;;;;;;;;;;;;;;;;;;;;;;;;;;;;;;;;;;;;;;;;;;;;;;;;;Tusdec HC;;;;;;;;;;;;;;;;;;;;;;
;;;;;;;;;;;;;;;;;;;;;;;;;;;;;;;;;;;;;;;;;;;;;;;;;;;;;;;;;;;;;;;;;;;;;;;;;;;;;;;;;Lusonal;;;;;;;;;;;;;;;;;;;;;;
;;;;;;;;;;;;;;;;;;;;;;;;;;;;;;;;;;;;;;;;;;;;;;;;;;;;;;;;;;;;;;;;;;;;;;;;;;;;;;;;;Tusquelin;;;;;;;;;;;;;;;;;;;;;;
;;;;;;;;;;;;;;;;;;;;;;;;;;;;;;;;;;;;;;;;;;;;;;;;;;;;;;;;;;;;;;;;;;;;;;;;;;;;;;;;;Murocoll 2;;;;;;;;;;;;;;;;;;;;;;
;;;;;;;;;;;;;;;;;;;;;;;;;;;;;;;;;;;;;;;;;;;;;;;;;;;;;;;;;;;;;;;;;;;;;;;;;;;;;;;;;Tusdec DM;;;;;;;;;;;;;;;;;;;;;;
;;;;;;;;;;;;;;;;;;;;;;;;;;;;;;;;;;;;;;;;;;;;;;;;;;;;;;;;;;;;;;;;;;;;;;;;;;;;;;;;;Panatuss DX;;;;;;;;;;;;;;;;;;;;;;
;;;;;;;;;;;;;;;;;;;;;;;;;;;;;;;;;;;;;;;;;;;;;;;;;;;;;;;;;;;;;;;;;;;;;;;;;;;;;;;;;Albatussin NN;;;;;;;;;;;;;;;;;;;;;;
;;;;;;;;;;;;;;;;;;;;;;;;;;;;;;;;;;;;;;;;;;;;;;;;;;;;;;;;;;;;;;;;;;;;;;;;;;;;;;;;;Mydfrin;;;;;;;;;;;;;;;;;;;;;;
;;;;;;;;;;;;;;;;;;;;;;;;;;;;;;;;;;;;;;;;;;;;;;;;;;;;;;;;;;;;;;;;;;;;;;;;;;;;;;;;;Albatussin CF;;;;;;;;;;;;;;;;;;;;;;
;;;;;;;;;;;;;;;;;;;;;;;;;;;;;;;;;;;;;;;;;;;;;;;;;;;;;;;;;;;;;;;;;;;;;;;;;;;;;;;;;Albatussin SR;;;;;;;;;;;;;;;;;;;;;;
;;;;;;;;;;;;;;;;;;;;;;;;;;;;;;;;;;;;;;;;;;;;;;;;;;;;;;;;;;;;;;;;;;;;;;;;;;;;;;;;;Anextuss;;;;;;;;;;;;;;;;;;;;;;
;;;;;;;;;;;;;;;;;;;;;;;;;;;;;;;;;;;;;;;;;;;;;;;;;;;;;;;;;;;;;;;;;;;;;;;;;;;;;;;;;Nalgest;;;;;;;;;;;;;;;;;;;;;;
;;;;;;;;;;;;;;;;;;;;;;;;;;;;;;;;;;;;;;;;;;;;;;;;;;;;;;;;;;;;;;;;;;;;;;;;;;;;;;;;;Nalphen Pediatric;;;;;;;;;;;;;;;;;;;;;;
;;;;;;;;;;;;;;;;;;;;;;;;;;;;;;;;;;;;;;;;;;;;;;;;;;;;;;;;;;;;;;;;;;;;;;;;;;;;;;;;;Norel;;;;;;;;;;;;;;;;;;;;;;
;;;;;;;;;;;;;;;;;;;;;;;;;;;;;;;;;;;;;;;;;;;;;;;;;;;;;;;;;;;;;;;;;;;;;;;;;;;;;;;;;Prop-A-Hist;;;;;;;;;;;;;;;;;;;;;;
;;;;;;;;;;;;;;;;;;;;;;;;;;;;;;;;;;;;;;;;;;;;;;;;;;;;;;;;;;;;;;;;;;;;;;;;;;;;;;;;;Respa-PE;;;;;;;;;;;;;;;;;;;;;;
;;;;;;;;;;;;;;;;;;;;;;;;;;;;;;;;;;;;;;;;;;;;;;;;;;;;;;;;;;;;;;;;;;;;;;;;;;;;;;;;;Q-Tuss with Hydrocodone;;;;;;;;;;;;;;;;;;;;;;
;;;;;;;;;;;;;;;;;;;;;;;;;;;;;;;;;;;;;;;;;;;;;;;;;;;;;;;;;;;;;;;;;;;;;;;;;;;;;;;;;Quadrahist Pediatric;;;;;;;;;;;;;;;;;;;;;;
;;;;;;;;;;;;;;;;;;;;;;;;;;;;;;;;;;;;;;;;;;;;;;;;;;;;;;;;;;;;;;;;;;;;;;;;;;;;;;;;;Maxiphen-G DM;;;;;;;;;;;;;;;;;;;;;;
;;;;;;;;;;;;;;;;;;;;;;;;;;;;;;;;;;;;;;;;;;;;;;;;;;;;;;;;;;;;;;;;;;;;;;;;;;;;;;;;;Duomax;;;;;;;;;;;;;;;;;;;;;;
;;;;;;;;;;;;;;;;;;;;;;;;;;;;;;;;;;;;;;;;;;;;;;;;;;;;;;;;;;;;;;;;;;;;;;;;;;;;;;;;;Rhinogesic;;;;;;;;;;;;;;;;;;;;;;
;;;;;;;;;;;;;;;;;;;;;;;;;;;;;;;;;;;;;;;;;;;;;;;;;;;;;;;;;;;;;;;;;;;;;;;;;;;;;;;;;Rolatuss;;;;;;;;;;;;;;;;;;;;;;
;;;;;;;;;;;;;;;;;;;;;;;;;;;;;;;;;;;;;;;;;;;;;;;;;;;;;;;;;;;;;;;;;;;;;;;;;;;;;;;;;S-T Forte;;;;;;;;;;;;;;;;;;;;;;
;;;;;;;;;;;;;;;;;;;;;;;;;;;;;;;;;;;;;;;;;;;;;;;;;;;;;;;;;;;;;;;;;;;;;;;;;;;;;;;;;Xedec;;;;;;;;;;;;;;;;;;;;;;
;;;;;;;;;;;;;;;;;;;;;;;;;;;;;;;;;;;;;;;;;;;;;;;;;;;;;;;;;;;;;;;;;;;;;;;;;;;;;;;;;Relera;;;;;;;;;;;;;;;;;;;;;;
;;;;;;;;;;;;;;;;;;;;;;;;;;;;;;;;;;;;;;;;;;;;;;;;;;;;;;;;;;;;;;;;;;;;;;;;;;;;;;;;;Sudogest PE;;;;;;;;;;;;;;;;;;;;;;
;;;;;;;;;;;;;;;;;;;;;;;;;;;;;;;;;;;;;;;;;;;;;;;;;;;;;;;;;;;;;;;;;;;;;;;;;;;;;;;;;Dytan-CS;;;;;;;;;;;;;;;;;;;;;;
;;;;;;;;;;;;;;;;;;;;;;;;;;;;;;;;;;;;;;;;;;;;;;;;;;;;;;;;;;;;;;;;;;;;;;;;;;;;;;;;;Dytan-HC;;;;;;;;;;;;;;;;;;;;;;
;;;;;;;;;;;;;;;;;;;;;;;;;;;;;;;;;;;;;;;;;;;;;;;;;;;;;;;;;;;;;;;;;;;;;;;;;;;;;;;;;Aerokid;;;;;;;;;;;;;;;;;;;;;;
;;;;;;;;;;;;;;;;;;;;;;;;;;;;;;;;;;;;;;;;;;;;;;;;;;;;;;;;;;;;;;;;;;;;;;;;;;;;;;;;;Denaze;;;;;;;;;;;;;;;;;;;;;;
;;;;;;;;;;;;;;;;;;;;;;;;;;;;;;;;;;;;;;;;;;;;;;;;;;;;;;;;;;;;;;;;;;;;;;;;;;;;;;;;;Excof;;;;;;;;;;;;;;;;;;;;;;
;;;;;;;;;;;;;;;;;;;;;;;;;;;;;;;;;;;;;;;;;;;;;;;;;;;;;;;;;;;;;;;;;;;;;;;;;;;;;;;;;Uni-Lev 5.0;;;;;;;;;;;;;;;;;;;;;;
;;;;;;;;;;;;;;;;;;;;;;;;;;;;;;;;;;;;;;;;;;;;;;;;;;;;;;;;;;;;;;;;;;;;;;;;;;;;;;;;;Tri-Phen-Mine;;;;;;;;;;;;;;;;;;;;;;
;;;;;;;;;;;;;;;;;;;;;;;;;;;;;;;;;;;;;;;;;;;;;;;;;;;;;;;;;;;;;;;;;;;;;;;;;;;;;;;;;Tri-Tex;;;;;;;;;;;;;;;;;;;;;;
;;;;;;;;;;;;;;;;;;;;;;;;;;;;;;;;;;;;;;;;;;;;;;;;;;;;;;;;;;;;;;;;;;;;;;;;;;;;;;;;;Trimal DH;;;;;;;;;;;;;;;;;;;;;;
;;;;;;;;;;;;;;;;;;;;;;;;;;;;;;;;;;;;;;;;;;;;;;;;;;;;;;;;;;;;;;;;;;;;;;;;;;;;;;;;;Tusana D;;;;;;;;;;;;;;;;;;;;;;
;;;;;;;;;;;;;;;;;;;;;;;;;;;;;;;;;;;;;;;;;;;;;;;;;;;;;;;;;;;;;;;;;;;;;;;;;;;;;;;;;Tussafed-EX Drops;;;;;;;;;;;;;;;;;;;;;;
;;;;;;;;;;;;;;;;;;;;;;;;;;;;;;;;;;;;;;;;;;;;;;;;;;;;;;;;;;;;;;;;;;;;;;;;;;;;;;;;;Z-Cof HC;;;;;;;;;;;;;;;;;;;;;;
;;;;;;;;;;;;;;;;;;;;;;;;;;;;;;;;;;;;;;;;;;;;;;;;;;;;;;;;;;;;;;;;;;;;;;;;;;;;;;;;;Tussbid;;;;;;;;;;;;;;;;;;;;;;
;;;;;;;;;;;;;;;;;;;;;;;;;;;;;;;;;;;;;;;;;;;;;;;;;;;;;;;;;;;;;;;;;;;;;;;;;;;;;;;;;TUSS HC;;;;;;;;;;;;;;;;;;;;;;
;;;;;;;;;;;;;;;;;;;;;;;;;;;;;;;;;;;;;;;;;;;;;;;;;;;;;;;;;;;;;;;;;;;;;;;;;;;;;;;;;Simuc-HD;;;;;;;;;;;;;;;;;;;;;;
;;;;;;;;;;;;;;;;;;;;;;;;;;;;;;;;;;;;;;;;;;;;;;;;;;;;;;;;;;;;;;;;;;;;;;;;;;;;;;;;;Ventuss;;;;;;;;;;;;;;;;;;;;;;
;;;;;;;;;;;;;;;;;;;;;;;;;;;;;;;;;;;;;;;;;;;;;;;;;;;;;;;;;;;;;;;;;;;;;;;;;;;;;;;;;Rondex-DM;;;;;;;;;;;;;;;;;;;;;;
;;;;;;;;;;;;;;;;;;;;;;;;;;;;;;;;;;;;;;;;;;;;;;;;;;;;;;;;;;;;;;;;;;;;;;;;;;;;;;;;;Simuc;;;;;;;;;;;;;;;;;;;;;;
;;;;;;;;;;;;;;;;;;;;;;;;;;;;;;;;;;;;;;;;;;;;;;;;;;;;;;;;;;;;;;;;;;;;;;;;;;;;;;;;;Theraflu Nighttime Severe Cold;;;;;;;;;;;;;;;;;;;;;;
;;;;;;;;;;;;;;;;;;;;;;;;;;;;;;;;;;;;;;;;;;;;;;;;;;;;;;;;;;;;;;;;;;;;;;;;;;;;;;;;;AllerTan;;;;;;;;;;;;;;;;;;;;;;
;;;;;;;;;;;;;;;;;;;;;;;;;;;;;;;;;;;;;;;;;;;;;;;;;;;;;;;;;;;;;;;;;;;;;;;;;;;;;;;;;Norel EX;;;;;;;;;;;;;;;;;;;;;;
;;;;;;;;;;;;;;;;;;;;;;;;;;;;;;;;;;;;;;;;;;;;;;;;;;;;;;;;;;;;;;;;;;;;;;;;;;;;;;;;;Tylenol Allergy Multi-Symptom;;;;;;;;;;;;;;;;;;;;;;
;;;;;;;;;;;;;;;;;;;;;;;;;;;;;;;;;;;;;;;;;;;;;;;;;;;;;;;;;;;;;;;;;;;;;;;;;;;;;;;;;X-Hist;;;;;;;;;;;;;;;;;;;;;;
;;;;;;;;;;;;;;;;;;;;;;;;;;;;;;;;;;;;;;;;;;;;;;;;;;;;;;;;;;;;;;;;;;;;;;;;;;;;;;;;;A Tan-12X;;;;;;;;;;;;;;;;;;;;;;
;;;;;;;;;;;;;;;;;;;;;;;;;;;;;;;;;;;;;;;;;;;;;;;;;;;;;;;;;;;;;;;;;;;;;;;;;;;;;;;;;Relasin HC;;;;;;;;;;;;;;;;;;;;;;
;;;;;;;;;;;;;;;;;;;;;;;;;;;;;;;;;;;;;;;;;;;;;;;;;;;;;;;;;;;;;;;;;;;;;;;;;;;;;;;;;Rescon-MX Reformulated Oct 2006;;;;;;;;;;;;;;;;;;;;;;
;;;;;;;;;;;;;;;;;;;;;;;;;;;;;;;;;;;;;;;;;;;;;;;;;;;;;;;;;;;;;;;;;;;;;;;;;;;;;;;;;Aldex CT;;;;;;;;;;;;;;;;;;;;;;
;;;;;;;;;;;;;;;;;;;;;;;;;;;;;;;;;;;;;;;;;;;;;;;;;;;;;;;;;;;;;;;;;;;;;;;;;;;;;;;;;Genexa;;;;;;;;;;;;;;;;;;;;;;
;;;;;;;;;;;;;;;;;;;;;;;;;;;;;;;;;;;;;;;;;;;;;;;;;;;;;;;;;;;;;;;;;;;;;;;;;;;;;;;;;J-Max;;;;;;;;;;;;;;;;;;;;;;
;;;;;;;;;;;;;;;;;;;;;;;;;;;;;;;;;;;;;;;;;;;;;;;;;;;;;;;;;;;;;;;;;;;;;;;;;;;;;;;;;Drotuss CP;;;;;;;;;;;;;;;;;;;;;;
;;;;;;;;;;;;;;;;;;;;;;;;;;;;;;;;;;;;;;;;;;;;;;;;;;;;;;;;;;;;;;;;;;;;;;;;;;;;;;;;;Rescon-GG;;;;;;;;;;;;;;;;;;;;;;
;;;;;;;;;;;;;;;;;;;;;;;;;;;;;;;;;;;;;;;;;;;;;;;;;;;;;;;;;;;;;;;;;;;;;;;;;;;;;;;;;Rutuss;;;;;;;;;;;;;;;;;;;;;;
;;;;;;;;;;;;;;;;;;;;;;;;;;;;;;;;;;;;;;;;;;;;;;;;;;;;;;;;;;;;;;;;;;;;;;;;;;;;;;;;;Tussafed-HC;;;;;;;;;;;;;;;;;;;;;;
;;;;;;;;;;;;;;;;;;;;;;;;;;;;;;;;;;;;;;;;;;;;;;;;;;;;;;;;;;;;;;;;;;;;;;;;;;;;;;;;;Ryna-12;;;;;;;;;;;;;;;;;;;;;;
;;;;;;;;;;;;;;;;;;;;;;;;;;;;;;;;;;;;;;;;;;;;;;;;;;;;;;;;;;;;;;;;;;;;;;;;;;;;;;;;;De-Chlor MR;;;;;;;;;;;;;;;;;;;;;;
;;;;;;;;;;;;;;;;;;;;;;;;;;;;;;;;;;;;;;;;;;;;;;;;;;;;;;;;;;;;;;;;;;;;;;;;;;;;;;;;;Triant-HC;;;;;;;;;;;;;;;;;;;;;;
;;;;;;;;;;;;;;;;;;;;;;;;;;;;;;;;;;;;;;;;;;;;;;;;;;;;;;;;;;;;;;;;;;;;;;;;;;;;;;;;;Albatussin;;;;;;;;;;;;;;;;;;;;;;
;;;;;;;;;;;;;;;;;;;;;;;;;;;;;;;;;;;;;;;;;;;;;;;;;;;;;;;;;;;;;;;;;;;;;;;;;;;;;;;;;Gilphex;;;;;;;;;;;;;;;;;;;;;;
;;;;;;;;;;;;;;;;;;;;;;;;;;;;;;;;;;;;;;;;;;;;;;;;;;;;;;;;;;;;;;;;;;;;;;;;;;;;;;;;;Sudal;;;;;;;;;;;;;;;;;;;;;;
;;;;;;;;;;;;;;;;;;;;;;;;;;;;;;;;;;;;;;;;;;;;;;;;;;;;;;;;;;;;;;;;;;;;;;;;;;;;;;;;;Statuss DM;;;;;;;;;;;;;;;;;;;;;;
;;;;;;;;;;;;;;;;;;;;;;;;;;;;;;;;;;;;;;;;;;;;;;;;;;;;;;;;;;;;;;;;;;;;;;;;;;;;;;;;;Gene Press T;;;;;;;;;;;;;;;;;;;;;;
;;;;;;;;;;;;;;;;;;;;;;;;;;;;;;;;;;;;;;;;;;;;;;;;;;;;;;;;;;;;;;;;;;;;;;;;;;;;;;;;;Albatussin Pediatric;;;;;;;;;;;;;;;;;;;;;;
;;;;;;;;;;;;;;;;;;;;;;;;;;;;;;;;;;;;;;;;;;;;;;;;;;;;;;;;;;;;;;;;;;;;;;;;;;;;;;;;;FluTuss HC;;;;;;;;;;;;;;;;;;;;;;
;;;;;;;;;;;;;;;;;;;;;;;;;;;;;;;;;;;;;;;;;;;;;;;;;;;;;;;;;;;;;;;;;;;;;;;;;;;;;;;;;DuraTan PE;;;;;;;;;;;;;;;;;;;;;;
;;;;;;;;;;;;;;;;;;;;;;;;;;;;;;;;;;;;;;;;;;;;;;;;;;;;;;;;;;;;;;;;;;;;;;;;;;;;;;;;;Conal;;;;;;;;;;;;;;;;;;;;;;
;;;;;;;;;;;;;;;;;;;;;;;;;;;;;;;;;;;;;;;;;;;;;;;;;;;;;;;;;;;;;;;;;;;;;;;;;;;;;;;;;Duramax;;;;;;;;;;;;;;;;;;;;;;
;;;;;;;;;;;;;;;;;;;;;;;;;;;;;;;;;;;;;;;;;;;;;;;;;;;;;;;;;;;;;;;;;;;;;;;;;;;;;;;;;Tylenol Sinus Congestion and Pain Daytime;;;;;;;;;;;;;;;;;;;;;;
;;;;;;;;;;;;;;;;;;;;;;;;;;;;;;;;;;;;;;;;;;;;;;;;;;;;;;;;;;;;;;;;;;;;;;;;;;;;;;;;;Zicam Cough Plus D;;;;;;;;;;;;;;;;;;;;;;
;;;;;;;;;;;;;;;;;;;;;;;;;;;;;;;;;;;;;;;;;;;;;;;;;;;;;;;;;;;;;;;;;;;;;;;;;;;;;;;;;MyDocs;;;;;;;;;;;;;;;;;;;;;;
;;;;;;;;;;;;;;;;;;;;;;;;;;;;;;;;;;;;;;;;;;;;;;;;;;;;;;;;;;;;;;;;;;;;;;;;;;;;;;;;;Re-Drylex;;;;;;;;;;;;;;;;;;;;;;
;;;;;;;;;;;;;;;;;;;;;;;;;;;;;;;;;;;;;;;;;;;;;;;;;;;;;;;;;;;;;;;;;;;;;;;;;;;;;;;;;Phenyl-T;;;;;;;;;;;;;;;;;;;;;;
;;;;;;;;;;;;;;;;;;;;;;;;;;;;;;;;;;;;;;;;;;;;;;;;;;;;;;;;;;;;;;;;;;;;;;;;;;;;;;;;;Maxichlor PEH;;;;;;;;;;;;;;;;;;;;;;
;;;;;;;;;;;;;;;;;;;;;;;;;;;;;;;;;;;;;;;;;;;;;;;;;;;;;;;;;;;;;;;;;;;;;;;;;;;;;;;;;Lloydspharmacy Hot Lemon Cold Relief;;;;;;;;;;;;;;;;;;;;;;
;;;;;;;;;;;;;;;;;;;;;;;;;;;;;;;;;;;;;;;;;;;;;;;;;;;;;;;;;;;;;;;;;;;;;;;;;;;;;;;;;Numark Flu All-in-One Chesty Cough & Cold;;;;;;;;;;;;;;;;;;;;;;
;;;;;;;;;;;;;;;;;;;;;;;;;;;;;;;;;;;;;;;;;;;;;;;;;;;;;;;;;;;;;;;;;;;;;;;;;;;;;;;;;Galpharm Flu Strength All in One;;;;;;;;;;;;;;;;;;;;;;
;;;;;;;;;;;;;;;;;;;;;;;;;;;;;;;;;;;;;;;;;;;;;;;;;;;;;;;;;;;;;;;;;;;;;;;;;;;;;;;;;Sudafed n-Drowsy;;;;;;;;;;;;;;;;;;;;;;
;;;;;;;;;;;;;;;;;;;;;;;;;;;;;;;;;;;;;;;;;;;;;;;;;;;;;;;;;;;;;;;;;;;;;;;;;;;;;;;;;Sudafed SE;;;;;;;;;;;;;;;;;;;;;;
;;;;;;;;;;;;;;;;;;;;;;;;;;;;;;;;;;;;;;;;;;;;;;;;;;;;;;;;;;;;;;;;;;;;;;;;;;;;;;;;;Beechams Cold and Flu Hot Blackcurrant;;;;;;;;;;;;;;;;;;;;;;
;;;;;;;;;;;;;;;;;;;;;;;;;;;;;;;;;;;;;;;;;;;;;;;;;;;;;;;;;;;;;;;;;;;;;;;;;;;;;;;;;Lemsip Cough Max for Mucus Cough & Cold;;;;;;;;;;;;;;;;;;;;;;
;;;;;;;;;;;;;;;;;;;;;;;;;;;;;;;;;;;;;;;;;;;;;;;;;;;;;;;;;;;;;;;;;;;;;;;;;;;;;;;;;Boots Mucus Cough & Cold All in One Relief;;;;;;;;;;;;;;;;;;;;;;
;;;;;;;;;;;;;;;;;;;;;;;;;;;;;;;;;;;;;;;;;;;;;;;;;;;;;;;;;;;;;;;;;;;;;;;;;;;;;;;;;Sudafed Day;;;;;;;;;;;;;;;;;;;;;;
;;;;;;;;;;;;;;;;;;;;;;;;;;;;;;;;;;;;;;;;;;;;;;;;;;;;;;;;;;;;;;;;;;;;;;;;;;;;;;;;;Beechams Max Strength All in One Hot Cranberry and Blackcurrant;;;;;;;;;;;;;;;;;;;;;;
;;;;;;;;;;;;;;;;;;;;;;;;;;;;;;;;;;;;;;;;;;;;;;;;;;;;;;;;;;;;;;;;;;;;;;;;;;;;;;;;;Galpharm Max Strength Cold & Flu;;;;;;;;;;;;;;;;;;;;;;
;;;;;;;;;;;;;;;;;;;;;;;;;;;;;;;;;;;;;;;;;;;;;;;;;;;;;;;;;;;;;;;;;;;;;;;;;;;;;;;;;Numark Max-Strength Cold and Flu;;;;;;;;;;;;;;;;;;;;;;
;;;;;;;;;;;;;;;;;;;;;;;;;;;;;;;;;;;;;;;;;;;;;;;;;;;;;;;;;;;;;;;;;;;;;;;;;;;;;;;;;Sudafed Congestion & Headache Relief Max Strength;;;;;;;;;;;;;;;;;;;;;;
;;;;;;;;;;;;;;;;;;;;;;;;;;;;;;;;;;;;;;;;;;;;;;;;;;;;;;;;;;;;;;;;;;;;;;;;;;;;;;;;;Numark Max-Strength Congestion Relief;;;;;;;;;;;;;;;;;;;;;;
;;;;;;;;;;;;;;;;;;;;;;;;;;;;;;;;;;;;;;;;;;;;;;;;;;;;;;;;;;;;;;;;;;;;;;;;;;;;;;;;;Boots Cold & Flu Max Relief;;;;;;;;;;;;;;;;;;;;;;
;;;;;;;;;;;;;;;;;;;;;;;;;;;;;;;;;;;;;;;;;;;;;;;;;;;;;;;;;;;;;;;;;;;;;;;;;;;;;;;;;Beechams Flu-Plus;;;;;;;;;;;;;;;;;;;;;;
;;;;;;;;;;;;;;;;;;;;;;;;;;;;;;;;;;;;;;;;;;;;;;;;;;;;;;;;;;;;;;;;;;;;;;;;;;;;;;;;;Mydrephrine;;;;;;;;;;;;;;;;;;;;;;
;;;;;;;;;;;;;;;;;;;;;;;;;;;;;;;;;;;;;;;;;;;;;;;;;;;;;;;;;;;;;;;;;;;;;;;;;;;;;;;;;Meiduoli;;;;;;;;;;;;;;;;;;;;;;
;;;;;;;;;;;;;;;;;;;;;;;;;;;;;;;;;;;;;;;;;;;;;;;;;;;;;;;;;;;;;;;;;;;;;;;;;;;;;;;;;Triscon;;;;;;;;;;;;;;;;;;;;;;
;;;;;;;;;;;;;;;;;;;;;;;;;;;;;;;;;;;;;;;;;;;;;;;;;;;;;;;;;;;;;;;;;;;;;;;;;;;;;;;;;Echotuss-HC;;;;;;;;;;;;;;;;;;;;;;
;;;;;;;;;;;;;;;;;;;;;;;;;;;;;;;;;;;;;;;;;;;;;;;;;;;;;;;;;;;;;;;;;;;;;;;;;;;;;;;;;Alka-Seltzer Plus Cold Reformulated Oct 2009;;;;;;;;;;;;;;;;;;;;;;
;;;;;;;;;;;;;;;;;;;;;;;;;;;;;;;;;;;;;;;;;;;;;;;;;;;;;;;;;;;;;;;;;;;;;;;;;;;;;;;;;Donatuss DC;;;;;;;;;;;;;;;;;;;;;;
;;;;;;;;;;;;;;;;;;;;;;;;;;;;;;;;;;;;;;;;;;;;;;;;;;;;;;;;;;;;;;;;;;;;;;;;;;;;;;;;;PediaCare Children's Multi-Symptom Cold;;;;;;;;;;;;;;;;;;;;;;
;;;;;;;;;;;;;;;;;;;;;;;;;;;;;;;;;;;;;;;;;;;;;;;;;;;;;;;;;;;;;;;;;;;;;;;;;;;;;;;;;Contac Cold and Flu Maximum Strength;;;;;;;;;;;;;;;;;;;;;;
;;;;;;;;;;;;;;;;;;;;;;;;;;;;;;;;;;;;;;;;;;;;;;;;;;;;;;;;;;;;;;;;;;;;;;;;;;;;;;;;;Accuhist Drops Reformulated Feb 2010;;;;;;;;;;;;;;;;;;;;;;
;;;;;;;;;;;;;;;;;;;;;;;;;;;;;;;;;;;;;;;;;;;;;;;;;;;;;;;;;;;;;;;;;;;;;;;;;;;;;;;;;Accuhist PDX Drops Reformulated Feb 2010;;;;;;;;;;;;;;;;;;;;;;
;;;;;;;;;;;;;;;;;;;;;;;;;;;;;;;;;;;;;;;;;;;;;;;;;;;;;;;;;;;;;;;;;;;;;;;;;;;;;;;;;Preparation H Cream;;;;;;;;;;;;;;;;;;;;;;
;;;;;;;;;;;;;;;;;;;;;;;;;;;;;;;;;;;;;;;;;;;;;;;;;;;;;;;;;;;;;;;;;;;;;;;;;;;;;;;;;Preparation H Suppositories;;;;;;;;;;;;;;;;;;;;;;
;;;;;;;;;;;;;;;;;;;;;;;;;;;;;;;;;;;;;;;;;;;;;;;;;;;;;;;;;;;;;;;;;;;;;;;;;;;;;;;;;Rynatan Pediatric Reformulated Feb 2008;;;;;;;;;;;;;;;;;;;;;;
;;;;;;;;;;;;;;;;;;;;;;;;;;;;;;;;;;;;;;;;;;;;;;;;;;;;;;;;;;;;;;;;;;;;;;;;;;;;;;;;;Pyril DM;;;;;;;;;;;;;;;;;;;;;;
;;;;;;;;;;;;;;;;;;;;;;;;;;;;;;;;;;;;;;;;;;;;;;;;;;;;;;;;;;;;;;;;;;;;;;;;;;;;;;;;;Theraflu Warming Relief;;;;;;;;;;;;;;;;;;;;;;
;;;;;;;;;;;;;;;;;;;;;;;;;;;;;;;;;;;;;;;;;;;;;;;;;;;;;;;;;;;;;;;;;;;;;;;;;;;;;;;;;Q Hist LA;;;;;;;;;;;;;;;;;;;;;;
;;;;;;;;;;;;;;;;;;;;;;;;;;;;;;;;;;;;;;;;;;;;;;;;;;;;;;;;;;;;;;;;;;;;;;;;;;;;;;;;;Rescon Reformulated Jul 2010;;;;;;;;;;;;;;;;;;;;;;
;;;;;;;;;;;;;;;;;;;;;;;;;;;;;;;;;;;;;;;;;;;;;;;;;;;;;;;;;;;;;;;;;;;;;;;;;;;;;;;;;Carbatab;;;;;;;;;;;;;;;;;;;;;;
;;;;;;;;;;;;;;;;;;;;;;;;;;;;;;;;;;;;;;;;;;;;;;;;;;;;;;;;;;;;;;;;;;;;;;;;;;;;;;;;;Onset Forte;;;;;;;;;;;;;;;;;;;;;;
;;;;;;;;;;;;;;;;;;;;;;;;;;;;;;;;;;;;;;;;;;;;;;;;;;;;;;;;;;;;;;;;;;;;;;;;;;;;;;;;;Bactimicina Cough & Cold;;;;;;;;;;;;;;;;;;;;;;
;;;;;;;;;;;;;;;;;;;;;;;;;;;;;;;;;;;;;;;;;;;;;;;;;;;;;;;;;;;;;;;;;;;;;;;;;;;;;;;;;Wal-Flu Severe Cold and Cough;;;;;;;;;;;;;;;;;;;;;;
;;;;;;;;;;;;;;;;;;;;;;;;;;;;;;;;;;;;;;;;;;;;;;;;;;;;;;;;;;;;;;;;;;;;;;;;;;;;;;;;;Mintuss;;;;;;;;;;;;;;;;;;;;;;
;;;;;;;;;;;;;;;;;;;;;;;;;;;;;;;;;;;;;;;;;;;;;;;;;;;;;;;;;;;;;;;;;;;;;;;;;;;;;;;;;Dayquil Cold & Flu;;;;;;;;;;;;;;;;;;;;;;
;;;;;;;;;;;;;;;;;;;;;;;;;;;;;;;;;;;;;;;;;;;;;;;;;;;;;;;;;;;;;;;;;;;;;;;;;;;;;;;;;Robitussin Multi-Symptom;;;;;;;;;;;;;;;;;;;;;;
;;;;;;;;;;;;;;;;;;;;;;;;;;;;;;;;;;;;;;;;;;;;;;;;;;;;;;;;;;;;;;;;;;;;;;;;;;;;;;;;;Theraflu Cold & Cough Strip;;;;;;;;;;;;;;;;;;;;;;
;;;;;;;;;;;;;;;;;;;;;;;;;;;;;;;;;;;;;;;;;;;;;;;;;;;;;;;;;;;;;;;;;;;;;;;;;;;;;;;;;Refresh Redness Relief;;;;;;;;;;;;;;;;;;;;;;
;;;;;;;;;;;;;;;;;;;;;;;;;;;;;;;;;;;;;;;;;;;;;;;;;;;;;;;;;;;;;;;;;;;;;;;;;;;;;;;;;Wal-Tap Children's Cold & Allergy;;;;;;;;;;;;;;;;;;;;;;
;;;;;;;;;;;;;;;;;;;;;;;;;;;;;;;;;;;;;;;;;;;;;;;;;;;;;;;;;;;;;;;;;;;;;;;;;;;;;;;;;Panatuss DXP Pediatric;;;;;;;;;;;;;;;;;;;;;;
;;;;;;;;;;;;;;;;;;;;;;;;;;;;;;;;;;;;;;;;;;;;;;;;;;;;;;;;;;;;;;;;;;;;;;;;;;;;;;;;;Neotuss Improved;;;;;;;;;;;;;;;;;;;;;;
;;;;;;;;;;;;;;;;;;;;;;;;;;;;;;;;;;;;;;;;;;;;;;;;;;;;;;;;;;;;;;;;;;;;;;;;;;;;;;;;;Cardec DM Drops Reformulated Mar 2011;;;;;;;;;;;;;;;;;;;;;;
;;;;;;;;;;;;;;;;;;;;;;;;;;;;;;;;;;;;;;;;;;;;;;;;;;;;;;;;;;;;;;;;;;;;;;;;;;;;;;;;;Cardec DM Reformulated Mar 2011;;;;;;;;;;;;;;;;;;;;;;
;;;;;;;;;;;;;;;;;;;;;;;;;;;;;;;;;;;;;;;;;;;;;;;;;;;;;;;;;;;;;;;;;;;;;;;;;;;;;;;;;Counteract Day;;;;;;;;;;;;;;;;;;;;;;
;;;;;;;;;;;;;;;;;;;;;;;;;;;;;;;;;;;;;;;;;;;;;;;;;;;;;;;;;;;;;;;;;;;;;;;;;;;;;;;;;Counteract Night;;;;;;;;;;;;;;;;;;;;;;
;;;;;;;;;;;;;;;;;;;;;;;;;;;;;;;;;;;;;;;;;;;;;;;;;;;;;;;;;;;;;;;;;;;;;;;;;;;;;;;;;Robitussin Peak Cold Maximum Strength Multi-Symptom Cold;;;;;;;;;;;;;;;;;;;;;;
;;;;;;;;;;;;;;;;;;;;;;;;;;;;;;;;;;;;;;;;;;;;;;;;;;;;;;;;;;;;;;;;;;;;;;;;;;;;;;;;;Wal-Flu Cold and Sore Throat;;;;;;;;;;;;;;;;;;;;;;
;;;;;;;;;;;;;;;;;;;;;;;;;;;;;;;;;;;;;;;;;;;;;;;;;;;;;;;;;;;;;;;;;;;;;;;;;;;;;;;;;Kids-Eeze Cough & Cold;;;;;;;;;;;;;;;;;;;;;;
;;;;;;;;;;;;;;;;;;;;;;;;;;;;;;;;;;;;;;;;;;;;;;;;;;;;;;;;;;;;;;;;;;;;;;;;;;;;;;;;;Mucinex Fast-Max Severe Congestion and Cough;;;;;;;;;;;;;;;;;;;;;;
;;;;;;;;;;;;;;;;;;;;;;;;;;;;;;;;;;;;;;;;;;;;;;;;;;;;;;;;;;;;;;;;;;;;;;;;;;;;;;;;;Rx-Act Flu & Severe Cold & Cough;;;;;;;;;;;;;;;;;;;;;;
;;;;;;;;;;;;;;;;;;;;;;;;;;;;;;;;;;;;;;;;;;;;;;;;;;;;;;;;;;;;;;;;;;;;;;;;;;;;;;;;;Panadol Cold & Flu Non Drowsy;;;;;;;;;;;;;;;;;;;;;;
;;;;;;;;;;;;;;;;;;;;;;;;;;;;;;;;;;;;;;;;;;;;;;;;;;;;;;;;;;;;;;;;;;;;;;;;;;;;;;;;;Robitussin Peak Cold Nighttime Nasal Relief;;;;;;;;;;;;;;;;;;;;;;
;;;;;;;;;;;;;;;;;;;;;;;;;;;;;;;;;;;;;;;;;;;;;;;;;;;;;;;;;;;;;;;;;;;;;;;;;;;;;;;;;Wal-Phed Cold & Cough;;;;;;;;;;;;;;;;;;;;;;
;;;;;;;;;;;;;;;;;;;;;;;;;;;;;;;;;;;;;;;;;;;;;;;;;;;;;;;;;;;;;;;;;;;;;;;;;;;;;;;;;Vanacof-PE;;;;;;;;;;;;;;;;;;;;;;
;;;;;;;;;;;;;;;;;;;;;;;;;;;;;;;;;;;;;;;;;;;;;;;;;;;;;;;;;;;;;;;;;;;;;;;;;;;;;;;;;Sudafed Non-Drowsy Dual Relief;;;;;;;;;;;;;;;;;;;;;;
;;;;;;;;;;;;;;;;;;;;;;;;;;;;;;;;;;;;;;;;;;;;;;;;;;;;;;;;;;;;;;;;;;;;;;;;;;;;;;;;;Cheon;;;;;;;;;;;;;;;;;;;;;;
;;;;;;;;;;;;;;;;;;;;;;;;;;;;;;;;;;;;;;;;;;;;;;;;;;;;;;;;;;;;;;;;;;;;;;;;;;;;;;;;;Duo Medihaler;;;;;;;;;;;;;;;;;;;;;;
;;;;;;;;;;;;;;;;;;;;;;;;;;;;;;;;;;;;;;;;;;;;;;;;;;;;;;;;;;;;;;;;;;;;;;;;;;;;;;;;;Fenipectum;;;;;;;;;;;;;;;;;;;;;;
;;;;;;;;;;;;;;;;;;;;;;;;;;;;;;;;;;;;;;;;;;;;;;;;;;;;;;;;;;;;;;;;;;;;;;;;;;;;;;;;;Extracort;;;;;;;;;;;;;;;;;;;;;;
;;;;;;;;;;;;;;;;;;;;;;;;;;;;;;;;;;;;;;;;;;;;;;;;;;;;;;;;;;;;;;;;;;;;;;;;;;;;;;;;;Noflu;;;;;;;;;;;;;;;;;;;;;;
;;;;;;;;;;;;;;;;;;;;;;;;;;;;;;;;;;;;;;;;;;;;;;;;;;;;;;;;;;;;;;;;;;;;;;;;;;;;;;;;;Recto Betnesol;;;;;;;;;;;;;;;;;;;;;;
;;;;;;;;;;;;;;;;;;;;;;;;;;;;;;;;;;;;;;;;;;;;;;;;;;;;;;;;;;;;;;;;;;;;;;;;;;;;;;;;;Vistosan;;;;;;;;;;;;;;;;;;;;;;
;;;;;;;;;;;;;;;;;;;;;;;;;;;;;;;;;;;;;;;;;;;;;;;;;;;;;;;;;;;;;;;;;;;;;;;;;;;;;;;;;Dristan Cold Multi Symptom;;;;;;;;;;;;;;;;;;;;;;
;;;;;;;;;;;;;;;;;;;;;;;;;;;;;;;;;;;;;;;;;;;;;;;;;;;;;;;;;;;;;;;;;;;;;;;;;;;;;;;;;Stona Cough;;;;;;;;;;;;;;;;;;;;;;
;;;;;;;;;;;;;;;;;;;;;;;;;;;;;;;;;;;;;;;;;;;;;;;;;;;;;;;;;;;;;;;;;;;;;;;;;;;;;;;;;Carbaphen;;;;;;;;;;;;;;;;;;;;;;
;;;;;;;;;;;;;;;;;;;;;;;;;;;;;;;;;;;;;;;;;;;;;;;;;;;;;;;;;;;;;;;;;;;;;;;;;;;;;;;;;Carbaphen 12;;;;;;;;;;;;;;;;;;;;;;
;;;;;;;;;;;;;;;;;;;;;;;;;;;;;;;;;;;;;;;;;;;;;;;;;;;;;;;;;;;;;;;;;;;;;;;;;;;;;;;;;Phenclor Tannate;;;;;;;;;;;;;;;;;;;;;;
;;;;;;;;;;;;;;;;;;;;;;;;;;;;;;;;;;;;;;;;;;;;;;;;;;;;;;;;;;;;;;;;;;;;;;;;;;;;;;;;;Robitussin Night Time Cough and Cold;;;;;;;;;;;;;;;;;;;;;;
;;;;;;;;;;;;;;;;;;;;;;;;;;;;;;;;;;;;;;;;;;;;;;;;;;;;;;;;;;;;;;;;;;;;;;;;;;;;;;;;;Dilotab;;;;;;;;;;;;;;;;;;;;;;
;;;;;;;;;;;;;;;;;;;;;;;;;;;;;;;;;;;;;;;;;;;;;;;;;;;;;;;;;;;;;;;;;;;;;;;;;;;;;;;;;Scot Tussin Cold & Allergy;;;;;;;;;;;;;;;;;;;;;;
;;;;;;;;;;;;;;;;;;;;;;;;;;;;;;;;;;;;;;;;;;;;;;;;;;;;;;;;;;;;;;;;;;;;;;;;;;;;;;;;;Vanacof GPE;;;;;;;;;;;;;;;;;;;;;;
;;;;;;;;;;;;;;;;;;;;;;;;;;;;;;;;;;;;;;;;;;;;;;;;;;;;;;;;;;;;;;;;;;;;;;;;;;;;;;;;;Mucinex Sinus-Max Night;;;;;;;;;;;;;;;;;;;;;;
;;;;;;;;;;;;;;;;;;;;;;;;;;;;;;;;;;;;;;;;;;;;;;;;;;;;;;;;;;;;;;;;;;;;;;;;;;;;;;;;;BYECOLD;;;;;;;;;;;;;;;;;;;;;;
;;;;;;;;;;;;;;;;;;;;;;;;;;;;;;;;;;;;;;;;;;;;;;;;;;;;;;;;;;;;;;;;;;;;;;;;;;;;;;;;;PHEBROMINE-A;;;;;;;;;;;;;;;;;;;;;;
;;;;;;;;;;;;;;;;;;;;;;;;;;;;;;;;;;;;;;;;;;;;;;;;;;;;;;;;;;;;;;;;;;;;;;;;;;;;;;;;;PHENYLEPRINE HCL HANA;;;;;;;;;;;;;;;;;;;;;;
;;;;;;;;;;;;;;;;;;;;;;;;;;;;;;;;;;;;;;;;;;;;;;;;;;;;;;;;;;;;;;;;;;;;;;;;;;;;;;;;;Wal-Phed PE Non-Drying Sinus;;;;;;;;;;;;;;;;;;;;;;
;;;;;;;;;;;;;;;;;;;;;;;;;;;;;;;;;;;;;;;;;;;;;;;;;;;;;;;;;;;;;;;;;;;;;;;;;;;;;;;;;Ah-Chew D Suspension;;;;;;;;;;;;;;;;;;;;;;
;;;;;;;;;;;;;;;;;;;;;;;;;;;;;;;;;;;;;;;;;;;;;;;;;;;;;;;;;;;;;;;;;;;;;;;;;;;;;;;;;Nasop Suspension;;;;;;;;;;;;;;;;;;;;;;
;;;;;;;;;;;;;;;;;;;;;;;;;;;;;;;;;;;;;;;;;;;;;;;;;;;;;;;;;;;;;;;;;;;;;;;;;;;;;;;;;Scot-Tussin Multisymptom Cold and Allergy;;;;;;;;;;;;;;;;;;;;;;
;;;;;;;;;;;;;;;;;;;;;;;;;;;;;;;;;;;;;;;;;;;;;;;;;;;;;;;;;;;;;;;;;;;;;;;;;;;;;;;;;Baczol Cold Medicine;;;;;;;;;;;;;;;;;;;;;;
;;;;;;;;;;;;;;;;;;;;;;;;;;;;;;;;;;;;;;;;;;;;;;;;;;;;;;;;;;;;;;;;;;;;;;;;;;;;;;;;;Sudafed PE Pressure Plus Pain Plus Cough;;;;;;;;;;;;;;;;;;;;;;
;;;;;;;;;;;;;;;;;;;;;;;;;;;;;;;;;;;;;;;;;;;;;;;;;;;;;;;;;;;;;;;;;;;;;;;;;;;;;;;;;PHENYLEPHRINE AGUETTANT;;;;;;;;;;;;;;;;;;;;;;
;;;;;;;;;;;;;;;;;;;;;;;;;;;;;;;;;;;;;;;;;;;;;;;;;;;;;;;;;;;;;;;;;;;;;;;;;;;;;;;;;PHENYLEPHRINE RENAUDIN;;;;;;;;;;;;;;;;;;;;;;
;;;;;;;;;;;;;;;;;;;;;;;;;;;;;;;;;;;;;;;;;;;;;;;;;;;;;;;;;;;;;;;;;;;;;;;;;;;;;;;;;HEXARHUME;;;;;;;;;;;;;;;;;;;;;;
;;;;;;;;;;;;;;;;;;;;;;;;;;;;;;;;;;;;;;;;;;;;;;;;;;;;;;;;;;;;;;;;;;;;;;;;;;;;;;;;;Benadryl Pe Chesty Cough And Nasal Congestion;;;;;;;;;;;;;;;;;;;;;;
;;;;;;;;;;;;;;;;;;;;;;;;;;;;;;;;;;;;;;;;;;;;;;;;;;;;;;;;;;;;;;;;;;;;;;;;;;;;;;;;;Benadryl Pe Dry Cough And Nasal Congestion;;;;;;;;;;;;;;;;;;;;;;
;;;;;;;;;;;;;;;;;;;;;;;;;;;;;;;;;;;;;;;;;;;;;;;;;;;;;;;;;;;;;;;;;;;;;;;;;;;;;;;;;Benadryl Pe For The Family Chesty Cough And Nasal Congestion;;;;;;;;;;;;;;;;;;;;;;
;;;;;;;;;;;;;;;;;;;;;;;;;;;;;;;;;;;;;;;;;;;;;;;;;;;;;;;;;;;;;;;;;;;;;;;;;;;;;;;;;Co-Phenylcaine;;;;;;;;;;;;;;;;;;;;;;
;;;;;;;;;;;;;;;;;;;;;;;;;;;;;;;;;;;;;;;;;;;;;;;;;;;;;;;;;;;;;;;;;;;;;;;;;;;;;;;;;Cold And Allergy Syrup;;;;;;;;;;;;;;;;;;;;;;
;;;;;;;;;;;;;;;;;;;;;;;;;;;;;;;;;;;;;;;;;;;;;;;;;;;;;;;;;;;;;;;;;;;;;;;;;;;;;;;;;Decongestant Pe;;;;;;;;;;;;;;;;;;;;;;
;;;;;;;;;;;;;;;;;;;;;;;;;;;;;;;;;;;;;;;;;;;;;;;;;;;;;;;;;;;;;;;;;;;;;;;;;;;;;;;;;Duro-Tuss Pe Chesty Cough Plus Nasal Decongestant;;;;;;;;;;;;;;;;;;;;;;
;;;;;;;;;;;;;;;;;;;;;;;;;;;;;;;;;;;;;;;;;;;;;;;;;;;;;;;;;;;;;;;;;;;;;;;;;;;;;;;;;Hayfever And Sinus Pain Relief Pe;;;;;;;;;;;;;;;;;;;;;;
;;;;;;;;;;;;;;;;;;;;;;;;;;;;;;;;;;;;;;;;;;;;;;;;;;;;;;;;;;;;;;;;;;;;;;;;;;;;;;;;;Head Cold Relief;;;;;;;;;;;;;;;;;;;;;;
;;;;;;;;;;;;;;;;;;;;;;;;;;;;;;;;;;;;;;;;;;;;;;;;;;;;;;;;;;;;;;;;;;;;;;;;;;;;;;;;;Head Cold And Allergy Elixir;;;;;;;;;;;;;;;;;;;;;;
;;;;;;;;;;;;;;;;;;;;;;;;;;;;;;;;;;;;;;;;;;;;;;;;;;;;;;;;;;;;;;;;;;;;;;;;;;;;;;;;;Expectalix;;;;;;;;;;;;;;;;;;;;;;
;;;;;;;;;;;;;;;;;;;;;;;;;;;;;;;;;;;;;;;;;;;;;;;;;;;;;;;;;;;;;;;;;;;;;;;;;;;;;;;;;Nasalate;;;;;;;;;;;;;;;;;;;;;;
;;;;;;;;;;;;;;;;;;;;;;;;;;;;;;;;;;;;;;;;;;;;;;;;;;;;;;;;;;;;;;;;;;;;;;;;;;;;;;;;;Phenylephrine Hydrochloride Minims;;;;;;;;;;;;;;;;;;;;;;
;;;;;;;;;;;;;;;;;;;;;;;;;;;;;;;;;;;;;;;;;;;;;;;;;;;;;;;;;;;;;;;;;;;;;;;;;;;;;;;;;Paedamin Children'S Decongestant And Antihistamine;;;;;;;;;;;;;;;;;;;;;;
;;;;;;;;;;;;;;;;;;;;;;;;;;;;;;;;;;;;;;;;;;;;;;;;;;;;;;;;;;;;;;;;;;;;;;;;;;;;;;;;;Sinutab Pe Sinus Allergy And Pain Relief;;;;;;;;;;;;;;;;;;;;;;
;;;;;;;;;;;;;;;;;;;;;;;;;;;;;;;;;;;;;;;;;;;;;;;;;;;;;;;;;;;;;;;;;;;;;;;;;;;;;;;;;Tukol;;;;;;;;;;;;;;;;;;;;;;
;;;;;;;;;;;;;;;;;;;;;;;;;;;;;;;;;;;;;;;;;;;;;;;;;;;;;;;;;;;;;;;;;;;;;;;;;;;;;;;;;Tylenol Children's Plus Cold Reformulated Mar 2013;;;;;;;;;;;;;;;;;;;;;;
;;;;;;;;;;;;;;;;;;;;;;;;;;;;;;;;;;;;;;;;;;;;;;;;;;;;;;;;;;;;;;;;;;;;;;;;;;;;;;;;;Delsym Children's Nighttime Cough and Cold Reformulated Apr 2013;;;;;;;;;;;;;;;;;;;;;;
;;;;;;;;;;;;;;;;;;;;;;;;;;;;;;;;;;;;;;;;;;;;;;;;;;;;;;;;;;;;;;;;;;;;;;;;;;;;;;;;;Delsym Cough Plus Cold Daytime;;;;;;;;;;;;;;;;;;;;;;
;;;;;;;;;;;;;;;;;;;;;;;;;;;;;;;;;;;;;;;;;;;;;;;;;;;;;;;;;;;;;;;;;;;;;;;;;;;;;;;;;Mucinex Fast-Max Night Time Cold and Flu;;;;;;;;;;;;;;;;;;;;;;
;;;;;;;;;;;;;;;;;;;;;;;;;;;;;;;;;;;;;;;;;;;;;;;;;;;;;;;;;;;;;;;;;;;;;;;;;;;;;;;;;Preparation H Reformulated Jun 2013;;;;;;;;;;;;;;;;;;;;;;
;;;;;;;;;;;;;;;;;;;;;;;;;;;;;;;;;;;;;;;;;;;;;;;;;;;;;;;;;;;;;;;;;;;;;;;;;;;;;;;;;Mucinex Sinus-Max Severe Congestion Relief;;;;;;;;;;;;;;;;;;;;;;
;;;;;;;;;;;;;;;;;;;;;;;;;;;;;;;;;;;;;;;;;;;;;;;;;;;;;;;;;;;;;;;;;;;;;;;;;;;;;;;;;Vanacof DM;;;;;;;;;;;;;;;;;;;;;;
;;;;;;;;;;;;;;;;;;;;;;;;;;;;;;;;;;;;;;;;;;;;;;;;;;;;;;;;;;;;;;;;;;;;;;;;;;;;;;;;;Nyquil Sinus;;;;;;;;;;;;;;;;;;;;;;
;;;;;;;;;;;;;;;;;;;;;;;;;;;;;;;;;;;;;;;;;;;;;;;;;;;;;;;;;;;;;;;;;;;;;;;;;;;;;;;;;Dayquil Severe Cold & Flu;;;;;;;;;;;;;;;;;;;;;;
;;;;;;;;;;;;;;;;;;;;;;;;;;;;;;;;;;;;;;;;;;;;;;;;;;;;;;;;;;;;;;;;;;;;;;;;;;;;;;;;;Neosynephrin-Pos;;;;;;;;;;;;;;;;;;;;;;
;;;;;;;;;;;;;;;;;;;;;;;;;;;;;;;;;;;;;;;;;;;;;;;;;;;;;;;;;;;;;;;;;;;;;;;;;;;;;;;;;Mydrane;;;;;;;;;;;;;;;;;;;;;;
;;;;;;;;;;;;;;;;;;;;;;;;;;;;;;;;;;;;;;;;;;;;;;;;;;;;;;;;;;;;;;;;;;;;;;;;;;;;;;;;;Allergy + Sinus Relief Extra Strength;;;;;;;;;;;;;;;;;;;;;;
;;;;;;;;;;;;;;;;;;;;;;;;;;;;;;;;;;;;;;;;;;;;;;;;;;;;;;;;;;;;;;;;;;;;;;;;;;;;;;;;;Biohisdex;;;;;;;;;;;;;;;;;;;;;;
;;;;;;;;;;;;;;;;;;;;;;;;;;;;;;;;;;;;;;;;;;;;;;;;;;;;;;;;;;;;;;;;;;;;;;;;;;;;;;;;;Grippe Extra Fort Nuit;;;;;;;;;;;;;;;;;;;;;;
;;;;;;;;;;;;;;;;;;;;;;;;;;;;;;;;;;;;;;;;;;;;;;;;;;;;;;;;;;;;;;;;;;;;;;;;;;;;;;;;;Extra Strength Cold;;;;;;;;;;;;;;;;;;;;;;
;;;;;;;;;;;;;;;;;;;;;;;;;;;;;;;;;;;;;;;;;;;;;;;;;;;;;;;;;;;;;;;;;;;;;;;;;;;;;;;;;Extra Strength Neocitran Total;;;;;;;;;;;;;;;;;;;;;;
;;;;;;;;;;;;;;;;;;;;;;;;;;;;;;;;;;;;;;;;;;;;;;;;;;;;;;;;;;;;;;;;;;;;;;;;;;;;;;;;;Extra Strength Nighttime Cold Relief Pe;;;;;;;;;;;;;;;;;;;;;;
;;;;;;;;;;;;;;;;;;;;;;;;;;;;;;;;;;;;;;;;;;;;;;;;;;;;;;;;;;;;;;;;;;;;;;;;;;;;;;;;;Extra Strength Nighttime Flu Pe;;;;;;;;;;;;;;;;;;;;;;
;;;;;;;;;;;;;;;;;;;;;;;;;;;;;;;;;;;;;;;;;;;;;;;;;;;;;;;;;;;;;;;;;;;;;;;;;;;;;;;;;Cold & Stuffy Nose;;;;;;;;;;;;;;;;;;;;;;
;;;;;;;;;;;;;;;;;;;;;;;;;;;;;;;;;;;;;;;;;;;;;;;;;;;;;;;;;;;;;;;;;;;;;;;;;;;;;;;;;Dayquil;;;;;;;;;;;;;;;;;;;;;;
;;;;;;;;;;;;;;;;;;;;;;;;;;;;;;;;;;;;;;;;;;;;;;;;;;;;;;;;;;;;;;;;;;;;;;;;;;;;;;;;;Nasal + Sinus Cold Formula;;;;;;;;;;;;;;;;;;;;;;
;;;;;;;;;;;;;;;;;;;;;;;;;;;;;;;;;;;;;;;;;;;;;;;;;;;;;;;;;;;;;;;;;;;;;;;;;;;;;;;;;Neocitran Extra Strength Cold & Congestion;;;;;;;;;;;;;;;;;;;;;;
;;;;;;;;;;;;;;;;;;;;;;;;;;;;;;;;;;;;;;;;;;;;;;;;;;;;;;;;;;;;;;;;;;;;;;;;;;;;;;;;;Neocitran Extra Strength Total Cold;;;;;;;;;;;;;;;;;;;;;;
;;;;;;;;;;;;;;;;;;;;;;;;;;;;;;;;;;;;;;;;;;;;;;;;;;;;;;;;;;;;;;;;;;;;;;;;;;;;;;;;;Nighttime Symptom Relief Extra Strength Symptoms Of Cold And Cough;;;;;;;;;;;;;;;;;;;;;;
;;;;;;;;;;;;;;;;;;;;;;;;;;;;;;;;;;;;;;;;;;;;;;;;;;;;;;;;;;;;;;;;;;;;;;;;;;;;;;;;;Novahistex C;;;;;;;;;;;;;;;;;;;;;;
;;;;;;;;;;;;;;;;;;;;;;;;;;;;;;;;;;;;;;;;;;;;;;;;;;;;;;;;;;;;;;;;;;;;;;;;;;;;;;;;;Hot Regular;;;;;;;;;;;;;;;;;;;;;;
;;;;;;;;;;;;;;;;;;;;;;;;;;;;;;;;;;;;;;;;;;;;;;;;;;;;;;;;;;;;;;;;;;;;;;;;;;;;;;;;;Kids Cold;;;;;;;;;;;;;;;;;;;;;;
;;;;;;;;;;;;;;;;;;;;;;;;;;;;;;;;;;;;;;;;;;;;;;;;;;;;;;;;;;;;;;;;;;;;;;;;;;;;;;;;;Rhume Extra Fort Nuit;;;;;;;;;;;;;;;;;;;;;;
;;;;;;;;;;;;;;;;;;;;;;;;;;;;;;;;;;;;;;;;;;;;;;;;;;;;;;;;;;;;;;;;;;;;;;;;;;;;;;;;;Pharmetapp;;;;;;;;;;;;;;;;;;;;;;
;;;;;;;;;;;;;;;;;;;;;;;;;;;;;;;;;;;;;;;;;;;;;;;;;;;;;;;;;;;;;;;;;;;;;;;;;;;;;;;;;Sinus Extra Fort Jour;;;;;;;;;;;;;;;;;;;;;;
;;;;;;;;;;;;;;;;;;;;;;;;;;;;;;;;;;;;;;;;;;;;;;;;;;;;;;;;;;;;;;;;;;;;;;;;;;;;;;;;;Alka-Seltzer Plus Severe Sinus Congestion Allergy and Cough;;;;;;;;;;;;;;;;;;;;;;
;;;;;;;;;;;;;;;;;;;;;;;;;;;;;;;;;;;;;;;;;;;;;;;;;;;;;;;;;;;;;;;;;;;;;;;;;;;;;;;;;Mucinex Fast-Max Cold & Flu Nighttime;;;;;;;;;;;;;;;;;;;;;;
;;;;;;;;;;;;;;;;;;;;;;;;;;;;;;;;;;;;;;;;;;;;;;;;;;;;;;;;;;;;;;;;;;;;;;;;;;;;;;;;;Duravent PE;;;;;;;;;;;;;;;;;;;;;;
;;;;;;;;;;;;;;;;;;;;;;;;;;;;;;;;;;;;;;;;;;;;;;;;;;;;;;;;;;;;;;;;;;;;;;;;;;;;;;;;;Qlearquil Nighttime;;;;;;;;;;;;;;;;;;;;;;
;;;;;;;;;;;;;;;;;;;;;;;;;;;;;;;;;;;;;;;;;;;;;;;;;;;;;;;;;;;;;;;;;;;;;;;;;;;;;;;;;Pediacare Nighttime Multi-Symptom Cold;;;;;;;;;;;;;;;;;;;;;;
;;;;;;;;;;;;;;;;;;;;;;;;;;;;;;;;;;;;;;;;;;;;;;;;;;;;;;;;;;;;;;;;;;;;;;;;;;;;;;;;;Alka-Seltzer Plus Cold Fast Crystal;;;;;;;;;;;;;;;;;;;;;;
;;;;;;;;;;;;;;;;;;;;;;;;;;;;;;;;;;;;;;;;;;;;;;;;;;;;;;;;;;;;;;;;;;;;;;;;;;;;;;;;;Coltalin ND;;;;;;;;;;;;;;;;;;;;;;
;;;;;;;;;;;;;;;;;;;;;;;;;;;;;;;;;;;;;;;;;;;;;;;;;;;;;;;;;;;;;;;;;;;;;;;;;;;;;;;;;Vazculep;;;;;;;;;;;;;;;;;;;;;;
